SOC (%),Voltage (V),Current (A),Battery Temp (°C),Ambient Temp (°C),Charging Duration (min),Degradation Rate (%),Charging Mode,Efficiency (%),Battery Type,Charging Cycles,EV Model,Optimal Charging Duration Class,temp_diff,voltage_current_ratio,efficiency_drop,degradation_slope,eff_temp_ratio,rolling_efficiency_mean_5,rolling_deg_rate_mean_5,rolling_temp_mean_5,rolling_deg_slope_5
1.1224932426803087,-1.4382452222720075,0.4552579197427247,0.6373288962188941,0.6471905794025827,0.1658625024364731,0.7630151758588138,0,-0.7630151758587947,1,101,0,1,-0.007319002122209314,-0.6201005046284697,0.00022811440484478703,-0.0002281144048447691,-0.8064439169532485,-0.2423824181890303,0.2423824181890564,0.2453875858752372,-0.001647505753724552
0.5211208259784502,1.2546268083267502,-1.314318169914063,-1.4437194381065064,0.38715439376356636,-0.321118056349281,-0.18627724949716007,1,0.18627724949719288,0,101,0,1,-1.2661468597190055,1.3116742813658784,0.6814423373181414,-0.6814423373181319,1.4112577423489947,-0.2423824181890303,0.2423824181890564,0.2453875858752372,-0.001647505753724552
1.0430269509816659,1.3254242992984322,0.8287903104814422,0.10075054849637259,0.7243014078080908,0.5752451693636991,1.0330799440682266,2,-1.0330799440682192,1,101,1,2,-0.43167704079565977,-0.6119393551436482,-0.8747851490338754,0.8747851490338576,-0.39011813911215276,-0.2423824181890303,0.2423824181890564,0.2453875858752372,-0.001647505753724552
1.285143181254422,0.6435124054398189,0.04631615036999146,-0.3432261982624124,0.4788513966421789,-1.1159799782211999,-0.40721699688054896,1,0.40721699688055457,0,103,2,0,-0.568746475237701,-0.3842793701306443,1.0337882010397745,-1.0337882010397763,0.41320855247244964,-0.2423824181890303,0.2423824181890564,0.2453875858752372,-0.001647505753724552
-1.282187343506042,1.5167037839376458,0.9279862435229496,1.5867555673210196,-0.934301323120211,-0.23980264917585223,-0.6706776950808148,2,0.6706776950808063,0,105,0,1,1.7437556513316739,-0.628815362461431,0.18928806052774372,-0.1892880605277539,-1.2722910490772807,-0.2423824181890303,0.2423824181890564,0.2453875858752372,-0.9622753698479587
0.11689978799222768,-1.1285587254079132,1.5421996389723407,-0.4083070012644112,-1.4827975434081364,-1.6986717000530378,-1.5041937433200012,2,1.5041937433200172,0,106,2,0,0.7440389481778278,-0.8227334394884946,0.5983609678025825,-0.5983609678025654,0.7732935883259279,0.767103765932353,-0.767103765932302,-0.24048656636659568,-1.3514831009184267
-1.333870597027575,1.590096586272841,0.5159072391935746,-0.9487102114703716,-1.0179472344415164,-0.39421763460462955,-1.1031583077744624,2,1.1031583077744709,0,106,0,1,0.04865735772485303,-0.5157466761600475,-0.2875557499648802,0.287555749964875,1.1819892708055246,1.17534967259925,-1.1753496725992338,-0.010471329779370837,-1.6718232773666968
-1.1185287330546092,0.3704997235431658,-0.06308722234254878,0.36612267313741675,-1.1382241179080026,1.471256364504883,0.8083064350423436,0,-0.8083064350423205,0,107,0,2,1.0409705337374557,-0.3476786290944889,-1.3714429688399277,1.371442968839939,-0.5725939103511504,1.275431208975828,-1.275431208975816,0.11283875970676245,0.6200092580071034
1.452630456656033,0.7829162573483396,-0.14005351346486977,-1.239463557556651,0.6266895701801164,0.4076325502333152,0.940602745587357,1,-0.940602745587347,1,108,1,2,-1.2907239316789834,-0.28737007751101484,-0.09470799376901994,0.09470799376901062,0.89971054046969,0.6753076838795771,-0.6753076838795176,-0.3036145852889773,1.7200408013550572
0.28842151235145685,0.6339599082728122,-0.3593462170588122,-0.41162122031277887,-0.9574554110630437,-1.2736337508285247,-1.0411629865481062,0,1.0411629865481062,1,108,0,0,0.37812492926207325,-0.16565998069083443,1.4223473341032389,-1.422347334103247,0.6503686432705024,0.8402681248837163,-0.8402681248837226,-1.2321974982209913,0.922119862389367
0.4902448271666244,0.294211487686804,0.5227943484274374,-1.0166185188856356,0.3725816660630665,-0.7377912432794328,-0.5282670467518371,1,0.528267046751807,0,109,2,1,-0.9607669729384373,-0.5694210333191906,-0.3678270809504724,0.36782708095045114,1.0894723229291055,0.4057318505391405,-0.40573185053914584,-1.5148607499652473,-0.21928607208414633
1.7113652123154006,-1.3742893129661773,1.0489486348179018,1.3776339880619806,-0.2508597553591207,-0.8053235945370738,0.2608963474608932,0,-0.26089634746092594,0,109,0,1,1.1261178982639464,-0.751539146305736,-0.5660771820254399,0.5660771820254383,-1.3332240486734812,-0.20162035119150598,0.20162035119145877,-0.43388168402940963,-0.7990867738113633
-0.22199334127123224,-0.015241649698599551,0.3191626501935839,0.11999672498336574,-0.47760372204508145,-1.1821617575588332,-1.1517446065168708,2,1.1517446065168606,1,110,2,0,0.4135443212058343,-0.5189524730465482,1.0139422071498767,-1.013942207149861,0.1811181998541019,0.6711022417239734,-0.6711022417239637,-0.5482486799329488,-0.8982951772070131
-1.3571454772847498,-1.7026436534730398,-1.5721572041742427,1.369618369153898,-1.5193265118657615,1.3585032609694219,0.6978453221900619,1,-0.6978453221900686,0,111,2,2,1.9985622581435334,2.000263066505883,-1.327041473277643,1.327041473277646,-1.4412344986532104,0.779191206503305,-0.779191206503279,0.6641097254365589,0.8862607693023049
-0.10095434232319259,0.041235209579974265,0.03002598183609271,-1.0740055713807928,1.4054309217205092,0.3432547550653657,0.14341911426136608,1,-0.1434191142613607,1,111,1,1,-1.7153442534474899,-0.40654416825939166,0.39808551672772563,-0.3980855167277172,0.9598456948747621,0.25175006307399667,-0.2517500630740506,0.3563205267221309,0.5521238666776515
-0.39630102547675755,-1.1021785715624404,-0.8284893755872254,0.6367398383952463,0.2717113965141851,-0.3626670339718452,-0.4495787513399676,0,0.44957875133993097,0,112,1,1,0.2521666811546291,0.11866297513087247,0.4257646186630997,-0.4257646186631301,-0.48220878889370683,0.21671370343452673,-0.21671370343450153,1.1245842140432005,-0.04077356127571974
0.9613665483585547,-0.9462537109161138,-0.7409515052668455,-1.0540897191991934,-0.5655834093795656,-1.5682852567451162,-1.044682273417884,2,1.0446822734178667,1,112,2,0,-0.33731063680245704,0.03799772074615704,0.4272756421392657,-0.4272756421392521,1.268116025956287,0.7980291565065133,-0.7980291565065152,-0.005361398569773851,-0.291951561897711
0.3177663902964561,-1.6151892687136147,-0.295460866899658,-0.8353730343705972,-0.650324441373156,-0.4242975152290601,-0.3129694476585048,2,0.3129694476585118,1,114,1,1,-0.12743753123133478,-0.336414904444687,-0.5248505343670865,0.5248505343671042,0.8555778848395371,0.4245602947315502,-0.42456029473156875,-0.44929171219120445,-1.000038697291939
1.044310863490733,-0.5737739835219839,-1.3374484840761642,-0.4218701201482685,1.1670271226871787,1.3456488959829571,1.666566429315955,1,-1.6665664293159272,1,116,1,2,-1.0994501306132685,1.143179529175812,-1.4202909565826294,1.420290956582645,-0.07732378146361343,-0.006767654641771527,0.006767654641765651,-1.2817401324163602,0.9883991127665415
1.6938337509801547,0.524871387484182,-0.8779349617965906,0.7041696520902638,-1.1347517549708113,-1.1483334268433407,-0.12567093392304077,2,0.12567093392303672,0,116,2,0,1.2722892916885704,0.31495095156076175,1.2863413815755653,-1.2863413815755889,-0.6297530783936433,0.11304604387925545,-0.11304604387927583,-0.4554779685781818,1.0431940471109546
0.1449799548979011,1.5710140595587387,0.06502047341624166,0.4228749011242394,-0.8516252494916148,-0.70453945323004,-0.5139394889105303,2,0.5139394889105476,1,118,1,1,0.8818351896126487,-0.34776673282395854,0.27885043867789455,-0.2788504386778793,-0.26987509762661616,0.1417029862667957,-0.14170298626677938,-0.5548542862246052,0.38678848983610115
-1.5722163170168548,-0.7132209577941644,-0.40633038315358566,-0.7644003982497682,-0.8439508731424755,-0.7241447135687232,-1.4945508487793504,0,1.494550848779343,0,118,2,1,0.055653349979780005,-0.21632655801174275,0.7039168699982206,-0.7039168699982388,1.1114441566439546,0.34200923403076666,-0.3420092340307706,-0.420244759554197,-1.4149618708588196
0.3307789616101457,-0.8351650234522515,-0.45638318836068337,1.1775192574756095,-0.06498703953204304,-1.012220466686125,-0.6181408037881173,0,0.6181408037881096,0,119,0,1,0.8591063411302199,-0.1903371032929957,-0.628685560460121,0.6286855604601211,-0.9240660884388063,0.47788831654337005,-0.4778883165433797,0.5150830521714991,-1.8487620885520242
1.3868575686155922,-0.5459653714053035,0.6933954576742762,-1.1815300542749414,-0.6350280773537033,0.2905052324586535,0.810042017247083,1,-0.8100420172471001,0,120,2,1,-0.37735451405132925,-0.6471319252311518,-1.0246388545323404,1.0246388545323344,0.8797560362365185,0.8592601226579043,-0.8592601226579091,0.16209294598420065,0.5480501173534765
-1.5028900000250773,-0.2648934938145688,-1.6899794629337903,0.20776788124369494,-1.0050887850346022,-1.2058641319022942,-1.7879242855751685,2,1.7879242855751696,0,121,1,0,0.839334255076563,3.288171468711483,1.8645341478890294,-1.8645341478890176,0.27083518548810925,1.599386795064484,-1.5993867950644496,-0.06856936214994974,-0.07735016939200516
-1.4914655985716692,0.402837790144361,-1.698169749728805,1.153573087533349,1.374719486561417,1.4886651945238432,0.7257305142634954,0,-0.7257305142634956,0,122,0,2,-0.15396197339011133,3.5488437075828574,-1.8035758088195952,1.8035758088195954,-1.258031908318313,1.047417485801497,-1.047417485801531,0.27096312972477543,1.0157328481948211
1.5765903362010996,-0.8124388348747626,-0.057880751127268426,-1.6342084550858085,0.6151015542854499,0.8234165126415541,1.3306050234191444,2,-1.3306050234191256,1,122,0,2,-1.555625688710471,-0.4105244858282418,-0.43383109402083553,0.43383109402084935,1.176154932556258,-0.21049738778975025,0.21049738778968982,-0.1332093487120351,1.1844473916303568
0.008111718813919915,1.4516022788802692,-1.2501652063261683,-1.1280686425606565,-1.5156566723448026,-0.9721895477670924,-0.9845428074361335,1,0.9845428074361661,1,122,0,1,0.26914704721070737,1.1388434860447867,1.6615830229664188,-1.6615830229664101,1.323519289736531,-0.04735505124172111,0.04735505124179586,-1.2045436143444306,-0.14804082682695074
0.8176635745663654,-0.27134348264749436,1.2672501693585874,1.312120658379573,0.2834438271136598,0.06762127828752035,0.5983329842599288,0,-0.5983329842599131,0,122,2,1,0.7109972668100261,-0.75478100813248,-1.13564685268357,1.1356468526835584,-1.3644296020244908,0.04690946141353722,-0.04690946141354009,-0.0458224678015477,0.9508668101070429
1.393376333206995,1.5814771973858912,1.246547178581421,1.3478250064440518,-0.7310374078379714,-1.5037871398687956,-0.5213545539723098,2,0.5213545539723061,1,124,1,0,1.4378696768777275,-0.6934156050286762,0.8037182254489003,-0.8037182254489146,-1.1008784451322817,-0.5170370873422501,0.5170370873423139,0.48392626265730826,-1.0052367538999065
-1.2786633298257895,0.09687872148995452,-0.39321406795974834,1.4150283572802558,-0.5332359082179394,-0.8816797947599059,-1.260732700382018,2,1.2607327003820255,0,124,0,1,1.3474224211076755,-0.17543954151772514,0.5308074132512365,-0.5308074132512287,-0.9657451365990599,0.3674456585955188,-0.3674456585954846,0.6054163127246299,-1.4696504473762373
0.7835486391800764,-1.1044271239734782,0.7732487053404163,-0.6423773479211483,1.6505795540114994,1.416005914173651,1.5789112537996146,2,-1.5789112537996273,1,126,1,2,-1.5866038574371475,-0.6863485739304522,-2.037506305389864,2.037506305389851,0.15359981671099826,0.2568860595748918,-0.25688605957488414,1.0662890692171931,1.0148193505290237
1.1046324384789217,1.2365439577651203,-0.21328133764702473,1.7138103925056298,-0.29453198242430356,-1.4730968578479509,-0.5957944179837051,1,0.5957944179837251,1,127,0,0,1.3887751204614438,-0.22207099196694258,1.5608014369123855,-1.560801436912363,-1.4032065049570035,0.08379388225863,-0.08379388225855802,2.3868209773699687,-0.09122687676210836
0.8431337467454771,0.9164250735832667,1.634612974169351,1.674018418707455,0.17625201447965852,-1.4186724670845683,-0.6788492112454559,1,0.6788492112454239,1,128,2,0,1.0354039026035253,-0.778075952993536,0.05982840714896481,-0.05982840714900223,-1.34666249305582,0.6524656839888487,-0.6524656839888786,2.5549834973453613,0.10720459895429617
0.22320925979821776,-0.802596511252777,-1.6800069783018898,-0.666995982112321,-0.6547324908522311,1.0259362402782493,0.9546441337426006,2,-0.9546441337425933,1,130,1,2,-0.007972280444826509,3.0509569949409663,-1.171970114420973,1.171970114421002,0.3476331323741361,-0.004730161716079191,0.004730161716041043,1.6187594808496932,0.6742649998234278
0.9563176068966469,0.3397971315026625,-0.032840602832185845,-1.4814586701431185,0.17494898783141866,-1.2172624855275378,-0.778891326123376,1,0.7788913261233731,0,130,0,0,-1.1453585586730595,-0.3635349801580203,1.2442167733709097,-1.244216773370918,1.6130634947651856,-0.21927245913620647,0.21927245913622231,0.2728529541934901,-0.9861769048833282
-0.08444956696215143,-1.4352328681383084,1.6147346810287078,-0.35812944830277604,1.3179347271279247,1.6787642400745517,1.4208119841451163,2,-1.420811984145129,1,131,2,2,-1.1598332085659808,-0.8412529618655411,-1.5782835655787317,1.5782835655787255,-0.06997560210901943,-0.14887796346990465,0.14887796346985016,0.40493402331707784,1.2217706124443566
1.5132704112796074,0.7166942430525062,-1.4777334690991464,0.14638520816489475,-1.1505302378876194,-1.2548639301041618,-0.36811472605803847,2,0.3681147260580059,0,132,2,0,0.8975641589721288,1.9039668541355577,1.2839656500571217,-1.2839656500571368,-0.054533043707087295,-0.2502534924119557,0.25025349241193634,-0.3233992181841426,0.33666341376759745
0.11236251323512443,-0.27712943004939805,1.567431663668762,0.03891414609599342,1.5164054201309847,0.1342714452531976,0.1788748508572749,0,-0.17887485085728924,1,132,2,1,-1.022695507333793,-0.8019706164906626,-0.39229274600367803,0.39229274600369135,-0.10258923635767499,-0.6321594487429951,0.6321594487429342,-1.0831808058230425,-0.35648307420835523
0.22776825730453085,1.2155615814777005,-1.662754461958665,0.2633404700573699,-0.35226830997713976,0.9012703225921206,0.944294416236563,0,-0.9442944162365339,1,136,2,2,0.4258981243309331,3.353587945721996,-0.5490385609685768,0.5490385609686084,-0.5152884409123516,-0.6275511849241422,0.62755118492414,-0.6508826836128289,0.6840448119487413
1.3237008798437961,-0.10614565299127277,-0.8966836066567411,-0.19742239223407113,-1.3839720558291821,-1.4917129154125772,-0.7086622285176524,2,0.7086622285176722,0,137,1,0,0.8214390089489697,0.28593158206129016,1.1863932477075219,-1.1863932477075292,0.3579113634788835,-0.6588210441578753,0.6588210441579184,-0.05423136408716588,-0.9181725766275087
0.8072129562673446,1.5972663170078236,-0.14472731003219919,1.5741294246711568,-1.6340091138825756,0.8305878585583316,1.3027977236322492,1,-1.3027977236322923,0,137,0,2,2.219338197100317,-0.24150792851861652,-1.4431997394634852,1.4431997394634406,-1.778956618057865,-0.6062746005949307,0.606274600594971,0.8436286310388684,0.7617620748107292
-0.8565699443949315,-1.2689110364597789,0.42122545991695,-0.5662447037988535,1.6448857771335128,-1.533861576443349,-1.8481888228964902,0,1.8481888228964878,1,138,0,0,-1.5300255071736186,-0.6035418770130366,2.261382627355806,-2.2613826273557778,1.017814004752928,0.05273584153730952,-0.05273584153732412,0.5124918986725379,-1.1511764140539786
1.520971779843097,0.5285280016918439,0.8773810434193234,-0.20653742258785576,-1.452031539633066,-0.540525413937082,0.23642942614990242,2,-0.2364294261499009,0,138,1,1,0.8622452552408403,-0.6515665389224544,-1.4956982857899965,1.49569828579,0.11013960452370121,0.02710937716550017,-0.02710937716547226,0.39843826572274,-0.79646355540879
-0.4688644681582763,0.5519566393718642,-0.03469619995493124,-0.9748456555004225,0.4046604624961635,-0.5697553833275262,-0.8411672256880932,1,0.8411672256880744,1,140,2,1,-0.9540894144541519,-0.35196710954102206,0.7735137176482252,-0.7735137176482403,1.1351993846748116,0.8220951610315778,-0.8220951610315709,-0.17690792841707553,-0.4157745429530766
-1.4539747478904674,0.75835679738741,-1.1261669382496091,1.1987905755416424,1.3721994521584446,0.30492024032048076,-0.30889609317489175,0,0.308896093174881,1,140,0,1,-0.12095479215926011,0.7543751242849029,-0.3817307596251285,0.3817307596251344,-1.0247129735538105,0.6440972768955595,-0.644097276895566,0.4718683747873663,-0.6910511903737422
-1.2658621575095947,-1.4983831860147907,-1.728816540680827,-0.9487305109439037,0.8971177294516662,-1.5868088127805955,-2.135619728082589,0,2.1356197280825726,1,141,1,0,-1.2768945738138375,3.4191381958150853,1.3110888019999718,-1.3110888019999767,1.4660371316972642,2.1750699558514737,-2.1750699558514657,-0.7004253800389145,-0.35008330555964684
0.41643829600773924,0.6519672285395907,1.5867228072663588,-0.7145784385617472,-0.28884208576871934,0.5828156285857758,0.6478336878565747,0,-0.6478336878565644,1,143,0,2,-0.29412625154104516,-0.7784072308494046,-1.9971838580369308,1.997183858036951,0.476763908002683,1.0637033682615624,-1.0637033682615742,-0.7693514065843408,-0.1483530099879136
-0.3897143623957518,0.4809464446514941,-1.6634825704001845,-1.415320875089589,0.09513388790238989,1.0707235899835437,0.6164296656036369,1,-0.616429665603641,0,143,0,2,-1.0443864763910127,3.189466143909855,0.02276370622456744,-0.022763706224577854,1.160559409186997,0.894506348769263,-0.8945063487693001,-1.331035102258734,1.2027196102718527
1.6315497630201485,-1.624726111516657,1.132306894594697,-0.2738537827229966,-1.303458825277617,1.2658763475875314,1.8972372267537942,2,-1.8972372267538322,0,145,0,2,0.7128668202989478,-0.7745218369511337,-0.9188820608851459,0.918882060885122,-0.27791113606915463,-0.3247820184791509,0.3247820184790786,-1.0053062010858644,2.2268227875903266
-0.27354802050825977,-0.37931057164301724,1.2211302424169042,0.8139548591246927,1.6437128056370345,-0.45551319750321506,-0.45388393818880474,0,0.45388393818881756,0,145,0,1,-0.5749578527361932,-0.7501999168806854,1.6873975624817115,-1.687397562481676,-0.6415385938569425,-0.2602254506352881,0.26022545063526287,-1.1841272686453306,1.433193604097548
1.5086094604851072,1.1021158561767153,-0.5387701786795289,1.7663334320354567,1.2141636747968014,-0.4373667037250216,0.5321361900049939,2,-0.5321361900049995,1,146,2,1,0.38082507771256463,-0.001528854479889022,-0.7073419846113081,0.7073419846112955,-1.7439355334670354,-1.4480572023261986,1.448057202326163,0.0774776501916551,-0.40654574460649273
-1.6115072102968782,0.44265300499010923,-1.0165253650638286,1.6334883561584095,1.0703496792559246,-0.4833831344755975,-1.0438728398820225,2,1.0438728398820554,0,146,2,1,0.38852014572737076,0.5153864414213792,1.1311754789076693,-1.1311754789076425,-1.2154924149401518,-0.694816355003365,0.6948163550033745,1.1685505236820848,-1.4591427756158057
-1.2694294737846106,1.4919492410988977,0.9403752884031739,-0.14011298463487906,0.8373700254676864,-1.5983503264057353,-2.06178001660624,0,2.061780016606242,0,146,0,0,-0.6764695675518356,-0.6325161032921489,0.7306804259041201,-0.7306804259041428,0.670699558912919,0.49766998778594873,-0.49766998778596716,1.7610995689071396,-2.648079808207241
-1.6616763628672147,-0.7991632396719719,-0.7234652113372779,-0.17868046045298522,-1.423511857865125,1.283753539306071,0.3181630540857605,2,-0.31816305408577805,1,147,2,2,0.8617649918315788,0.03185469930767197,-1.7076239933072495,1.7076239933072366,0.06196972931830792,1.20076071203585,-1.2007607120358588,1.8053236218353912,-0.32819614266536173
-1.313937631152142,-0.16720240186337423,0.6968853641211034,-0.9291431680815038,0.5902516878679872,1.5980003770237508,0.6887278214424609,1,-0.6887278214424835,1,147,0,2,-1.0509506407393134,-0.6338506637408584,-0.2656899349668028,0.26568993496679943,0.6702909509395094,0.6920070742898867,-0.6920070742898771,0.9953607291289993,0.519431702419949
-0.8434050823921253,0.45030457635115684,-0.11578114832840959,1.39858911210472,0.8236623154616601,-1.5259380090374974,-1.6259882711017808,2,1.6259882711017883,0,148,0,0,0.39686119409001164,-0.3175250956884185,1.661273206654619,-1.6612732066545985,-0.8550280275983321,1.6529228543366368,-1.65292285433662,0.8244814965795569,0.49176611539445586
0.3712506055506405,0.7711432689198584,-0.8703423105240531,0.4697080518964072,-1.1867637653101955,-0.5482096809830271,-0.2589937014302077,0,0.2589937014301765,1,150,1,1,1.1461857659266883,0.3256709615448946,-0.9807300378276819,0.9807300378276546,-0.38101536789149276,1.3034514669537267,-1.3034514669537733,0.2837093500895595,0.515139861798619
1.6978060098536607,0.6355508018053025,-0.8366496207639647,1.0967114674700327,-1.092605583409304,-0.5211626071411418,0.4783522552032271,2,-0.4783522552032294,0,150,0,1,1.5145166231619354,0.2707482940147574,-0.5288928808226547,0.5288928808226757,-1.1421526373573743,0.172444786210307,-0.1724447862102892,0.8584228173536641,-0.19678344078637658
0.9289801394538584,0.029374787339440128,1.116245993609562,1.7472009307559273,0.18426831515826708,-1.4180449895501217,-0.6286725841689352,1,0.6286725841689347,1,151,1,0,1.0804529478879847,-0.7180572195672715,0.794631446355827,-0.7946314463558263,-1.4237653481648271,0.5940281203998862,-0.5940281203999045,1.7533193970561536,-0.1666479023307883
-0.24482249649653076,1.682385554113238,1.4407823363063463,-0.9041501410584317,-0.15263358782016698,-1.569291333930804,-1.6175654169945795,2,1.6175654169945979,1,152,0,0,-0.519472713185142,-0.7253069749466119,0.7098596722519883,-0.7098596722519751,1.2802699542413334,1.6209167944167642,-1.6209167944167517,1.7649328715418862,-0.11139674688886747
1.6427130382751183,-0.5320936044684053,-0.6987607504882052,-0.77463219626951,1.3833256745157845,0.5118242431886211,1.1757231041923029,2,-1.1757231041923204,0,154,1,2,-1.4930601411193645,0.027829913040429206,-2.0042415500606774,2.0042415500606525,0.3891707656464938,0.373440701088984,-0.3734407010889967,0.7551052026739353,0.2389556842122317
0.5537998226138641,-1.1758288611832566,-1.6673016022659133,-1.086523725398112,0.17525439714263538,-0.5958964854428794,-0.3779287036984507,2,0.3779287036984333,1,155,1,1,-0.8725159975015062,2.837679012118333,1.1151318898070832,-1.1151318898070839,1.1157487827073196,0.4263971095534561,-0.42639710955342625,0.031973185779069095,0.02691751408289897
1.194013605163884,0.8812218941280665,0.47571685477391934,-0.1133106316081637,1.255248019809925,1.6872929119274451,2.0775750941804945,0,-2.0775750941804914,1,155,1,2,-0.9471785543682884,-0.5317892238515782,-1.7618465286172604,1.7618465286172758,-0.4752899051927877,-0.2856649097966532,0.28566490979661174,-0.5302860700465346,2.0675072657524747
-0.41130633296770586,1.156559279758336,1.697015072770374,0.7196004599387565,-0.13926168380351103,1.4235095059792724,1.1478983270839769,0,-1.1478983270839707,1,156,0,2,0.593916190596337,-0.7805307166989257,0.6673661000689665,-0.6673661000689646,-0.9831639975675255,-1.0766920510762277,1.0766920510762468,-1.0077797261110477,1.9992773422794783
1.1656611169733566,-1.5382514635407387,0.49583037758337334,-0.5252496995126139,0.3556215753090901,-1.073038500727521,-0.4464192436668363,2,0.44641924366686164,0,158,0,0,-0.6093004763783675,-0.6351827453915049,1.144313725989455,-1.144313725989442,0.596061871355151,-1.5981507801593704,1.5981507801593917,-0.8317165943237508,-0.5361761109616656
0.8894236080439735,1.0578196629309131,-0.9018272657569085,-1.3061697359944726,-0.3924030972596758,1.59585177716749,1.720704539026174,2,-1.720704539026166,0,158,0,2,-0.6314652403197876,0.3936140679390538,-1.5549044286896045,1.5549044286895928,0.7482932091710974,-1.8408065073901667,1.8408065073901627,-1.0787053904430994,0.5188260825347197
-0.5534138582068783,-1.3179784722877843,-1.5950559062052565,0.5726181652377293,-1.6398856289618158,-0.6325243535526889,-0.7740920350785657,2,0.7740920350785901,1,158,1,1,1.5309711331762677,2.225924569429992,1.7904993355390613,-1.7904993355390506,-0.33714886980834796,-1.6644127898545813,1.6644127898546086,-0.30775427686537227,-1.597505266275754
-1.3601564305742844,-1.5054822634397997,-0.8333729742605239,-0.6376173419373237,0.9047683836679029,-0.5753048524436112,-1.2447317102015916,2,1.2447317102015942,0,159,2,1,-1.0670896350754202,0.09114294465458997,0.33796012616176474,-0.33796012616178056,0.9212666694602012,-0.1851389611106666,0.18513896111065023,-0.5513831337256082,-1.592032261305834
0.16810670684131346,-1.2926226584048397,1.3079963620355506,-0.9637588904946764,0.7695824556899193,-0.749164518199275,-0.689828502551437,2,0.6898285025514042,0,159,0,1,-1.1990097906515615,-0.792942002995046,-0.39797158391231574,0.3979715839122905,1.0828259307390284,0.6331181606803568,-0.6331181606803296,-1.3335873400643292,-1.0754760690510523
1.1379816413786337,0.09103170488354097,-0.2177267956555507,-0.08858347804725174,-1.640090674106252,-0.6076962138349312,0.0022659174149836786,2,-0.0022659174149876303,1,160,0,1,1.0739650498635018,-0.2828435897585058,-0.49642028379893705,0.49642028379895803,0.06354799043403463,0.43333883408150803,-0.43333883408151774,-1.1306822650972415,-1.0444825823139865
1.046387893721662,-0.027835389034022346,-1.4851315161434944,1.0518152432537133,-0.35707999056375334,-0.5377536189825829,0.14125009961811505,1,-0.14125009961812418,1,160,0,1,0.9743719331793448,1.817654511831634,-0.09950722440947803,0.0995072244094744,-1.0129281862262898,1.136598874011641,-1.1365988740116222,-0.035000722842732215,0.955669654424239
-0.7249060011516797,-0.6288295352032965,-1.5422693284745301,0.28113663575265274,1.0091234760060412,-0.6324023477550531,-0.8885313718923137,1,0.8885313718922985,1,161,2,1,-0.504103371527133,2.0230076607547427,0.7392014445906601,-0.7392014445906648,-0.03900718359136551,1.1875535648017543,-1.1875535648018012,-0.17044303251628104,0.47845383330879976
0.7308482741880029,0.5930992537441386,-0.45899991402977147,0.9371187777749023,1.4242960025706743,0.25043903741259493,0.6795374498691488,0,-0.6795374498691285,0,162,2,1,-0.33793130482097283,-0.09797625631548913,-1.1250213401983606,1.1250213401983866,-1.053328976237485,0.33076303474081603,-0.33076303474080826,0.5612873709743715,0.5731550818873633
0.5812759416641259,1.4731051923077216,1.500364367548381,0.1577768050471853,0.48241051085090525,1.5321558157226347,1.669095837461079,2,-1.6690958374611191,0,163,1,2,-0.22482164599016083,-0.7413714338597027,-0.7098810469297383,0.7098810469296953,-0.6138132360871854,-0.7195599021911856,0.7195599021911524,1.0824297749334468,1.2027269593979772
0.0961436289493382,-0.17736093987371765,-0.20316645800768288,-1.6492317037328295,-0.37266618252838607,-1.53556104591698,-1.5003780396916229,2,1.5003780396916242,1,164,2,0,-0.8823159226657323,-0.30557659930611053,2.2746491743421275,-2.274649174342099,1.9803417483415566,-0.05050011616048132,0.05050011616049739,0.35724557321679995,-0.22735541942968637
-0.8167171173704272,-0.5451515082306407,0.13213156826059969,1.5030468897950136,-1.254171842021963,-1.28818178155023,-1.3894441711252936,2,1.3894441711252778,1,164,2,0,1.9072830028761383,-0.4760010321581639,-0.07937826088235982,0.07937826088234766,-1.0098450167814765,0.6310492132188148,-0.6310492132188448,0.5669187436345569,-0.9913324195099257
1.3001752620683715,-1.4547327938722965,0.21574309188180849,-0.8294750985687271,0.9604793531183357,-1.4820810830881928,-0.7786590453306622,1,0.7786590453306323,1,166,2,0,-1.2382992071495886,-0.5476714328939096,-0.43807256483966733,0.4380725648396573,0.9777339115971944,0.5821280067331919,-0.5821280067331926,0.05085236127142869,-1.8601585807286756
-1.3909654410618388,-1.257914389318516,1.5789475070739625,0.7579009444969693,-1.469897498110414,0.3379280467033557,-0.29552253082522334,0,0.29552253082525737,0,166,1,1,1.5414141745887089,-0.8314682770688762,-0.3464716553382845,0.34647165533833063,-0.6330722755275385,1.0162783714720156,-1.0162783714720218,-0.03242453561028166,-0.9993502830217995
1.295732547285775,-0.3427888471237419,-1.5934604696054655,0.619479595529393,-1.1698909928071595,1.2449688092374158,1.8097641630095647,0,-1.8097641630095564,0,166,0,2,1.2380575533016904,2.412144312868685,-1.5105300048465282,1.5105300048465102,-1.0698511738834062,0.953645091414143,-0.9536450914141286,0.18211424643914637,2.3978668273793526
0.9071528555988377,1.1397058971765521,-1.464720945169459,-1.4252080787223205,1.5266348770200329,-0.7727572182739287,-0.3997043067025554,0,0.39970430670253404,1,166,1,1,-2.0420549939060746,1.9074115925151665,1.5857472931573005,-1.5857472931573227,1.4523417297844614,0.463564571141547,-0.4635645711415669,0.28621098713646037,1.4192049455810403
-0.397223392448486,0.5669863035610134,0.893185346200996,-0.9734345409507886,-0.939935160165923,-1.2616714268287175,-1.4243413772360591,1,1.4243413772360491,0,167,1,0,-0.02243389249106988,-0.6537996390921793,0.7355098117278734,-0.7355098117278658,1.2943400687613091,0.47910272783069413,-0.47910272783072433,-0.8645321334873859,-0.43573413304183334
-1.0559508742716814,-1.171750723954912,0.8824271748583924,0.6476355037772643,-1.2055769960277427,-0.9183371939766907,-1.2664464508693716,1,1.266446450869382,1,168,2,1,1.2822248040504534,-0.7122162229380491,-0.11307761383425477,0.1130776138342696,-0.27408637785837425,0.6962925256099497,-0.696292525609962,-0.178165240948926,-1.6116348784216965
-0.8664898691002824,-0.9801534212338351,-0.6803270991323047,-1.3020040947082496,1.1370780215942542,0.37968109978500714,-0.2213820549838339,2,0.22138205498386668,0,168,1,2,-1.6872360263111297,-0.0224713263634516,-0.7497122741646054,0.7497122741646218,1.2821892946741231,0.6632811055273916,-0.6632811055273453,-1.1353383994369097,-1.5348304481741097
-0.6614404823595059,-0.49575400131069897,0.20537400688376498,-1.5719337598887673,0.7709993855067699,-1.4220634329694872,-1.7600101790980325,0,1.760010179098026,1,169,2,0,-1.6204763802108855,-0.5007976232458305,1.1043508630172298,-1.1043508630172585,1.975674808425791,2.2527411011654146,-2.2527411011654057,-2.1536193410514155,-0.47371536588361624
1.1816995691309224,1.0647367261039244,1.6407983502397547,0.002516820332736998,-0.3676012850284711,1.6820262840716207,2.079170387451134,2,-2.0791703874511454,0,169,2,2,0.25618026280416645,-0.7748461081676368,-2.754775861619589,2.754775861619587,-0.5822311822453856,1.1490096652364434,-1.1490096652364332,-1.4902004333488827,2.0243730670104987
1.5410519244391483,-0.7882021051748662,0.1086355089378525,1.1575360748477868,0.27035710922462064,1.2276508738758496,1.9710139112395277,1,-1.9710139112395275,1,171,2,2,0.6131772247329151,-0.4784222241481108,0.07784142714976473,-0.07784142714975631,-1.590768246032364,-0.3627893687674275,0.36278936876743884,-0.5000053339883814,2.727975415731337
-1.268854504921402,-1.4309255240507754,-1.5634239333302802,0.9436155365092258,0.7358222253706519,0.33863328048599955,-0.21564754412381862,0,0.215647544123829,1,171,1,1,0.1430968449237873,1.9991289962014915,1.569380932127169,-1.5693809321271628,-0.8215201563933114,-0.8306628715912241,0.8306628715911996,-0.36247271117935165,1.1624600914288554
-0.6024172580133582,1.2901100071933687,-1.18559976542603,1.4813320998964536,0.18851131785315797,0.25062280299499096,0.08765850223409236,0,-0.08765850223410811,0,172,1,1,0.8936971245524115,0.9483750526858468,-0.21742493660011256,0.21742493660009396,-1.3788238692545125,-0.968264735365532,0.9682647353654735,0.9308561781715978,0.43398597730605326
0.7250570661181063,-1.2481751361101792,0.4533054736011898,-0.5474028517895356,-1.2812145710701885,1.52727770101142,1.6599138065647485,2,-1.6599138065647419,0,173,2,2,0.5083411517073513,-0.6117945911476094,-1.1280255688153253,1.1280255688153418,0.04209398482946645,-2.4910031054678194,2.4910031054678106,1.4069235048733528,-0.8482884445351363
0.39699161690142165,-1.3701384322041525,0.9076903449168783,1.1128094034856866,0.08362391584466507,0.5227172708460286,0.7787603890473931,2,-0.7787603890474123,0,173,1,2,0.7115035486633673,-0.7242795357995853,0.6325456432804871,-0.632545643280506,-1.2359401322703039,-1.9119890075710653,1.911989007571032,1.9228415877148495,-0.15995575932825146
-0.8585690731282902,1.1299540213467811,-1.1311928732318812,-0.8451013287558347,-1.7235170466278098,-1.0263600185965729,-1.4253190747065216,1,1.4253190747065156,1,173,2,1,0.6086610799496155,0.804776130255269,1.5818801312501694,-1.581880131250161,1.1703141393981558,-0.3997546488468811,0.3997546488468248,0.9922789003916269,-0.5392192849362197
0.8278925581457219,1.2529921142585643,1.3900474712706063,-0.8378224089017867,0.9281014870223778,1.2319069050099056,1.4152682384616389,2,-1.415268238461635,1,175,0,2,-1.2216596773442951,-0.7293785161201655,-2.0381832617646864,2.038183261764695,0.3835070538316468,-1.1259281108768793,1.1259281108768764,0.16450065216844414,-0.13540376424369144
-0.8876353341318441,0.6227422756051433,-0.5880346942268219,0.042089767943144306,-1.0116900959825148,-1.0178441278832489,-1.3376400441417564,1,1.3376400441417848,1,176,2,1,0.7293552993559214,0.008493509803611198,1.9757208355039473,-1.9757208355039309,0.3038531225694266,-0.49130675832158066,0.4913067583215874,-0.5042700447744064,-1.6684473130467918
-0.3668535361978093,1.459014304469827,0.6615168154253069,1.320201406213595,0.8890394451269958,0.4292766891839832,0.34499109979007525,2,-0.344991099790075,1,176,0,2,0.2974130843249682,-0.5635118406656806,-1.2072315013541375,1.207231501354118,-1.3047697830686056,0.09416919603254836,-0.09416919603257905,0.3635469819406662,-0.24422388393834596
-1.0910507082931051,0.5802234258877966,0.7122016360072382,-0.639640818885751,-0.017640436077260287,-0.37735562788097765,-0.936909210578357,2,0.9369092105783463,0,176,2,1,-0.43003101167459423,-0.6098982636010548,0.9201224488113021,-0.9201224488113104,0.8390237565198224,0.8580797217403991,-0.8580797217403408,-0.4507615820538379,-0.030717560986925633
-0.9769890410350618,0.7740414976461478,1.2855088000640629,1.1667576823798742,-1.4425281876397082,-0.8740555300258499,-1.1332518750966716,0,1.1332518750966298,0,176,0,1,1.805149478061767,-0.7256343302291546,0.1411240196728042,-0.1411240196728266,-0.7783110176340129,0.7280353308828748,-0.7280353308829046,0.4840860965868636,-1.462440960828252
0.10954679634168316,-1.0507571157239504,-1.7029005589489838,-1.4800633686872178,-0.6899289556085023,-1.2594044073394024,-1.2291239318405747,2,1.2291239318405818,1,179,1,0,-0.5457569946362852,3.2327421201353723,0.06902610213706478,-0.06902610213702987,1.736824754316508,1.9054642562620834,-1.9054642562620736,0.18565689898396917,-0.3939488332629687
0.42724112624349325,-0.8150281970886124,0.9344130737665425,-0.9989963212402029,-1.321951260060048,-1.0187500755403316,-0.8081470826003314,1,0.8081470826003331,0,179,0,1,0.2243105223749684,-0.7105077393301041,-0.3018657499933066,0.301865749993303,1.1494927179151522,1.669704849731884,-1.6697048497318745,-0.2981031002760049,-0.8099117092944588
0.8384308942141707,0.5126606998233032,-0.6317407907737851,-1.59491853239187,1.339285151788867,0.5183634265113356,0.7024189161486178,2,-0.7024189161486252,0,179,2,2,-2.0297144293701197,0.040260794583803175,-1.0837571945594968,1.0837571945594908,1.3126252718966611,1.510558315249616,-1.510558315249598,-1.6526677553937346,1.1193072926680439
1.734230981512419,0.7161028459332625,-0.7152004000618299,-0.5731565768331014,-0.8624945462046006,0.6683231176769385,1.381566003208038,2,-1.3815660032080308,1,179,0,2,0.2007126109415963,0.13748378333182315,-0.4871292507205631,0.4871292507205737,0.14231462367929149,0.4782455553858069,-0.47824555538585467,-1.6217746167567373,2.163636612699285
0.916430033350927,0.7265502666522313,-1.5243961774106036,0.8796284328983086,-1.262532111985587,-0.6296739297016624,-0.022515402514305328,1,0.022515402514312558,0,180,1,1,1.4820445738191097,2.162751417657173,1.0077998574822977,-1.0077998574822982,-0.815375768076261,-0.016315450345270807,0.01631545034524438,-1.7551945586423072,1.4301002062739148
1.2723979198992492,-1.2850421089788056,-0.7569288946322793,0.5859510490689671,0.3570760865581914,1.0886605326218648,1.655164196104027,1,-1.6551641961040686,1,180,2,2,0.1579655201695872,0.02794084027539181,-1.2036782621173698,1.2036782621173354,-0.9984188280562452,-1.3005592584721215,1.3005592584720815,-0.795182563871715,1.3052933631441006
-1.1004490129096933,-1.079119027896871,0.4376569935207462,-1.2193340453819588,-1.030722830001825,-0.7968210403951905,-1.3778667636373385,1,1.3778667636373432,1,181,0,1,-0.12960637475089432,-0.6004305344783291,2.176737452438808,-2.176737452438776,1.5213732542406277,-1.0468887025900104,1.0468887025900075,-0.8975665822302449,-1.2106958213789611
-1.0508946291817043,1.4320833613935748,-0.31428938051509386,-0.5459306128272314,-0.8172464609470436,-0.9919337676219854,-1.4565223643706886,0,1.456522364370649,1,181,0,1,0.1882172931118654,-0.14834681202289263,0.05667153742196667,-0.05667153742199817,0.8914412123984501,-0.0856092295881036,0.08560922958806536,-0.4101348506331294,-2.1888139297374942
-1.3304305240122989,1.6611918243480082,0.3626022210359084,0.21227780578325528,1.1702008788006395,0.414531949873432,-0.25552566610164307,1,0.2555256661016257,0,183,1,2,-0.6632035420272676,-0.4622156172964711,-0.8616096193429666,0.861609619342983,-0.14570393833940967,0.6433140770946061,-0.6433140770946185,-0.04516816795341454,-1.114498184839365
0.12135167805790555,0.3303284438772355,0.14487799421665717,-0.9348791635701568,-0.17181250445585833,1.6936487800546154,1.4731594542451463,1,-1.473159454245157,0,183,1,2,-0.5274434985984662,-0.4401781655025758,-1.2402799308133678,1.2402799308133732,0.46004898572698155,-0.022642681924908377,0.022642681924852602,-0.8883128441188134,0.23423257909801
-1.6102720362461211,0.11279071631396836,-0.7033846625764228,-0.8808516196445807,1.5755045523688103,0.2570688220907763,-0.6487324217523868,2,0.6487324217523935,1,184,2,1,-1.6995183442615536,0.08027357308846163,1.5229021469840633,-1.5229021469840518,0.9915191036989176,1.0031788847141139,-1.0031788847141698,-1.5698899637285904,1.3632304948045724
0.7001576684968523,-1.1919759395916527,1.0243312644970741,-0.9752154490064677,0.27717908014507225,0.1506686843985277,0.3723039378280758,0,-0.3723039378280729,0,185,0,1,-0.8661071374962811,-0.7408977357878503,-0.7324697052338165,0.7324697052338142,0.8015633883224507,0.2239065697378762,-0.22390656973789938,-1.4564557211343092,1.0137628368528833
-1.5390458676218075,1.3257381939845696,-1.2686430231161898,0.5981999875891901,-0.7846879549106519,0.7502428353163315,-0.0162493974288118,2,0.01624939742879729,0,186,0,2,0.956721603042551,1.1773345288238846,0.2790547975927145,-0.27905479759272717,-0.5629298306086988,-0.41738221895388283,0.41738221895384564,-0.924814174713374,-0.19521569786406337
-0.8366648634298938,-1.0221303439767244,-1.2590999401547602,1.2181251682043588,-1.3559447713860517,0.708571582635006,0.35471338177926337,1,-0.3547133817793,0,186,0,2,1.7807345561671728,0.8607098933514552,-0.2659755491008822,0.2659755491008665,-1.217144956444495,-0.6890942268928075,0.6890942268927847,-0.45742850473273783,-0.5007011553841375
1.3257811995527025,-1.6963100393708526,0.3603217466605924,1.0560056657282055,0.5776222507267658,1.6377115682823535,2.2217024739504936,0,-2.221702473950497,1,187,2,2,0.3303024570198825,-0.6037328408633513,-1.339527149242252,1.3395271492422764,-1.5677284528823063,-1.0223867744921349,1.0223867744921145,0.46767313052544535,1.778586322121871
0.8579437180367213,-1.488031843364468,0.4436799973243758,-1.4713984044582342,-0.1816462725175554,0.04895605066667754,0.30562378001718704,1,-0.3056237800172092,1,187,1,1,-0.8915808030019655,-0.618920495087249,1.37521017858703,-1.3752101785870445,1.3017586908648142,-1.4473186774444249,1.4473186774443423,0.19326459202645757,0.6529885739040603
0.40168428292813196,-1.6093809618895483,-1.0474282420584817,-1.0175900618627691,0.6180195493249369,-0.6770082815908967,-0.5172247335407839,2,0.5172247335407875,1,188,0,1,-1.131321810087854,0.36696799168602695,0.5907059226824881,-0.59070592268247,1.087370830502635,-1.051251558737091,1.0512515587370221,0.17357444065762387,-0.32857501938094624
-0.45946522140507234,0.3204212531984407,-0.10368651801352383,0.0680259456024702,0.059331368614099406,-1.0875730070124985,-1.1884943076503975,1,1.1884943076504175,0,188,1,0,0.0059654359075880636,-0.3304079222435591,0.4819325598194918,-0.48193255981948013,0.2394091062784627,-0.5293036115209666,0.5293036115209849,-0.07278078089791436,-1.8136282784407436
0.5265328545795519,-0.003987800389021503,1.3429046338128015,-1.164892361309142,-1.037502193939548,0.4482473545544069,0.5334230663551238,2,-0.53342306635513,1,188,2,2,-0.0872735272814835,-0.7592934679445356,-1.2354233819338276,1.2354233819338092,0.9400909851616585,-0.6088749981814466,0.6088749981814429,-1.1800941628471833,-1.5166782128969072
-0.7958076227636715,-1.5140323758251308,-0.3759025500680201,-1.2920990218019652,1.4829172743197054,1.3631010861314221,0.6928295697114153,1,-0.6928295697114293,1,189,1,2,-1.9197650375349604,-0.2842108201889337,-0.11416232463238403,0.11416232463237853,1.019343984592579,0.07186335859328999,-0.07186335859330896,-2.2711846439359986,0.5660397083895176
0.20299350626855442,1.5686052948155256,1.368805525424831,0.4510317009845838,-0.35217994497210053,0.2701278464982377,0.38821523211369285,0,-0.38821523211368464,1,189,2,1,0.5556047457951429,-0.7162039900828653,0.218819997930177,-0.21881999793016124,-0.537327372062198,0.035089098791957415,-0.03508909879190309,-1.3778917683046705,1.1468175348825222
0.7286601933118887,-0.04064725809382821,0.7885302484716392,0.864486636336643,-0.5950290968854861,-1.4487084081440427,-0.8474709448247906,1,0.8474709448247862,1,190,0,0,1.009554528150115,-0.6513117552662493,0.8869590903442951,-0.8869590903443046,-0.5824808909575941,0.18213288678581568,-0.18213288678581105,-0.5033498532913279,0.1653369650899936
1.3823565618013642,-1.360347859846037,0.7066962331566243,-0.21099444216260851,-0.11641305151347671,-0.20999618706454198,0.4637287078039288,0,-0.46372870780390735,0,194,2,1,-0.06530253003300117,-0.6806377701228292,-0.9406914890721179,0.9406914890721368,0.05265013611281141,-0.5535277279371607,0.5535277279371525,-0.6330018618823087,-0.5241171368016867
-0.06229504408375921,-0.15914672376628167,-1.5952832476744396,0.21054360183142612,1.5486944347185456,-1.6946728711903445,-1.5222282734146309,1,1.5222282734146597,0,194,2,0,-0.9263819432905988,2.4626171700293544,1.4253549831805175,-1.425354983180513,0.1967566842821338,0.3617613789968887,-0.3617613789969161,0.0061200199910342225,-1.3561524745647697
1.0048124820779538,-1.1607955438324065,1.3895532745588024,0.16639885645948385,0.6306557582775769,-1.4986593058409519,-0.8316539755289666,1,0.8316539755289494,1,196,1,0,-0.3214703844669673,-0.8015331449352585,-0.4953294410256615,0.49532944102562887,0.05180050343074734,1.0405453515820242,-1.040545351581992,0.6838381643780066,-0.9704156633107505
-1.2533229040198366,1.6321581976602892,1.1863026134623422,-0.16615179061280713,-0.20526654630630167,-1.4026875532270393,-1.881866174222106,0,1.8818661742220606,1,196,0,0,0.02720235551162649,-0.6801561780304711,0.7538625769978733,-0.7538625769978939,0.6465267776895605,2.0513105250697397,-2.0513105250697534,0.3970523850457473,-1.0480781592586876
1.089555894097677,0.6480928387519679,-0.5262794683830603,-0.7475428034282137,1.7243579808958127,-0.41074905139990603,0.08464498642793684,0,-0.08464498642793283,0,198,0,1,-1.710380898103231,-0.04201146002369496,-1.4109443930026069,1.410944393002643,0.6624488276166624,1.636281214519974,-1.636281214519997,-0.3520070526799294,-0.3493423855162264
1.3729402889181699,-0.35226564283988593,0.756336351774711,0.7308098425398298,-0.4837188300672448,0.7026488664790587,1.374646364196221,1,-1.374646364196253,1,199,0,2,0.8400868754293344,-0.6550658409117635,-0.9254795628517052,0.92547956285168,-1.0536500845165557,1.2306905425614025,-1.2306905425614143,0.08561981103897727,2.0855221687060523
0.5519474686879571,0.9515001111842624,-0.7085211458451014,-1.4187287230874974,1.2361627493359992,-1.656504825689645,-1.3617959661572452,0,1.3617959661572296,0,203,0,0,-1.8365210555892406,0.14807170312664997,1.9639048338517038,-1.9639048338516933,1.7130623702581587,1.1592572501580474,-1.159257250158125,-0.6714518537215545,0.6814923884265293
-1.3990060043047574,-0.625534854318669,0.8209110833417584,1.0733767785296522,-1.3433439330835169,-0.8780808949159088,-1.3524635459153649,0,1.3524635459153354,1,205,0,1,1.6719351707434453,-0.6797166749332103,-0.006468849811000838,0.0064688498109909355,-0.6366241617043349,1.3911503330653305,-1.391150333065402,-0.25000770662547145,-0.12222211874792839
-0.8351432259001516,-0.24026057637409656,0.74363782462906,-0.5340418051038807,0.8272514044596269,0.5794242402740492,0.05394439597069991,2,-0.05394439597067351,0,206,2,2,-0.9418241586827751,-0.6479488231886252,-1.0090131558725295,1.0090131558725701,0.4678503924201499,0.5292209320494963,-0.5292209320494913,-0.42095463886001544,-0.869017691535211
-1.4254259057125815,0.591109963733583,-0.1761146503886332,-1.3426734008962087,-0.7611026272546609,-0.9059143738365122,-1.6468427621808914,2,1.6468427621809172,1,208,1,1,-0.4015031742480773,-0.2783078863979067,1.220716523807955,-1.2207165238079563,1.7170870660518234,1.300174568218634,-1.3001745682186279,-0.6974931310960798,-1.4409561754462787
0.6109315347363087,1.0801917369752747,-0.42443870650386023,-0.8850889007258395,-0.6831383040412563,-0.9920427103156425,-0.6826513730228712,2,0.6826513730228534,0,209,2,1,-0.13909801423127852,-0.09298549196943648,-0.6916776359846546,0.6916776359846238,1.004921140596304,2.21619674190477,-2.2161967419047794,-1.4483505126019436,0.32928314440801254
0.34986669356335476,-0.6434543600729238,-0.846303860412499,0.6324658297875048,0.8506247598824631,0.7874769972716569,0.9413380673733108,0,-0.941338067373306,0,210,1,2,-0.15149097234835163,0.17705878050696358,-1.165150092678193,1.1651500926782095,-0.8496620672788566,1.1907147197756243,-1.190714719775605,-0.49522484346612533,1.1962136269058739
0.9545863289909801,-0.32004862230624836,0.810466207101383,-0.9005503763937056,0.2128901132993626,-1.1593490360749885,-0.6662843111506614,0,0.6662843111506485,0,211,0,0,-0.7699860045379351,-0.6664339528672975,1.1538612837768032,-1.1538612837768167,1.0153275555917438,0.8851899613529031,-0.8851899613528873,-1.4124467801784055,0.3553534311147647
0.5040334078003634,0.11737634763076825,-0.71909183200344,-0.590938436086621,0.3227394722526185,1.365991241246845,1.4034468180009543,1,-1.4034468180009703,1,211,2,2,-0.6319572038818659,0.09653757944431225,-1.4850152575263615,1.48501525752636,0.1530833664751912,0.2843172147110306,-0.28431721471104787,-1.4388848571521327,1.9010369763954358
-0.32094718193968097,0.7870616316479172,-0.6226921775992917,1.221364896547142,-0.8896712252144809,1.1187498357379797,0.9729279753507546,2,-0.9729279753507393,1,212,1,2,1.4602369830523616,0.05123710318542969,0.30916933316104594,-0.30916933316102363,-1.3832630793811576,-0.8821488937857315,0.8821488937856966,-0.24745681122874574,1.1720324904870394
1.3855579157979054,0.9990486654528727,1.5258121991945217,-0.7086299010416641,0.21657699637670375,-1.4305412621165168,-0.67815439812631,1,0.6781543981262995,0,213,1,0,-0.639846089566689,-0.7591534375596644,1.1850482667327442,-1.1850482667327635,0.8342095729492304,-0.8841511944956059,0.8841511944956209,-0.16546185764753552,-0.49925897315356904
-1.5443764259501807,1.2774173977787093,1.1597223431349737,0.2824743635791508,-0.5402258723978135,-1.458208109011764,-2.025685051309871,0,2.025685051309873,0,214,0,0,0.5692244487283264,-0.6862294990996428,0.9672189195996277,-0.9672189195996196,0.26534495846666967,0.43693078473556646,-0.43693078473556296,-0.32809189678941053,-1.4948193249520325
-1.1432517342685364,-1.456587603036128,-0.2773478617270054,1.0969928848335735,-0.309357726334528,-1.2304098663006626,-1.5401113733326768,2,1.5401113733326766,0,214,0,0,0.9725756842284351,-0.33717713146164674,-0.3482205689251036,0.3482205689251024,-0.6081640018184311,0.8260066829124042,-0.8260066829124281,0.600103702607256,-2.7655657822045456
0.7045336051381605,0.46760248916848446,-1.276694696217781,0.5982594567868398,-1.1056464449120262,-0.15789536961866196,0.26586176136937334,0,-0.26586176136936784,1,216,0,1,1.1789184424941064,1.0938368213207532,-1.2957419709953355,1.2957419709953402,-0.6383479163638687,1.3325221558439921,-1.3325221558439817,1.1526866040152401,-0.7096282252263706
-1.5804373123124655,-0.32867962918728383,-0.6981753022665991,-0.008872932315836735,0.6452141437374095,0.8215041517549093,-0.03723353662648331,2,0.03723353662646483,0,219,1,2,-0.4527282762591534,0.04234606861651019,0.21772993194592258,-0.2177299319459399,9.464927938594127e-05,1.7823016540834007,-1.7823016540833947,0.5810337336486925,1.1098598818395446
1.4943292368621426,0.46210264646432686,0.34794265583567097,-0.003431199184878393,-0.9921460745289113,1.6745123740571537,2.2242041163756214,2,-2.2242041163756645,1,220,1,2,0.6843549148496162,-0.5081200206581372,-1.6225842585886654,1.6225842585886485,-0.6159585313435292,0.49001191537767164,-0.4900119153777517,0.9087174161345224,3.10969236669788
0.31987107962195155,0.3851239283219476,0.2577138564154863,1.3012987800860587,-0.020677851090683277,0.27970546691127246,0.5440556267208582,2,-0.5440556267208544,1,221,2,1,0.9140170295717519,-0.4801835994386226,1.2059061722803661,-1.2059061722803333,-1.3405824539817708,-0.6541780572809764,0.6541780572809067,1.3821331154664018,1.9040635475246392
1.287434413835989,1.1716680546196991,0.9441570337808375,-1.670071066733306,-0.298778337940272,1.2076904858506192,1.5292152599814504,0,-1.529215259981467,1,221,0,2,-0.9478665061731752,-0.6443630759566992,-0.7067244916538312,0.706724491653817,1.1559588673587031,-2.0208111913851026,2.0208111913851043,0.09636542625223125,0.9650989475340409
-0.45989005346331074,0.16554452470240028,-0.8425962837187815,0.45434093109211265,-0.745711717843405,-0.829171206978143,-0.9167792411909427,2,0.9167792411909321,1,221,2,1,0.8302810074591047,0.2394479670120838,1.755478866291446,-1.7554788662914427,-0.19077989566704748,-1.4942343317226319,1.4942343317225684,0.029491008654172708,-0.7649925262127277
0.051357082727771265,-1.6105321858696324,-0.31933778739996427,1.7758845971457193,-0.8660163567182427,1.5902901072304494,1.6346263088546087,2,-1.634626308854605,0,222,2,2,1.8272531599434292,-0.32289164189392644,-1.8306658258466715,1.8306658258466828,-2.0403913288161935,-2.2386383438644213,2.2386383438643906,0.858811763298796,-0.8228201534186996
-0.6784857430418858,1.429165572519915,1.4952620978150475,0.6812345621629364,0.6219021726972309,1.5729297806190905,1.1471071478340427,0,-1.147107147834049,0,222,2,2,0.04054063306449015,-0.7418136598047705,0.35007288042140683,-0.3500728804214144,-0.9484837537139721,-1.7590554966446599,1.759055496644671,1.1769544333855277,0.40630074466311505
0.599129814140939,0.06856561017151282,-1.5301795998220988,-0.15247466628947634,0.8020604577949304,0.5443908803284231,0.7622527583633701,1,-0.7622527583633386,1,222,1,2,-0.6605763161821092,2.078938733972859,0.2764004263873694,-0.2764004263873423,-0.08278986095835958,-1.8562088678866384,1.8562088678866127,0.5014315840749003,0.16319770756745408
-1.3867089370227772,-1.3200621932517917,0.9814632426011467,1.6790028579943623,1.5825859369245878,-0.9927610038355789,-1.384609711041131,1,1.3846097110411286,0,222,0,1,0.06543720857607786,-0.7370567795629079,1.5408210968555929,-1.5408210968556182,-1.1662197375750663,-0.5588136316943468,0.5588136316943901,2.0576410236023563,-0.564039104877611
-0.9428918448162537,0.037876039491823596,0.7986753408396312,0.7650317029002407,0.7436292259540355,1.2166339215298503,0.708774944203416,1,-0.70877494420343,1,223,2,2,0.01422210101782199,-0.6508543500889953,-1.5019890771484015,1.501989077148394,-0.9069729003219393,-1.2825998155855007,1.2825998155854696,2.202009264712827,-1.365116159255397
1.0886073432569947,0.10257749563911708,1.3478317956389858,-1.3933614315846525,-1.4101001244745959,0.7002286348915789,1.008267887938348,1,-1.008267887938339,1,223,0,2,0.01266396431295227,-0.7568801627608664,-0.2146886462107096,0.21468864621072598,1.0303972312075516,-1.003710575659512,1.0037105756595548,0.7293601990472617,-0.10465413600399365
0.25543429203147777,1.147024149788182,-1.6053034068233023,-0.3044123969507491,1.4774727834712622,-1.6553927356056175,-1.3869640089154487,1,1.386964008915451,0,224,1,0,-1.2331201975418287,2.8079468485971466,1.7190515156349937,-1.7190515156349995,0.6428777647885118,0.12459736309251951,-0.12459736309255309,0.271361021875031,-0.594373283742749
0.9800170410082422,0.043680588461093725,-1.2384712108310658,-0.5765206869118094,-1.564606121529625,0.2928255230318784,0.6780802756888938,1,-0.6780802756888854,0,225,1,1,0.684362642383724,0.9368239676240588,-1.481651968111095,1.4816519681111002,0.3376330063399132,0.1620755847175435,-0.16207558471751543,0.0743201577680401,0.6296751074316806
-0.0739608150181616,0.5803790482869422,0.4262179375012476,0.7002328792892953,-1.2352958674281447,-0.3720705690331276,-0.2941244077894003,2,0.2941244077893948,1,228,0,1,1.3391604032909978,-0.5286201930167014,0.6978842214995234,-0.6978842214995339,-0.5812758419685581,-0.32346848592714134,0.3234684859271658,-0.38048350265303105,-0.7282592418936341
-1.6344826045560523,-0.5192123793347307,-0.26564504038587766,0.17433968999435542,-1.4105094892765153,1.5699680115536074,0.6246544365297861,0,-0.6246544365298035,1,230,2,2,1.0968397251681583,-0.29027150604624985,-0.6590894991612494,0.6590894991612413,-0.3477071929226938,-0.28601340643292994,0.28601340643296475,-0.6549595240840503,0.09963476905375875
-1.1753196867369629,-1.6551585144779617,1.6403721521108618,-1.0309501957138867,-0.2910095488332195,0.5249008353190742,-0.21336094810287234,0,0.21336094810282735,0,231,0,2,-0.5113621882657681,-0.8507421909159123,0.6015897009758402,-0.6015897009758604,1.0165786897271532,0.2579229823469961,-0.25792298234700756,-0.4865584081550362,0.7118359859014582
-0.5829179756785828,0.5368620833220656,0.6013686091469699,0.9003401715896105,1.7281405624373307,-0.520368253545394,-0.6534481432423933,0,0.6534481432423795,0,233,0,1,-0.5736697412559785,-0.5821094978420214,0.3160356028493658,-0.3160356028493435,-0.6663696152725744,-0.06867864927457758,0.06867864927455843,0.07325226237529942,-0.8048733901258412
1.4254384268353404,0.8672416636556307,1.062607288512331,-0.3072114465453603,-0.3568412320959793,1.6852999591991538,2.1679974479154103,1,-2.167997447915415,1,235,1,2,0.03458961328830078,-0.6800393156963586,-2.024447122155633,2.02444712215564,-0.320508000782903,-0.732071770272274,0.7320717702722481,0.1983918058520272,1.1324896762397643
-1.3653644443219892,0.5134088470338953,1.2490672362510324,-0.16856531030546082,1.4068333491185518,0.6433861289556113,-0.10851947029332643,1,0.10851947029329141,1,236,2,2,-1.0903028887984274,-0.7271950097061677,1.6338613995382045,-1.6338613995382274,0.1681779497961027,-0.8147133030053444,0.8147133030053038,-0.20531141900338187,0.28296778639203596
-0.31537882592835476,0.9163574448715137,-0.9648951640504274,-0.566431969794434,-0.35157456942360166,0.8075008074723887,0.5076348096001567,1,-0.5076348096001398,1,237,0,2,-0.1482781786013815,0.47553840637314004,-0.4419254810111351,0.44192548101117257,0.3746449618361795,-0.7626097250522438,0.7626097250521592,-0.549524737493052,0.6163867342580026
0.15588867716182223,0.8097791562542782,1.1669817286716606,0.042802037080045215,-0.39811503126519027,-0.10346817746893919,-0.011922781792994924,2,0.0119227817929903,1,238,1,1,0.3051535455253741,-0.7026028805269215,0.37306372482999944,-0.37306372483001504,-0.05468396825049762,-0.8523010826171633,0.8523010826171329,-0.05058580752498082,-0.11901089269722806
1.2359278227604564,-1.3344202720240812,0.5741066778138579,0.4025298618947629,-0.5400005020278089,0.6874300161772997,1.2593967043757257,1,-1.2593967043757048,0,238,2,2,0.6520735909801589,-0.6475134403202564,-0.9120733985037527,0.9120733985037713,-0.7267030511705265,-1.7040048800499379,1.7040048800499799,-0.28190261941177713,-0.5368439798157573
0.48648469431492325,-1.2948314157675391,0.4079555361833602,-1.6359984583432419,-1.426915714036916,-1.5849519558992173,-1.35284748797578,2,1.3528474879758088,1,240,1,0,-0.14345364183855316,-0.6007879345482141,1.8747799911726293,-1.8747799911726246,1.926020680872396,-0.1363309488345295,0.13633094883451904,-0.8993481991027357,-0.5419108019098855
-1.588710511459356,-1.710204069852306,1.4593281232460047,1.5631092588712723,-0.30258086521929184,0.9597391428672563,0.2492255157510186,0,-0.24922551575100652,0,241,1,2,1.2901530505370926,-0.8280024622766755,-1.1494228120468983,1.1494228120468868,-1.4929084091266798,-0.29561870471595897,0.29561870471599233,-0.09469342846741224,-0.579501096199733
-1.602059082991155,-1.4176870707389475,1.3751973653792509,-1.622531292294288,-0.8268933702552299,0.7579891448796765,-0.27592656914658964,0,0.2759265691465736,1,242,0,2,-0.5494560937317332,-0.8070725978739609,0.3770783450286155,-0.37707834502863585,1.6124618859938427,0.0532659435248175,-0.05326594352472648,-0.5854296055992654,-0.4801001122396493
0.1796899352907208,1.3516627931668088,1.1745613930627847,-0.5712679955501665,-1.0708647487538745,-0.32266836461326204,-0.26140843034359296,1,0.2614084303436046,0,243,0,1,0.3462445866328241,-0.6867741748574128,-0.010190132258298148,0.010190132258318042,0.5892555983267007,0.16435068442265416,-0.1643506844226261,-0.8707686583607772,-0.612766813302894
1.0969396174649744,1.3388857930317073,-0.08798527321895445,-0.3659119802979064,1.4039636038031156,0.9316726080122786,1.3282649156422148,0,-1.3282649156421868,1,243,2,2,-1.2247600117329733,-0.28543771928412,-1.140524791809062,1.1405247918090742,-0.03753178544038827,0.13368676668192606,-0.13368676668193027,-1.2278394413371005,1.507446462029467
0.2967463213668376,-1.0063991753407944,1.378483780944186,-0.8556874514921909,-0.4726179704898885,0.7010308835738158,0.6801338852488662,0,-0.6801338852488795,0,244,0,2,-0.2644846270106623,-0.7952180461550767,0.46532829262421815,-0.4653282926242481,0.6023732613172537,-0.7715084235300086,0.7715084235300413,-0.8652534304214047,0.7654077224238289
-0.6114377790737004,1.1551000964685465,-1.702289404016263,0.854039326815774,1.719038040958618,1.5143117557559667,1.1457658347036495,2,-1.145765834703642,0,245,0,2,-0.5993812362821522,3.79046995936281,-0.33391034297564076,0.33391034297565586,-1.1029931417060763,-1.1706975136198323,1.1706975136198279,-1.1947359519634122,1.1756592486160389
0.6643228820056015,-1.5123108998631776,-0.9537394403770223,-1.4767882450239573,0.5766897704886942,0.792826539878005,0.8753434239931667,1,-0.8753434239931812,1,245,0,2,-1.420199745086444,0.2383636343716928,0.19428379993439637,-0.19428379993441222,1.148705590907932,-1.6833062734199642,1.6833062734199709,-1.1270137365076793,0.6487623413740683
0.8064041290287367,0.8829702599107988,1.3447357007107164,-1.4946284695999363,1.5605901320130262,-0.11928403775125138,0.12770893873633982,2,-0.12770893873634762,0,246,2,1,-2.113554122466588,-0.7327074344044485,0.5367321792154616,-0.5367321792154571,1.3740090945205519,-1.8565627407728684,1.8565627407728424,-1.556070340840364,-0.687796466656317
-0.009676163259991573,-1.7250806463810566,0.7235619705952159,-0.3148734462255226,0.8505439049566469,1.6169240612017368,1.4065964492725576,2,-1.4065964492725551,1,246,0,2,-0.8064156286188281,-0.6979869860643559,-0.9175042285628574,0.9175042285628653,-0.10646204980025878,-1.8914402504332495,1.8914402504332706,-1.5323543374650324,0.13361885214731647
-0.8305918695447293,-0.030206393275571813,-1.553272207150325,0.6313424503242342,1.1172615354062903,0.041500207501501345,-0.30069788821122106,2,0.3006978882112182,0,246,2,1,-0.3368238852472413,2.2014158816851697,1.2253860892587356,-1.2253860892587403,-0.5170525111768414,-1.4547199659110173,1.4547199659109964,-0.8413782580837795,-0.7362495618475359
-1.0985390803309873,0.6113740655829326,1.296164599180307,-0.5349068541817198,-1.1587761843786457,1.2610099151327325,0.5344825974359386,2,-0.5344825974359487,1,247,2,2,0.4322333844818831,-0.7325293223296431,-0.5990991427457971,0.5990991427457922,0.33751912281949087,-1.1825430273912871,1.1825430273912607,-1.4867779137631247,-0.3469544866337642
-1.1447672670959146,0.5196689035117094,0.884568128228376,1.1959491406849523,-0.7881316891390515,-1.419580739054592,-1.6993674460924353,2,1.699367446092425,0,248,2,0,1.3723828395561783,-0.6535064177420338,1.60324356134298,-1.6032435613429812,-0.6548355455803534,-0.03614005170089037,0.03614005170081991,-0.24484081637392252,-1.40954892419038
-0.7026285201931336,1.0629653627148208,-0.6428910599104786,-0.14435777220561988,0.7078568360418608,0.8616363898786232,0.41208870452084734,1,-0.41208870452083907,1,253,1,2,-0.5897600790768759,0.08992987245075229,-1.5149572198888825,1.5149572198888965,0.0045257415766818436,-0.16276157394993507,0.16276157394990845,0.38258755709000863,-1.0553915695214509
-0.8462046606698488,1.660000004767033,1.1476320987979765,-0.30440234949092987,0.683517481654235,-0.16375848835992773,-0.5911055481332599,1,0.5911055481332594,0,253,2,1,-0.6835664413602633,-0.6715375374942693,0.7201224009273287,-0.7201224009273354,0.42661119303249995,0.7267252965866172,-0.7267252965865987,0.3874531467863935,-0.2203816924231208
1.1719052526132527,1.4964950171934965,1.390676919399318,-0.6411767837710896,0.7083435553916119,0.12760164953445152,0.6171098042801635,1,-0.6171098042801669,1,255,0,1,-0.9335925174673381,-0.7222014742019636,-0.8667897406018245,0.8667897406018228,0.41550041247562697,0.31806680137125326,-0.3180668013712822,-0.2038465642943126,0.39448148343494593
-0.7035007186254795,-0.8217571004995071,-0.10752057902791566,-0.7736147318607692,1.480089985588153,-0.31844974060750175,-0.7096096998137298,0,0.7096096998137339,1,256,0,1,-1.5593333922677797,-0.388210057418658,0.9522847956391025,-0.9522847956390976,0.9051135065806463,0.8720051593326797,-0.8720051593326772,-0.31476661589153315,0.677855586782659
-0.3187527761743919,-1.037452978156968,0.5240270472642329,-0.21623186680486986,-0.8836104124472733,-1.0591542403391438,-1.1247103571242498,0,1.1247103571242334,0,256,0,0,0.46210231034908533,-0.6227183771305017,0.2981052112272807,-0.2981052112272955,0.48843983931597607,0.616136197714916,-0.6161361977149284,-0.9709627655049676,-0.9945552808689492
-1.6475133779316082,0.9018857684272384,1.4307386894252296,1.2136829205569175,-0.054468353712805485,-0.41952130826344314,-1.0489522585887228,2,1.0489522585887117,1,257,2,1,0.8768288759726325,-0.7466764504665395,-0.05413605499628713,0.05413605499629101,-0.8424970143908379,1.2666720412439376,-1.2666720412439345,-0.3399239192927822,-0.8282707374230367
0.1794166098462772,-0.5355032168632262,-0.588783989813433,1.093650834461554,0.2891035022921837,-1.550904239963391,-1.1821512867710326,2,1.1821512867710202,1,259,0,0,0.5560320599688551,-0.07054040676583874,0.09581201463663153,-0.09581201463663258,-0.6999103900661868,1.5298381316255332,-1.5298381316255576,0.3097074745574399,-1.2265257150852806
-0.8938800463052271,0.6201721266705175,-1.5781765823793306,1.154567885675606,-1.7215383711128418,0.4438290350151079,0.08352150152980845,2,-0.08352150152981497,0,259,1,2,1.9898422182838549,2.4940353202271326,-0.9080213163451513,0.908021316345156,-1.0891165751704817,1.767421009444462,-1.7674210094444875,1.1441336079851452,0.47389450279885653
-1.15878079226005,0.7210578959076113,0.7281443022162153,-1.0265754240249698,0.820481206848818,0.4934147345877709,-0.2329685578522692,2,0.23296855785225978,1,260,0,2,-1.277670748330788,-0.6087506832531431,0.22734204063352337,-0.22734204063352556,1.0177523125484362,1.5551941416319386,-1.5551941416319703,1.0265907212579324,0.905365015750476
-1.0576382378283498,0.8696417728083269,-1.7292401070872585,1.4831203859366988,-1.293690965720289,-1.2768851455461934,-1.49889474207348,1,1.4988947420734777,0,262,2,0,1.9208597147211737,4.073145341217437,0.9086593825954252,-0.9086593825954206,-0.963452877177206,1.7218016226297288,-1.7218016226298014,1.816226326872016,0.01368663047336042
1.1804246720874065,0.18650383909338972,0.5459304416900694,-1.079783547849143,-0.5301377075335209,-0.5796561948714024,-0.0572773770101536,1,0.05727737701018123,0,263,1,1,-0.3796093032492457,-0.5802988141359054,-1.0342795113266425,1.0342795113266645,1.0207807330574796,1.2802533896348858,-1.280253389634871,0.7505245097156723,0.20592689294420874
0.6242032888154952,-0.18770569361391623,-1.6227303434570333,-0.902253951055988,-0.5537225834643041,-0.025755827932522467,0.1853935053379313,0,-0.18539350533793117,1,263,2,1,-0.2405425798121998,2.6694396196237853,-0.1739130165332445,0.1739130165332249,0.7828846295282142,0.6713471868924067,-0.6713471868923647,-0.1769097414924396,0.11637632817123206
-0.6903042878954279,0.22207276615955698,1.2189203644216575,-1.6730542922642475,-0.04013055868333346,-0.050466064326807385,-0.55926623977776,1,0.5592662397777187,0,264,0,1,-1.128955606590849,-0.7308942666947684,0.534597499490312,-0.5345974994903421,1.741547780538648,0.957551664425748,-0.957551664425732,-1.4908169360268213,0.3192619756405101
-0.5721185735819382,-1.4754173924630298,1.3349874349184983,0.4414538072050071,-1.6669609990115726,-0.4202672520162486,-0.6074846110853185,0,0.6074846110853075,0,264,1,1,1.4590260270487811,-0.8027138622797844,0.03482971814999858,-0.03482971814997685,-0.2618270672994527,1.1243068223965267,-1.124306822396512,-0.8086698713489066,0.396756851417986
-0.6905206763282578,-1.6477167499666987,0.6028198514745755,1.6452724037870066,0.03982142686058624,-0.17468535750124572,-0.31789298535593846,1,0.31789298535592764,0,265,1,1,1.1099614646925218,-0.6668382535479532,-0.20758343977400517,0.20758343977400545,-1.4160602374303561,0.5984598451972363,-0.5984598451972369,-0.7333229227629348,-0.41040300974620836
-1.523855709001234,-0.4656101582283981,-0.4835518014218647,-1.006198106543982,0.21133164043643313,-0.8331857681491299,-1.5940936527740828,2,1.5940936527740852,1,265,2,1,-0.8419510394628087,-0.14751726491404044,0.9160323731512218,-0.9160323731512128,1.3729212662683494,1.2827350281293477,-1.2827350281294063,-0.6991300799219998,-1.0335918500257775
-0.5759672040175129,1.14714310965273,-1.3666141660420612,1.459979922440399,-0.6320437615393,1.1106417715132744,0.8667290826095613,0,-0.8667290826095863,0,266,2,2,1.4468926511492708,1.4820459783743352,-1.7656634092561865,1.7656634092561676,-1.564894906477129,0.9793669325877883,-0.9793669325878707,0.39852579000792737,0.578581991209334
-0.43366692673768936,-0.09050262768597853,-1.0842083748758544,0.10851895766100705,0.5963398756665217,0.6388157274486771,0.370948887812924,0,-0.3709488878129145,1,266,2,2,-0.3377357521903254,0.5826468472028776,0.3560010154764685,-0.3560010154764439,-0.218741783638651,0.5651839644370655,-0.5651839644370545,1.2263669099882022,0.9755169614666119
-0.7497057411820196,1.6335434144963885,0.03475360067757313,-1.3910023988058708,-0.9899544028471353,1.4674983447053167,0.798076014912838,0,-0.7980760149128453,1,268,2,2,-0.27651452029237017,-0.33084796770723207,-0.30627920220358107,0.30627920220356925,1.0864201892749665,-0.06064897971177419,0.060648979711749165,0.3748820788354563,1.3038290273652426
0.41507298359326883,0.5930976676019281,-0.8359375197836271,0.8678017989976607,-0.6853086890024084,1.4438664909619994,1.584616644169501,2,-1.584616644169469,1,268,0,2,1.0743348278551887,0.266367318001418,-0.5641950804266725,0.5641950804267012,-1.2319325821292753,-0.9077509692626287,0.9077509692625865,0.013615913524792543,1.954482227810029
0.524096737811447,-1.0147626993668004,-0.2766385290440868,-0.7628147753512672,0.3846071870984778,-0.9382573025772237,-0.663929272644938,1,0.663929272644971,0,269,2,1,-0.7936133036190224,-0.31233254747432154,1.6137893506416208,-1.6137893506416212,0.8822287869889096,-1.3219113418507005,1.3219113418506943,0.12670850148746052,-0.5763612380317128
1.6211561574430753,1.4170155182349595,0.3324034475933985,1.3275961030149948,0.3154808459177507,-0.1438380645814034,0.802664772408524,2,-0.8026647724085161,1,269,2,1,0.699521977690053,-0.46194797018836453,-1.0522028289430148,1.0522028289429972,-1.4319104573734873,-1.293386385241607,1.2933863852416507,0.06519389952260046,-0.18783461668196608
0.4447942925942494,-0.4580324286777638,-1.0297864181243293,0.406752256994135,0.7006322505274872,0.8764349516508765,1.043117637029042,0,-1.0431176370290498,1,270,1,2,-0.20372768568141256,0.4507873399862269,-0.17232136238922893,0.1723213623892178,-0.6725513693522056,-1.5926729044467247,1.5926729044467594,0.20377354453338478,-0.09243364122865795
-1.332690168718788,0.5473390402830443,-0.7365888409182949,-0.16791305488799976,1.4941716503089546,-1.502748722283842,-2.0101447261908465,2,2.010144726190837,1,270,0,0,-1.1503043025359305,0.1474664111557787,2.1912555497404553,-2.191255549740457,0.6829557284834284,-0.3422984832249259,0.3422984832249181,0.7721047385201552,-1.706979105624726
0.040886350998189165,1.3008584485408785,0.21226225437965035,0.7835911052489357,0.9398046816721332,-0.6173612499477237,-0.44846507709386707,2,0.44846507709383243,1,270,0,1,-0.10873159177800026,-0.42225157833060784,-1.1204364565783096,1.1204364565782918,-0.6155601807170947,0.5629413874564585,-0.5629413874564373,0.7329746746677775,-0.7425348794378254
-1.2911979341443693,-1.3991795366117559,0.7432152436621148,-1.5282549515190105,1.2751403447292298,-0.28473791220419276,-1.0460955630739237,0,1.0460955630739304,0,272,0,1,-1.9392252275420159,-0.690383905291532,0.4290889967020558,-0.4290889967020264,1.7336166823343642,0.7331028520490791,-0.733102852049081,0.3772986715939846,-1.6157252053718412
1.6411925662438511,-1.1419274563734507,-1.3454551979675315,1.0863453970774368,0.6455489014544644,0.7395107699458957,1.5760974891118555,0,-1.5760974891118622,1,272,2,2,0.30426269264971295,1.0913396736289576,-1.8814630849150396,1.881463084915031,-1.423543843740488,0.3887280415696369,-0.38872804156965846,0.26519704758960594,0.6297895267255088
-0.12231697946098029,0.12830882788252462,1.5201120653378621,-0.7451212026183414,0.2070923987810031,-0.18037743641802886,-0.2999365924332931,1,0.299936592433277,0,275,0,1,-0.6585109083227841,-0.7833783228952237,1.3464740812778926,-1.3464740812779004,0.7655219236340767,0.9867296980111832,-0.9867296980112068,-0.270042362252877,1.6920206018537964
1.110348073084277,-0.5060335300800985,-0.19270449419638014,-1.4038611021819234,-1.216670336880958,1.0777168934417984,1.355043659607917,0,-1.3550436596079114,1,277,0,2,-0.1284804212959146,-0.32911445697713,-1.1873891637044933,1.1873891637045093,0.9443824923132806,-0.5116373707192706,0.511637370719251,-0.8443485917341286,1.3524139764334793
-1.1698768976553064,1.4931273645668532,0.257175379049598,-1.1495050128711568,-1.0988740592695445,1.297594016856064,0.46711803490572096,0,-0.467118034905714,1,277,1,2,-0.03415551339425336,-0.4309787770191522,0.6374053932707154,-0.6374053932707149,0.9435167267485115,-0.9193053602722907,0.9193053602723248,-1.7425976283769955,0.8709677138448636
1.5002572822618894,0.40816833638491995,0.06553553897289223,-1.1129230686688873,1.53706341382486,0.2892426635410015,0.8714736464987085,0,-0.8714736464987196,0,277,0,1,-1.833362605020226,-0.4039640964306798,-0.28993831521631697,0.28993831521630414,0.7965605108149304,-1.7731127036472643,1.7731127036472885,-1.5496059503325543,-0.20140253406251055
-1.5745550347232693,-0.37697784830569486,0.3730244187432241,-1.4786354317861479,0.1610706874598976,-0.7494874804753758,-1.594200900165769,0,1.5942009001657658,0,280,1,1,-1.1338005490259524,-0.5518131668050171,1.7696013079529418,-1.7696013079529374,1.8368793765151696,-0.36152138692062824,0.3615213869206688,-2.741471960996696,-0.9572279826543699
-1.3666520523214647,-1.5937489747347038,0.8736065704546918,0.9496466375568662,0.3671667305770318,1.6482944074240733,0.9075374453349992,0,-0.9075374453350222,0,282,1,2,0.40243653065560847,-0.725199768379248,-1.7950245363509305,1.7950245363509172,-1.1250232279617003,-0.8991552805160786,0.8991552805160672,-1.9539665878799544,-0.9212184166762498
0.6786019736546343,0.7564688262688603,-1.5514364505045546,-1.379499062087244,0.8163183097864538,0.2366161673440818,0.39565060920610745,1,-0.3956506092061164,0,282,0,1,-1.5187971127564917,2.3369667189027368,0.3675591748653064,-0.36755917486529655,1.1868418368853033,-0.47198069535548526,0.47198069535544507,-1.942646313196984,-0.03488989270871813
-0.5262221781788791,-0.6683969923354458,-1.2971364034931114,-0.603554123307131,0.5896779880203524,0.22878239931596356,-0.1161738979678003,0,0.1161738979678226,0,283,1,1,-0.8254446335890775,1.0085593128006574,0.36751444747731865,-0.3675144474772965,0.5802558678048101,-0.21226702602208933,0.2122670260220788,-1.688960086212002,0.0028802887173084673
-1.2981863746800504,-1.6320507664943644,0.2686889181601369,1.5761241233817878,1.298783979854114,0.7111809042326236,0.1701203828752772,2,-0.1701203828752718,1,283,0,2,0.19074524126858663,-0.5729030539460306,-0.20521725821141057,0.20521725821139855,-1.4835344619798059,0.10001404513420768,-0.10001404513422076,-0.43944433419875334,0.7775147744552637
0.5443784535724251,0.4938152793160427,1.3007626347805215,-1.1670091588024707,0.0889757018029343,-0.8884463403139398,-0.6524698817580282,1,0.6524698817580337,0,285,2,1,-0.8684438414157428,-0.7369457258794258,0.5905206027158975,-0.5905206027158978,1.2697528431065008,-0.3192964313725315,0.31929643137249736,-0.2946413950813687,-1.0422838130263918
-1.182780899316425,0.6521425256324255,0.7214716004782222,0.7511393018768342,0.7605762146428412,1.4196912745926602,0.7718109223383776,2,-0.7718109223383954,0,286,0,2,-0.00711304749384743,-0.6095981648321235,-1.0218387590446416,1.0218387590446254,-0.9112796888467952,-0.2588635137772335,0.258863513777261,-0.38688151773731455,0.06554725451792061
1.0733729738614775,-1.4228363073311605,-0.21368725931512028,0.8673005649155983,1.4761499525040014,-0.14812286498312247,0.48294781270292975,0,-0.48294781270293924,0,286,2,1,-0.4220943051363977,-0.3686514757692163,0.20751688391635065,-0.20751688391634476,-0.9386553052169427,-0.29773303307783944,0.2977330330778435,0.6571356842875414,0.5582244126337313
1.1262178465053754,0.7618410405847779,1.2399277376600626,1.3281600681203058,0.9615399703613802,1.12158029841867,1.692166050736106,1,-1.6921660507361094,1,287,1,2,0.2527334104128166,-0.7177811713098189,-0.8675094134127271,0.8675094134127321,-1.6668323973988974,-1.1029054982040083,1.1029054982040465,1.554742583010439,1.2983944900093152
0.5768565818871226,-0.23421793207023409,0.37919729087486276,1.4578983921835278,-0.2789452330673393,-0.729815476721628,-0.21608261619102476,0,0.21608261619099955,1,288,1,1,1.2010516208610238,-0.5477389532737487,1.3695913348883626,-1.3695913348883793,-1.278382416859785,-0.9309466687703659,0.9309466687703324,1.4998067998593603,0.5561079254237212
0.12823861983187126,-0.6162916901087313,0.10663624504964701,1.2145441167386382,0.6108621197454895,-1.690491763234372,-1.3189794298148165,1,1.3189794298147823,0,288,1,0,0.4169068885426983,-0.46953341653501757,0.7916691664753202,-0.7916691664753271,-0.7719509180757214,-0.6341799373691561,0.6341799373691509,2.606439788988133,-1.5197682688214036
0.016851041521658654,0.9714498190270311,0.20244828641975873,1.6773462542605362,-0.7139508773217436,0.32261693094945165,0.4746460985088862,1,-0.47464609850892014,1,288,0,1,1.6538706034446355,-0.433312801526818,-1.286881302923843,1.286881302923844,-1.6516315924921463,-0.5018658036671731,0.5018658036670904,3.036819062378663,-0.9434329417513244
1.0946145994668388,-0.9963545215351911,-0.815144230704922,-0.7435421503593548,-1.0409053024462778,-1.3665081789843116,-0.7664569394857359,2,0.7664569394857063,0,291,0,0,0.20639917729813934,0.11229318929903163,0.8908462411278006,-0.890846241127798,0.8918455378132387,0.0544379515980623,-0.054437951598151714,2.288311058241741,-1.316311477431856
1.3781753682010798,-1.0427777776098568,-1.5412285189054895,-0.022191592901988782,-1.1595731151544877,0.4306849350842522,1.0542084900889552,2,-1.054208490088953,1,294,1,2,0.7872710432466138,1.9408564420176608,-1.3062851924170256,1.306285192417049,-0.28252517605729194,0.33849176687782206,-0.33849176687792143,1.6608450635234093,0.9604669392705063
1.6128359998721378,0.7149875694453511,-1.3059028990888464,-0.5792405363692538,-1.4441854642060536,0.39051063657021534,1.073518647467447,1,-1.0735186474674514,0,294,0,2,0.5991313936090994,1.213902603389038,-0.01362889477543414,0.013628894775429447,0.23218801112944332,-0.23570968746365414,0.23570968746365822,0.7142506014437268,1.6670057614968492
0.09788479328428133,1.5779920332653192,0.926659127925033,0.3047246586299893,1.5372922581576136,-1.5285890585171125,-1.2857511901188052,1,1.285751190118804,0,296,2,0,-0.8533739609465065,-0.6263949293831296,1.693245066953905,-1.6932450669539039,0.04593204363314791,-0.250504728455356,0.25050472845526767,0.2914860818192242,-0.5244685497779837
0.006369162488716021,0.34267717363158623,-0.49768432946293445,0.8774920830745386,1.6829859665931408,1.4300426671952848,1.3740869944465752,1,-1.3740869944465808,0,296,1,2,-0.5582123153402042,-0.08467829486621001,-1.9084773103691353,1.9084773103691333,-1.1846124996884946,-0.6509853150488122,0.650985315048807,-0.08018102360194856,0.6021430698591865
-1.539365996083055,-1.71423429893028,0.5981225365097312,0.957113489190136,-0.6250708625685404,-1.020340559703405,-1.5603383517436213,1,1.5603383517436038,0,297,2,1,1.0943895914661956,-0.6682588774169568,2.1059778586445157,-2.105977858644526,-0.47679393871113995,-0.29750561993744407,0.2975056199374452,0.7100602249150522,-1.5346720472975592
1.0683211234684586,-1.3578211342311717,-0.8391074231397324,1.657575855187674,1.692022710528435,-0.5609444659213931,0.19556274244445324,0,-0.19556274244446364,1,298,0,1,-0.025125330989010763,0.10971003184518201,-1.2598101703643332,1.259810170364339,-1.5613216369723217,0.08481072152071364,-0.08481072152068127,1.490595387076527,-0.6332369858727274
0.5158311696360225,1.6581031738142225,1.0379444604649466,-1.0996603765793342,-1.0021660254892955,0.09290350870020107,0.21762803909342993,1,-0.2176280390934278,0,299,2,1,-0.06663120757257858,-0.6486299753894669,-0.015605988458073075,0.0156059884580821,0.964175327415667,0.4659003233495629,-0.4659003233495872,1.2487726366521221,0.5670272427096641
1.0605096040196043,-1.1879920596498488,-1.491756068941381,1.382267033878989,-1.3403805659216266,-0.06324498524572032,0.6072179303464861,2,-0.6072179303464929,1,299,2,1,1.8834475784610445,1.65521293186787,-0.2793424035262435,0.2793424035262373,-1.428484159792194,-0.3769537065164719,0.37695370651644505,1.7494727267493226,0.07432002911395345
-1.6341657009657409,-0.4617468301931932,-0.3784393544829826,0.14387173459014269,1.6100386362433365,-0.2805102883919299,-1.0318718990166176,2,1.031871899016619,1,300,1,1,-1.0149383975501118,-0.21906257828124365,1.1764423920822025,-1.1764423920821976,0.12662924575253887,0.6943116021057163,-0.6943116021057169,1.408582397959799,0.4551588277301394
-1.2743248885742458,-1.1761710996409127,1.1014970745762616,-0.42615509482513875,-1.5072005339716439,-0.9482143066848184,-1.5136380520466544,2,1.5136380520466295,1,302,2,1,0.7485898172383132,-0.7545569966205677,0.3459445098971992,-0.34594450989721814,0.7928369766859258,0.6735180585819587,-0.673518058581949,0.7658209432327592,-1.4536046551419683
-0.6139712319180345,1.498798379540247,0.12493105363319787,0.7360483458221166,-0.9606683420475547,-1.0500122333067676,-1.159283842891341,1,1.1592838428913288,1,302,2,0,1.17383572349733,-0.37749035892240423,-0.25405720461606857,0.2540572046160779,-0.3831613224547087,1.276770320837408,-1.2767703208374577,0.3376160600050751,-1.5179233028394226
-0.14673105960888083,-0.9326520845308948,0.5644179683080657,-0.014823191614587141,1.598657066232288,-1.5272853742104597,-1.4377572208083171,0,1.4377572208083316,1,302,0,0,-1.1167805291994672,-0.6293069888602374,0.20006119078131931,-0.20006119078130044,0.3840993282285679,2.0138389408189274,-2.0138389408189923,0.8417058190060807,-1.3134637960861855
1.325190321877875,1.2997603769138737,0.9733416982609079,-0.06780185867284423,-1.308016972076167,0.6372826605223121,1.2081380218925604,1,-1.2081380218925772,1,303,2,2,0.8584839813930133,-0.646509230300932,-1.8984718262278577,1.8984718262278364,-0.2820012168095124,1.746276245098596,-1.7462762450986429,0.1679043594764033,1.4154716249208212
-0.44784012906528614,0.31845652970100397,-0.9120343236928763,0.48211386938806955,1.1149472240347094,1.2433595544961356,0.9438974991832693,2,-0.9438974991832383,0,303,2,2,-0.43839710791234643,0.34370939296904446,0.18984766422074417,-0.1898476642207099,-0.7143861635909519,0.8665549747645979,-0.8665549747646452,0.32507485342459613,2.2635818843242297
0.34465549069777685,-0.7532404409608131,-0.6102723627306823,-0.281840767518085,-1.3864908694932472,0.9361580419143868,0.9745306406944799,0,-0.9745306406944996,1,304,0,2,0.7648164441532572,-0.06769488970530536,-0.02175429178802193,0.021754291787985568,-0.019879219027990613,-0.24131466082028263,0.24131466082025885,0.392133187597541,2.066621272379914
-0.10960486689535628,0.39702706753327943,-0.7137502468378061,0.7053838001380076,0.9404201204505878,0.15679831889633442,0.16160578679145277,0,-0.16160578679147766,1,304,2,1,-0.16322930146865808,0.11204386462716509,0.583584683831578,-0.5835846838315821,-0.7074421122042301,-0.829447417636033,0.8294474176360364,0.37788433656439707,0.9206566976309024
1.6491094109859554,0.2923893286422297,1.2245646560884333,-1.4734490245126026,0.21792956414723597,1.5018230745589545,1.9891991956861381,1,-1.989199195686178,1,306,1,2,-1.1695703544429723,-0.7297012553417145,-1.3112567248161084,1.3112567248160982,0.8358953195284194,-2.3553170129666934,2.355317012966589,-0.29989326432241054,0.24091987907908205
-1.5862137996934182,-0.7172515943749139,0.30538993181413215,0.2328143247057869,-0.45908167467439587,-0.17429154732045618,-0.9041432639606446,2,0.9041432639606116,0,306,1,1,0.47872496454268093,-0.5447579151109434,2.0764966936376434,-2.07649669363764,0.009831565593520495,-1.414813137470615,1.4148131374705282,-0.16020636795550622,-0.8357046750276181
-0.6866818638718131,1.0574299474401472,-1.2449511738856327,0.5144586139143162,0.24353820062913115,1.6315851417163507,1.1778072806728659,0,-1.1778072806728392,1,307,2,2,0.18712315697332685,1.076333207924773,-1.493783935543348,1.4937839355433915,-0.8062847221087746,-1.5189626451524942,1.5189626451524747,-0.1451767813049392,-0.20669125114930886
-0.2791946003270927,1.1425880855820234,-0.28554045537313244,1.1766430361180447,-0.8951935966529525,1.1467735880694725,1.013568195103513,0,-1.013568195103522,0,307,1,2,1.4331391326821505,-0.18357818823160268,0.11808642451001265,-0.11808642451003833,-1.3545230723250716,-1.5363443127635235,1.5363443127634497,0.5325348230458122,0.27597607307214717
-1.1164401257719259,-0.6874438374458648,0.8434229649462895,-1.187034919252992,-1.3037510247004847,1.1174764582724315,0.32823819179577535,2,-0.32823819179578895,1,307,0,2,0.081705034883282,-0.6868743215182421,0.49202235311624254,-0.49202235311624604,1.0182328870330273,-1.610538229899095,1.6105382298991089,-0.34681270431406974,-0.4384291159959311
0.5564877399099528,-1.7041476321549045,0.01553963502291289,1.4878692272392724,-0.527357254845767,0.23313356820576148,0.6375897635403104,1,-0.6375897635403284,0,309,2,1,1.3937148598192444,-0.48622277114098794,-0.221763218217384,0.22176321821738101,-1.5290698826774127,-1.0087273263968957,1.008727326396874,1.0292188555733262,0.6932091985140068
0.3796636230281971,-0.8812011413392542,-1.5042898858025662,0.6413389058040485,0.6474139554777376,-1.0954736095269777,-0.7256553121946278,2,0.7256553121946312,0,310,1,0,-0.004701135530369811,1.7697564767384806,0.9784956219738823,-0.9784956219738676,-0.41269419103222954,-1.0881999854075903,1.0881999854075743,1.2190473943494002,-1.3027453924782768
-1.4236930046958003,-0.5218229848137322,-1.1623610018865584,-0.8363376778288811,0.6269779487845245,1.4602011530824155,0.5219627838670194,0,-0.5219627838670322,1,310,1,2,-1.012206454366763,0.6925847423303854,-0.8950652315654439,0.8950652315654328,0.6273114238477471,-0.7961819217625297,0.7961819217624597,0.5913747937034252,-0.6352915905081685
-1.0347412349906187,-1.48546703605965,-0.39880800281453416,1.3708579173481406,1.0539713719040937,-0.7742552688259281,-1.050547712150626,2,1.0505477121506512,1,312,0,1,0.21827662960071748,-0.26846365448831605,1.128664923711502,-1.1286649237114754,-0.9819011929263562,0.12287607645364983,-0.1228760764536438,0.6816203476266781,-0.8953599152824039
-1.5920688957064923,0.7731178303791058,0.9567373555057203,-1.5661463092608816,-0.6774692120951398,-0.28658245141158395,-1.1984165510851494,0,1.1984165510851608,1,312,2,1,-0.6138980319538916,-0.6607889833608642,0.10633910140665212,-0.10633910140666218,1.8135624547374825,0.8026267857177856,-0.80262678571772,0.5054591947161381,-1.2448902774575732
0.7068508587120147,-1.4921071231153469,1.6479332662612898,-1.1100245855196824,-1.2963058375664416,1.6117919598914405,1.6667938197870127,2,-1.6667938197870478,0,313,0,2,0.12979590056598536,-0.8471638992735556,-2.0558528192915246,2.055852819291492,0.5742942619801967,0.3443684987844628,-0.3443684987844521,-0.7017004455818007,0.951575295239038
0.5469594509287797,1.6423747076250101,0.013287264803594628,-0.018440581081913206,-0.5442593112460359,-0.5733780089379835,-0.2476905945743433,1,0.24769059457436027,0,313,0,1,0.36396675317013216,-0.32030781318526275,1.3740661202435145,-1.3740661202434783,0.06586001714198936,0.13155230224713946,-0.13155230224712314,-1.008279245744298,0.3647818209879703
1.0252416213617532,0.0007447634140935588,-1.6489022548618564,0.46575823422550844,1.6137745684628542,-0.6538482165158881,-0.035040777803632274,1,0.03504077780365135,0,315,0,1,-0.7949752616149734,2.9383326683297715,-0.1523698373061787,0.15236983730618034,-0.4373838905963932,0.3795609419699547,-0.3795609419699117,-0.4032361815862181,0.9258267418700459
-0.21626936847646144,0.15011471274903992,0.5697000095685818,0.4063498389509004,0.6357762198797725,0.38712489761904856,0.28365501626622364,1,-0.283655016266228,1,316,2,2,-0.15911494200991155,-0.5883766787983886,-0.22846865163290767,0.22846865163289096,-0.46856985668184953,-0.2144995390737144,0.21449953907374203,-0.8514127849809368,0.3909952898485691
1.0587777492037855,0.4925976262082787,-1.7161319828179118,-1.2131262446925677,-1.5058403809092635,0.5960921402187535,0.9198247816304651,2,-0.9198247816304637,0,317,2,2,0.20354461913987779,3.7941994923398665,-0.4562886351004699,0.45628863510047435,0.8799667817717924,-1.1576571554374748,1.1576571554374484,-0.6873754513265391,-0.30106320766565353
0.26078892850855806,-0.5906855031123986,1.530605252422171,0.34216350620681185,1.61522014597842,1.5154076455817094,1.5175073187307535,1,-1.5175073187307813,1,317,1,2,-0.8814279598288017,-0.8056410445532102,-0.42867011988471876,0.42867011988469805,-0.7411159030698453,-1.0911865893518706,1.091186589351862,-0.012589266516392215,1.3934991781564532
-1.0204673175741528,-1.4427942333731911,-0.7508089271118873,-0.41279349522396425,-0.30969771894391696,0.5665717734780336,-0.03498976392946492,0,0.03498976392944908,0,317,1,2,-0.07103974288045115,0.009682759340164847,1.1143032565750268,-1.1143032565750188,0.37751020396416274,-1.1858927049069146,1.1858927049068881,-0.19583267686987313,0.38217567504229494
-0.3927295699329984,0.18021743714946944,-0.10295836015971264,1.2732808926057564,-0.9951437806724106,-1.1046544881254605,-1.0432075033387362,0,1.0432075033387453,1,318,2,0,1.5691354118680756,-0.33808430853090476,0.7237272654926117,-0.7237272654925941,-0.8971269667762637,-0.7370013953724058,0.7370013953723535,0.17939773364005085,-1.1240886752059076
0.5005418983427182,1.5822468589381407,0.10540483015352008,0.9010401554646792,-0.2361872251381137,0.2738230205052488,0.5843452777913432,1,-0.5843452777913459,0,320,0,1,0.7864500411291173,-0.36514766308361296,-1.1677071534154366,1.1677071534154286,-0.9958073695357078,-0.870885247955003,0.8708852479550224,0.40926478271218114,-1.0068640670628108
-1.0784065188181222,0.31230932065330175,0.7294316210638696,1.6913644341678369,-0.3217294330800683,1.0088863042554654,0.555491008111648,1,-0.5554910081116601,1,322,1,2,1.392081296185192,-0.6241532188653036,0.020933998463918455,-0.020933998463925085,-1.6849860410485278,-0.7086638012833745,0.7086638012833765,1.7588903547513564,-0.4074754709271628
-0.962039867659951,-1.5301643823822966,1.340543137728157,-0.9424637472666518,0.9437643585330605,1.4276276257502543,0.7066000876615106,1,-0.7066000876615265,1,325,0,2,-1.3048488878057412,-0.8052259723456354,-0.10820807601572432,0.10820807601572166,0.6781404627848161,-0.34760327464033725,0.34760327464033386,1.1619644274467833,0.9569749247555813
-1.252071299016956,-0.828543213071901,0.565158223498231,-0.9214494454825161,-1.677477157258563,1.1153237402629497,0.2884168563871179,2,-0.288416856387117,1,325,1,2,0.5240076513246368,-0.6254257570562324,0.3003172727283616,-0.3003172727283497,0.7729877851614126,-0.4916017003263266,0.4916017003263186,0.9256079871127494,0.864787173849392
-0.7956228833897695,-1.385092338685278,0.5189057091326532,0.08601693905279659,-1.2589381574291443,0.8751381316153121,0.40329659305219195,0,-0.4032965930522325,1,325,1,2,0.9308621546065275,-0.6351867313664294,-0.08220982405385924,0.08220982405382958,-0.2066984966158328,-1.1356649307720534,1.1356649307720095,0.3739237265510659,-0.19735216728093485
-1.4127885915950118,-0.14902992994379174,1.2500357691272457,1.381958537177659,-1.2590351288885409,1.351101497612443,0.6654213383370453,0,-0.6654213383370282,1,326,1,2,1.8269299518947082,-0.7480171806985407,-0.1878731491215825,0.18787314912162392,-1.4435372731348177,-1.1717644548571435,1.17176445485712,0.5973913901753791,-0.027602513355858227
-0.12951427933429616,0.324829004513747,0.5508172458417028,1.1106515201550193,0.8559211088734188,-0.08279160091039121,-0.019129950116334633,0,0.019129950116316827,0,328,2,1,0.17545575131939173,-0.5762330313389394,0.491463545713767,-0.49146354571379225,-1.022897984425274,-0.9159115806333381,0.9159115806333238,0.3275523425002159,-0.33585838654920624
-0.1184960156744952,-0.9227150497527826,-0.7456133579159674,-1.417200097787156,-0.8125919423373302,-1.1835396740728759,-1.2658104978333762,0,1.2658104978333966,0,328,2,0,-0.4173911451785387,0.044475397566193405,0.894848673729059,-0.8948486737290321,1.684907271704546,-0.03768583856408256,0.037685838564086915,0.10695727455859116,-1.0999329445446486
0.22789966344610507,-0.2626709427959421,0.23875987744013688,-1.2136820681226301,0.5720825212492707,-0.06194270069604214,-0.07318312015662813,0,0.07318312015663268,0,329,0,1,-1.23510187412116,-0.5022006637313391,-0.8556037774429532,0.8556037774429424,1.1550794279393328,0.12331837124283326,-0.12331837124280376,-0.028834044508035124,-0.8987791396608498
0.8688264919048417,-0.06429231028370921,-0.18838854027483112,-0.706940763875824,-0.8563973670697161,-1.1198166773389218,-0.6521964562835283,0,0.6521964562835416,0,330,0,0,0.1039953572340148,-0.3072963545988464,0.41572929116627777,-0.4157292911662717,0.8254849171229155,0.5932819646846514,-0.5932819646845862,-0.39729657778695365,-0.8381544496438775
-0.235733095224255,0.817399680058776,0.06919951982855889,1.235698066669161,1.506817969745706,-1.3814846494151163,-1.2180316639781936,1,1.2180316639781892,1,331,1,0,-0.18861534506064695,-0.38585961151649223,0.40627263873795133,-0.40627263873796443,-0.8174942020921566,1.4318988950413223,-1.4318988950413103,-0.465259223566282,-0.5566220526849877
-1.388462256622766,1.58501841605394,0.17659438706617714,-0.5184976796446196,1.3262868465275994,-0.13193362989527568,-0.8497131696286656,2,0.8497131696286541,0,331,0,1,-1.2764911839216393,-0.39507268425735226,-0.2640780047752637,0.2640780047752589,0.6996873004814025,1.8017202545851896,-1.8017202545851976,-1.2222736759519384,-0.09889892472161288
-1.523368123958424,-0.3795479583036604,-0.06539210119187344,-0.4730303783084772,-1.635720335961541,-0.9455225787814587,-1.6375986085131495,2,1.637598608513154,0,332,2,1,0.8051374333515467,-0.38497834976788714,0.5656163474281252,-0.5656163474281142,0.8712583285218104,1.9672607824019692,-1.967260782401996,-0.7835476690041554,-1.0363125006983762
-0.6748345269925359,-1.6013824826968945,-0.4068409195516257,-0.6202182638336857,-0.27440360589718266,-0.501612905547761,-0.8430042013740286,2,0.8430042013740537,1,334,0,1,-0.23888038579003795,-0.27058105721017145,-0.569974488220504,0.5699744882205192,0.79479176500572,2.310027494000741,-2.31002749400077,-0.5077836831950264,-0.2508563970078534
-1.6631475056898628,-1.3204558265235928,-0.9421748402499068,-0.4463663635166952,-0.7155938900014942,-0.18189876443589037,-1.0205812117024953,0,1.020581211702499,1,336,2,1,0.18669479972571856,0.24003354185942632,0.1276577471155398,-0.12765774711555508,0.6777301526317611,2.474052660755639,-2.4740526607556133,-0.386702945459129,0.12327379404260169
-0.6976760313733428,-1.6224082078720905,-0.0700951728232443,1.436719524711941,-0.5184577463848711,-1.3899660575547774,-1.4294139843404299,1,1.4294139843404274,0,336,2,0,1.3521905680304067,-0.44658811689796823,0.2936073641229657,-0.2936073641229703,-0.940602471734131,2.5681717029700657,-2.568171702970074,-0.29329458912397177,-0.17035686255720528
-0.951800563322426,-1.601097351799215,-1.2499976850057128,-0.4798967462208307,-1.0488493667980205,0.47347786060489744,-0.09182999557532297,1,0.09182999557531499,0,337,1,2,0.3941794857513025,0.7671555323162419,-0.959624943672805,0.9596249436728016,0.45637199065298695,2.2307204046300786,-2.2307204046300857,-0.2753579480348818,0.7775758089948519
-0.517915378578321,-1.5794731184904516,-1.347254479374837,-0.4747755117223439,0.43628192245494746,-1.0159553861670758,-1.210647805643111,2,1.210647805643079,1,338,1,1,-0.630233283621773,1.0370669476804195,0.803094106705434,-0.8030941067054517,0.7565309858967351,2.0406184104332024,-2.0406184104332143,-0.2761688567078246,0.05852973820436219
-1.5612386388157367,-0.6446458606511403,0.07223099285960977,-1.3168385763338466,-0.09217718096993624,-1.060165842044726,-1.8481225185527967,2,1.8481225185527792,1,339,1,0,-0.8466469608104212,-0.45732043824978985,0.457681296988505,-0.45768129698849497,1.7473915778184101,2.488152400801717,-2.4881524008017695,-0.5998664311552068,-0.44841569580291374
0.8149552077543549,-1.6359535263232552,0.8481795682907579,-0.6914428461586318,0.2499058223843502,-0.9433481191429371,-0.5191290945770721,1,0.5191290945771008,0,339,1,1,-0.651032130664867,-0.7214885843450737,-0.9534603364757906,0.9534603364758243,0.7742319131615346,2.264878321402003,-2.2648783214020343,-0.7137457734048942,0.018346022740409952
1.6406175570529953,0.9957286598870135,-1.2996470005163818,-0.006563439714473395,0.3477047667601731,0.9264169635053427,1.6267337718773622,0,-1.6267337718773947,1,340,2,2,-0.24520641183721864,1.2305219257539906,-1.5396475508856706,1.5396475508856275,-0.4516508009660109,0.9041131486658494,-0.9041131486658613,-1.3843940253189495,1.2825735514688112
-0.7137260919380014,0.29424886767791475,1.0187444134786674,0.7283975826140359,0.040435213460566735,-0.9001026220975452,-1.0747705441464075,2,1.0747705441464108,0,341,2,1,0.47561881337156137,-0.6900961103054916,1.9388332419522958,-1.9388332419522714,-0.39873044259223844,1.341772375921609,-1.3417723759216262,-0.8229376100464172,1.1637409080661967
1.3594797107976253,1.6578040146586255,1.1003983434217963,0.3232138335417855,1.2395626297233118,0.27103747988259574,0.9391362126130014,0,-0.9391362126129954,0,343,2,1,-0.6345131807706604,-0.661909857698079,-1.444955571550754,1.4449555715507567,-0.5685837582870257,0.38457022003894875,-0.38457022003892777,-0.4521370306464408,1.5594807370613442
-0.5936292411779285,-1.3074462213252571,1.1251244228032482,-1.3032172927013175,0.04125466929567404,-1.436572130955994,-1.7113790666235513,0,1.7113790666235793,0,346,2,0,-0.9295859901053593,-0.763015485635545,1.9022434028844393,-1.9022434028844246,1.6960859316933057,0.32368450971737167,-0.3236845097173434,-0.4458076480637174,-0.9572276326541329
0.6072140213574627,-0.7973347456317665,-0.7950892583718544,-0.9099071189805683,0.8759635951857762,-0.49534831086717235,-0.24329175783589072,0,0.24329175783588128,1,347,0,1,-1.235410362638952,0.10614607084047895,-1.0532743981108859,1.0532743981108597,0.9080733421945646,0.20086654700138068,-0.20086654700135842,-0.5473211324495959,-1.3630134500653348
-0.29717905967183245,-1.0100283030780504,1.5582257140570868,0.466650164296203,0.24587915142750108,0.7330457869104996,0.5597119533067046,0,-0.5597119533066824,1,347,0,2,0.15244856668198187,-0.8215692319314128,-0.5760090222997293,0.5760090222997523,-0.5974736084698007,0.6759633829794927,-0.6759633829794317,-0.3274336369730369,0.6473726872689146
-0.12660556684460514,0.5106924096723583,-0.7569885169296595,0.4241579949884256,1.0959176811379552,0.06763829101707758,0.043781224503140634,0,-0.04378122450315707,1,353,1,1,-0.46529564941441115,0.1668967640882142,0.3704610806767351,-0.37046108067676303,-0.42052839217212756,0.1779225773331879,-0.17792257733315978,-0.4688042154619589,0.14777567440504347
1.40470474504982,-0.5517469271384455,0.5793799892772854,1.6149688352485918,0.020419788682971354,0.923202389283341,1.681113385453417,0,-1.6811133854534268,1,356,1,2,1.1024389934776726,-0.6183774014106748,-1.1747248567561945,1.1747248567561999,-1.9136031700317744,-0.152446493897832,0.15244649389787435,0.13143375252389275,2.1981257648656602
-0.7808196436179344,1.484921085433696,-1.642564440878132,1.4453428765685372,-0.16527516626354505,1.5699543939487188,1.1757331417831827,1,-1.1757331417831949,1,356,2,2,1.1136926055355785,3.212144447867425,0.3628900305561786,-0.36289003055618047,-1.6333477598006627,-1.4379477380665835,1.4379477380665582,1.4086033154127553,1.22994521095135
-1.2610593981397498,0.11119562007849587,1.1985397155584123,-1.0861345938995626,1.2976619856235831,0.9124629346793682,0.08528240318759353,2,-0.08528240318759873,0,356,2,2,-1.6491364203774213,-0.7307084816411312,0.7827378370954747,-0.7827378370954701,0.987605055906397,-1.5842470372650692,1.5842470372650688,1.3267159441164258,0.05530376521087579
-0.4772113464218909,0.45233848437754276,-0.6486069347565527,1.306315142071887,-1.099094879930664,0.6324771213458201,0.47129062538289807,0,-0.47129062538289906,1,356,1,2,1.663926099194885,0.051749476029044617,-0.2767721903456181,0.27677219034562134,-1.3258195031579365,-1.5448769959046755,1.5448769959046662,1.7168818806779464,-0.23207814693095447
0.573155309011007,1.5197936575040898,0.6928064828099928,0.08576441315636481,-0.6500041534622658,-0.6868533917645421,-0.3252466464113294,1,0.32524664641130735,1,356,2,1,0.509205723861268,-0.5698052087491758,0.5718249207559396,-0.571824920755955,-0.009957463740268608,-1.3805654787381074,1.3805654787380837,1.5596410140508017,-1.468927373011891
0.593445230643228,-0.2566068240723523,0.8668993508768702,-1.5984713770731867,1.6030030760388045,-1.2252282772392658,-0.9753062528504873,1,0.9753062528504487,0,357,0,0,-2.2147067274532035,-0.6767956260428669,0.4667122428141708,-0.466712242814183,1.7835025436258976,-0.19778126268639165,0.1977812626863342,0.06645629965877432,-1.4675106145171397
0.028033872317152077,0.6907437133441335,-0.1538784366705183,1.7782072804339197,-1.134582716783886,0.28469628304614425,0.4569272018658523,2,-0.4569272018658704,1,357,0,1,2.0147508469754265,-0.2849328936926669,-1.0275455977040755,1.0275455977040908,-1.7345661630365918,0.12227070044445067,-0.12227070044449892,0.22112793098745878,-0.2204121966451559
1.3846156837028842,0.3854628893378533,1.0820741921135624,1.0229682616530582,0.3604324855499196,-1.1198038663850527,-0.21703296701001026,1,0.21703296700999164,1,358,2,0,0.4577915445995406,-0.699814660123131,0.48386333623137134,-0.483863336231372,-0.8922321822808783,0.2568781408441968,-0.2568781408441921,1.2011617691512995,-0.1865592495115404
-0.3904122646186307,1.4983950056875943,-1.530857216750942,0.3589473864937788,-0.5578349999279152,0.16030641188180336,-0.008926832669099853,2,0.008926832669062286,1,359,1,1,0.6342855031285282,2.340851570905331,-0.14910928132480517,0.14910928132479165,-0.34675370052244486,0.4706973813986843,-0.4706973813987658,0.7609497352964562,0.4309978568267035
-1.0259513795386486,-0.8723907791616511,0.012226606662691234,-1.4443083097123695,-1.0538002703887166,0.9129789537201025,0.1622928041882365,0,-0.16229280418822714,0,359,0,2,-0.26917790480277154,-0.4438698313132397,-0.1226394538531616,0.12263945385319537,1.3150215608725164,0.2536179868043601,-0.2536179868043568,0.049973009189873026,0.5611514429275006
-0.7168777790683689,-0.29331324299002803,-1.5504456507130597,0.5522330923803134,1.2957811861546102,0.8256972216642235,0.44702261908847685,0,-0.4470226190884824,1,360,1,2,-0.5150840510737168,2.134506477654574,-0.20409459419023096,0.20409459419022039,-0.6450371584751182,-0.3796811032589678,0.3796811032589248,1.0493378103922195,0.11018062576494302
0.6090202331444982,0.16459055248427004,-1.2074900136652327,0.8420629674915444,-0.37429584406513533,-0.11945409122321364,0.2795523017061556,0,-0.2795523017061211,0,360,1,1,0.8412675533198257,0.8731297423934208,0.12040516319345897,-0.12040516319343025,-0.861938697483901,-0.30070403607892715,0.3007040360789077,0.6143409577385914,0.4491032473231855
-0.7517755244937123,-1.0050067049694906,1.528422494946868,-1.0777035885185702,-1.262221446652036,-0.9055314190533457,-1.2900104683698563,0,1.2900104683698514,0,361,2,1,0.12855033683787806,-0.8172526542918926,1.1265496294321962,-1.1265496294322253,1.3587347219751114,0.1770445976412671,-0.17704459764124486,-0.36177525709011354,-0.7621394101526788
-1.4042297438930784,1.2362509733524654,0.7255774339147566,0.8179726164570492,0.8067432911582179,0.49120463527430147,-0.1586507936219805,0,0.1586507936219876,0,363,2,2,0.0071396569205165,-0.5890702907355735,-0.811637946129444,0.8116379461294532,-0.7237116194927435,0.24370994494795564,-0.24370994494792453,-0.14848065329656412,-0.7416139109560538
0.8591493415879051,-1.3901050017547978,-0.1528590753479786,-1.0638944069476832,-0.2630589154380834,-1.235359699894171,-0.7980690252131666,2,0.7980690252131982,1,364,2,0,-0.5534858824362343,-0.39678843596919394,0.45907597004496187,-0.4590759700449445,1.2096536979801495,0.6713158838348631,-0.6713158838348329,0.02828573637279141,-0.9125260925539507
0.4906761902556474,-0.5886051110737962,-0.516405836904346,-0.6611893574058205,0.19104945470657814,-0.5960703405634507,-0.36367238102173843,1,0.36367238102171573,1,364,2,1,-0.5893769558682064,-0.13122047010439833,-0.3114958228193195,0.3114958228192807,0.702804464267693,1.0322819135750234,-1.0322819135750236,-0.5355535556026062,-0.24878028079886944
0.7730220351602897,0.2853352687053163,-0.016748334720136804,-1.1251119980084252,0.3726984529158861,1.2750281859246868,1.3965377481479824,1,-1.396537748147997,1,365,1,2,-1.0358590828797436,-0.3736915427952508,-1.2629023428478827,1.2629023428478892,0.6633762689405348,0.5349385207764062,-0.5349385207764173,-1.449637962014171,1.6058892379292347
0.7120252949597567,0.04131052099154001,1.119039390695255,-0.7119200317229029,0.3669559000989163,0.07017244693397601,0.33413028355128255,2,-0.33413028355129676,1,366,0,1,-0.7462076269066741,-0.718200183164852,0.7626139252271812,-0.7626139252271813,0.5601450117057954,-0.18821832474568623,0.18821832474565664,-1.2796698344949724,0.98754838538664
0.05353627961103574,0.017821355263172883,0.23107536453883662,0.36484640406617297,-1.5135300912815433,1.6155816153455922,1.508407033992526,1,-1.508407033992544,0,367,1,2,1.2998611969450935,-0.4869361924531769,-0.8424353290930928,0.8424353290930906,-0.7592773719036815,-0.9304842142595842,0.930484214259602,-1.4902233501440312,1.6502700274349742
0.7600318944885263,0.6391676349415383,0.7719208868391433,-0.9107053316068439,0.5011705868751833,-0.36225319132742506,-0.04996779555134698,1,0.049967795551329804,0,367,1,1,-0.9765442317750292,-0.6226929601110277,1.1185211399888977,-1.118521139988898,0.8556973164151847,-1.2635800526181964,1.263580052618133,-1.4190411993656542,0.22830606856402708
-0.5704873453430487,-1.1374277462434017,0.0982069596657893,1.1750939009264245,-0.43593907091579054,-0.918820910154987,-0.9742315863857611,0,0.9742315863857808,0,367,0,1,1.1141888977505965,-0.4909571458626836,0.6634817370217936,-0.6634817370217675,-0.8277917873930035,-0.9917254929481992,0.9917254929482023,-0.5657780572284602,-1.5959838212219348
-0.09675203974350594,-1.5078742368327693,1.5455405804310849,-1.2979607516871454,-0.00400587754738821,1.7328680556879832,1.3633300558865533,2,-1.363330055886541,1,368,2,2,-0.8946239773095851,-0.8340658000938695,-1.6772109919435723,1.6772109919435678,0.8393380698304622,-0.9769396008052339,0.9769396008052723,-0.6460954429091164,-0.1336076500388228
1.2423416584741334,0.3753992505193535,-1.333680859317789,0.49256438707127753,1.6577328903663306,-0.08080301082089905,0.5856526139647147,0,-0.5856526139647458,0,370,1,1,-0.8068681055563162,1.2590311506945981,0.5582910675325837,-0.5582910675326151,-0.6279688735212946,-1.0889311845550618,1.0889311845550105,-0.08640937314173555,-0.13608732444428379
1.6415836549718772,1.2590043529596446,-0.15180966991227318,-0.995446227712954,1.5360277967147526,-1.0410254399314756,-0.23578871455738243,0,0.23578871455738354,1,370,1,0,-1.7514235105207516,-0.2556554387919048,0.5896961237679501,-0.5896961237679273,0.9884578705373185,-0.3123192474415341,0.3123192474415631,-0.7184946246688318,0.3679569049626963
1.0445886700665001,1.676733464408759,-0.943694194188011,-1.3899772684969167,1.2201428686186722,-1.3867988623515317,-0.8776344636283742,0,0.8776344636283807,0,372,1,0,-1.805554220653908,0.5109598813627366,0.46081796164779293,-0.46081796164778926,1.5503546316386225,0.05620350289421438,-0.056203502894186436,-0.9411972371080556,-0.43896225063926253
-0.1997030162164191,1.3986636445550982,-1.6541640376410185,-1.4738175262555655,-0.6865752244497544,0.21200531211927667,-0.06445440142160277,1,0.06445440142160667,1,372,0,1,-0.5437600134864444,3.3075671983013932,-0.5833115930325562,0.5833115930325546,1.406977984109772,-0.34887936842001477,0.3488793684200246,-2.17206316007748,-1.3450335644936813
-0.8954322494297079,0.6471746276503536,-0.7761751042016063,0.34601118787816953,1.382369390456755,0.9276294587203939,0.4291670283743218,1,-0.429167028374328,0,373,1,2,-0.7175969392653173,0.19912587902043377,-0.3539956524030372,0.35399565240303016,-0.4524918713158606,0.0670614220440917,-0.06706142204411362,-1.4081610461885374,-0.0457038440165937
-1.3813299403145765,-1.6122820825475528,-1.0103059656198137,0.974603396120211,-1.536525988334408,0.8414443668326036,0.18209528232926775,1,-0.1820952823292775,1,374,2,2,1.7373578213777034,0.30945892925852647,0.17752731430396348,-0.1775273143039661,-0.9548141594763246,0.2467473554138036,-0.24674735541386345,-1.1841726622464257,0.6648016609388302
-1.441465258778685,-0.9227178094434672,0.7805344745083255,0.7133533052954432,-1.0801620308834177,-1.1347579356279611,-1.6407470333775451,2,1.640747033377565,1,374,0,0,1.2408537653532346,-0.6813895509240013,1.30830355925215,-1.3083035592521297,-0.23418600886112798,0.8723121192597684,-0.8723121192597233,-0.39014720228468314,-0.39969230513204745
1.3699287952967543,-0.19970870863442086,-0.43739487631109325,-0.23412196673049082,0.24344525045884158,1.4413897801083688,1.9307656400724207,0,-1.930765640072427,1,376,0,2,-0.33037341196641357,-0.1635055003336612,-2.5626968236687495,2.562696823668732,-0.3238584469017594,-0.37814216406137224,0.3781421640613732,0.1469424445146306,0.5957347378380883
-1.4512773111684132,-0.6976425597177964,0.9567739114798365,1.5544459028151836,-1.0111513333041626,1.0278972815854794,0.3761927036787796,1,-0.3761927036787708,1,377,0,2,1.7746098471150635,-0.7110218198550087,1.1157928935405457,-1.1157928935405355,-1.5186537196372234,-0.5743425057718168,0.5743425057718439,1.5540813251766574,0.5093233266543064
-0.4609173519847481,0.2765066959610374,0.6841460137632064,1.0371957147510296,-0.9700257259423881,1.3806178809408267,1.1191275454757628,1,-1.1191275454757574,0,378,2,2,1.3885227523400578,-0.6140438025428367,-0.5329034764641742,0.5329034764641721,-1.25899579798463,-0.8815508991895163,0.8815508991895122,1.8752530608117053,1.2086546880008657
0.7459676255872398,-0.06023871703589727,-0.05106045013259838,-1.5315008796361085,-1.5259016544178612,-0.23566135978843314,-0.009650885443043105,2,0.009650885443068137,0,379,2,1,-0.00269064580365111,-0.3753217238891601,0.810241868987689,-0.8102418689876755,1.4484715633089233,-0.7961749527617346,0.7961749527617468,0.7107451347320404,0.7606007276011876
1.617140002438058,1.0877262320672592,1.0899358814975222,-0.4164964160970859,-0.5280505250031504,0.26708430238066,0.9826188515761043,2,-0.9826188515761174,0,381,2,1,0.07753591868424897,-0.6783807837451596,-0.7118267169295809,0.711826716929554,0.10389924506095365,-1.9642418187456698,1.9642418187456763,0.18573946415058512,-0.7115093901556876
-0.09095528639274236,0.33019465154823213,0.030529625373041533,0.5890437608134533,0.8404186102888135,-0.08313288586532672,-0.05604578189893202,1,0.05604578189892539,0,381,1,1,-0.17444822042813393,-0.3926274280550667,0.7455760201304074,-0.7455760201304031,-0.5439842864239746,-1.0796040317432056,1.0796040317432145,0.5682387174638803,-0.3130054648658609
-1.637384913448473,0.2054450860862459,-0.9453657233226014,-1.6456666924406227,1.440477468714312,0.6530695080116435,-0.38935031314740576,1,0.38935031314740876,0,384,1,2,-2.1348428038930227,0.381419059248588,0.23940814068891741,-0.23940814068891064,1.6669896931674981,-0.7387421498498721,0.7387421498498902,-0.9187530719731762,-0.9545069006729819
-0.3356693255739233,0.5496867765978717,-0.9294134783088832,0.29304585568351416,-0.8299323641464798,0.685778861942728,0.48027708287815873,2,-0.48027708287814386,0,385,1,2,0.7770577028850306,0.38882195918881557,-0.623818317426219,0.6238183174262278,-0.4177624268005954,-0.4542907654819102,0.4542907654819214,-1.264536133539384,-0.12361486122977713
1.700839911579226,-0.7525526725323703,-0.592680134173839,0.6483457036862105,1.2306352462492425,-1.682965475737941,-0.6058915600609374,2,0.6058915600609349,1,386,1,0,-0.40354114530332885,-0.08227952491834112,0.7796649963277829,-0.7796649963277957,-0.4510320044446389,-0.1888116037045015,0.1888116037044646,-0.2516299075402956,-0.8230402146532724
0.6220603736977105,1.2542832905601173,1.213733195322997,0.8420276803292638,-0.08743461418403821,0.44399952971504614,0.7893631133522953,2,-0.7893631133523012,0,387,1,2,0.6426883089312763,-0.6974328217829314,-1.0010095471712654,1.0010095471712634,-0.997481805036728,-0.10276351343414775,0.10276351343417547,0.33316670273181204,0.4569282279491965
1.3256657216190417,1.455298334553445,-0.6830968558116599,-0.8396067966038793,-0.623951129157831,1.5116060853507631,1.90761678021017,2,-1.9076167802101838,1,387,0,2,-0.14861935257471517,0.1586994350398274,-0.8022330475525686,0.8022330475525635,0.25004362125724755,-0.9770941540544074,0.9770941540543928,-0.3306823293315207,1.5234436335140826
-1.2035613141471382,0.634900896118044,1.1018840266009393,1.6101837464613116,0.2824021997602583,-0.646294622814893,-0.993075746783011,2,0.9930757467830268,1,388,2,1,0.9177959932241196,-0.6955729594653192,2.0817711172841555,-2.081771117284136,-1.208329097115637,-0.7082823656469213,0.7082823656469248,1.1822090850079818,-0.1363941238735943
-1.4861858621950905,-0.9975975890450159,-0.046494162665074286,0.7220660040646565,-0.27309348621777807,1.6536646053003174,0.8299001206473731,0,-0.8299001206473764,1,390,1,2,0.6882543192075707,-0.42499486298781974,-1.307943167437631,1.3079431674376178,-0.9006224866947943,-0.8639537831739672,0.8639537831739866,1.3815612700190965,0.3371323798488262
0.807677541590689,0.6918251324638884,1.4778154893699196,-0.9438359942799676,1.1662797902383326,-0.22703521485625996,0.09055646697786518,2,-0.09055646697786578,0,391,2,1,-1.459814685354008,-0.7604737485946284,0.5307826611889743,-0.5307826611889727,0.848912256424957,-1.1740507730485674,1.1740507730486098,0.6417244543778012,-0.7716022703291885
1.0603012778301315,-0.518841059108928,-1.104165005340713,-0.7838298670392978,1.3492676494841631,0.5174389875434787,0.8958886941997063,2,-0.8958886941997023,1,391,2,2,-1.4758455972251794,0.5760059370140759,-0.5776799702912168,0.5776799702912204,0.4746470986536046,-1.221481824157857,1.2214818241578804,-0.11376047053249559,-0.2939810323806412
-0.21258309477392603,-1.2866990379575396,-1.5102281891543234,0.03400676844727535,-0.8484640534186862,1.0355994222220888,0.8253283553678544,0,-0.8253283553678841,0,392,2,2,0.6107877024321293,1.7297289859364733,0.05086236060963335,-0.050862360609657514,-0.272581302657986,-0.7395874548870962,0.7395874548870894,0.29218030801941075,1.1501124924238653
0.5776453393786471,0.004599453617057214,-1.0247713632979898,1.3583394954357075,0.7045627489089007,0.5909140298697301,0.9538286141413449,0,-0.9538286141413798,0,392,0,2,0.45146938572938067,0.4871650077845356,-0.09198393910618795,0.09198393910618431,-1.4987491233817491,-1.6064564220710744,1.6064564220710313,0.1751561964155938,0.30400054884203126
1.6580573670804502,-0.4356591086415551,1.6464239730497734,-1.0257569420881498,-0.8119968767365371,0.2450802727023697,0.9181859161625724,1,-0.9181859161625908,0,393,2,1,-0.14716326048520442,-0.8175133252898129,0.02580538875952936,-0.02580538875951756,0.6998105274482493,-1.6457661169442872,1.64576611694425,-0.637002217688945,0.5312453280245691
0.35898806886763457,-0.8482309113180118,1.1585480546923053,-0.4038926735182122,-1.2929848920212181,-1.5519947216522196,-1.2546689604830348,1,1.2546689604830457,1,395,2,0,0.6157095967936306,-0.7541078020216249,1.5594733024642062,-1.5594733024641863,0.7011665528766686,-1.0467977236643686,1.046797723664291,-0.38610751919477315,-1.3106318296608275
-0.4513519557102432,-0.9887676265406207,1.6610535458663402,-1.171821364251959,0.9574749961358738,-0.05177787622963077,-0.39072941293008256,0,0.3907294129300776,1,395,1,1,-1.4729143842759398,-0.8348671296466786,-0.6197367055079027,0.6197367055078918,1.202125904222931,-0.47392453478396995,0.4739245347839591,-0.566394978949138,-1.4451165560912749
1.5769573316843193,0.11944662666471985,-0.8791793021843585,1.069706861986328,1.0860250641360116,-0.08658991466340664,0.8048813665550079,0,-0.8048813665550105,1,398,0,1,-0.012122502187574522,0.28214527327457506,-0.8577446727984951,0.8577446727984972,-1.2046130605696166,-0.46482041008736746,0.4648204100873581,-0.08513768266058175,-0.5014478975376122
-1.4298152336131673,-0.6817038730186483,-0.4023484504673997,-0.9132291947280995,-0.5029100635940461,-0.9946183238165522,-1.6826257593809992,1,1.6826257593809706,1,399,2,1,-0.28330131732803504,-0.21699145498239117,1.7852684123407678,-1.7852684123407876,1.3069580976886914,0.7090741713176092,-0.7090741713176626,-1.1406642902004198,-0.9789936139973359
0.8298726016761958,-0.8010665719164617,0.9768391451079741,-0.751314210006404,0.10794430955930354,1.060904812416684,1.2726279413264112,1,-1.2726279413264188,0,405,2,2,-0.59416601028628,-0.7185593512344046,-2.1204681004460078,2.1204681004460237,0.34047456569868706,0.551257075394905,-0.551257075394941,-1.01313937439551,1.1687446805877033
-1.502708700878207,1.1764141841717812,-0.028201260018081323,1.037248338498873,0.8191884141128454,0.4325921024740279,-0.2357308378825099,2,0.23573083788247876,0,405,1,2,0.1501305746046766,-0.3236138585049015,1.0826295180270389,-1.0826295180270564,-0.9000469184910107,0.09756974709506555,-0.09756974709510943,-0.3434864204752717,0.24027074276923852
-1.1287159202993575,1.450391909376931,0.5136634407639711,-1.151388144268271,1.2026118725537829,1.1624063745741389,0.36618711652951796,1,-0.3661871165295592,0,406,2,2,-1.628461842786159,-0.5206257644366067,-0.4317094641748991,0.4317094641748921,0.9732132637510676,-0.23945114787361502,0.23945114787354282,-0.3339917450714884,0.17549824495329835
1.2050441980858528,-1.3888208879079162,-0.4945815691339809,-1.3598822897481437,0.35874404565176177,-0.13873373382206186,0.3189447399705972,2,-0.318944739970591,0,406,2,1,-1.1885181151370907,-0.1992655400951241,0.0341293422842587,-0.034129342284224685,1.1889635614169263,-0.023085418740397122,0.02308541874030614,-1.4629454967896272,0.9615853154441761
-0.48631965178196496,-0.1891826967294006,1.4691221494693594,1.2985264084668802,1.2732789912014215,1.6466858210429156,1.3722423838519644,2,-1.3722423838519437,1,408,0,2,0.01647065941030289,-0.7848691455083564,-0.7556204700858291,0.75562047008584,-1.5565243201410617,-1.3832808373535561,1.383280837353566,-0.435212151697922,0.23285550775593308
-0.16687503760304023,-1.7191852376969439,-1.3295299350395624,0.2550071823695037,-0.8971446836053083,1.6774813666167163,1.4446177209456852,1,-1.4446177209456827,0,410,1,2,0.7972800640861641,0.9646870025768088,-0.05170857833544604,0.051708578335432895,-0.6421892683792398,-1.4598601525049553,1.4598601525049109,0.032393785110756315,1.356636791414754
1.4175155304558464,0.4000839419798966,1.036306880233547,1.0011460748198953,-1.2417915115491909,1.169049942832095,1.841827863470938,2,-1.8418278634709537,1,411,1,2,1.5517047354955946,-0.6901495582973978,-0.28481071172100564,0.28481071172099287,-1.4186057884560797,-2.384903622463168,2.38490362246314,0.015618197354776568,1.2664947554194204
-1.1095304297499495,0.4422626892707526,-0.7859259372365509,-1.5357381540527297,-1.0733221881492696,0.9384769650625658,0.13462680057076765,1,-0.13462680057075502,0,415,1,2,-0.3188792005898644,0.1941850642148942,1.2253191552231633,-1.2253191552231437,1.412499266188614,-2.281800226135733,2.2818002261357297,-0.16297717759135152,0.029753005543862822
-0.3327456778709568,-0.7971480072179536,0.33026588383956307,-0.4753120009402265,0.5123033359951193,1.3349894752772389,0.9801718701507527,0,-0.9801718701507546,1,415,2,2,-0.6832234476082029,-0.556196929099598,-0.606536789777455,0.6065367897774449,0.15979353277934583,-2.576214934386243,2.5762149343862806,0.24805484627785415,-0.6530301100546562
-1.1966095726699637,0.25819881422474555,-1.321394207296706,1.1637965560973162,0.5282411183041298,1.0987444312140764,0.5221296588800871,0,-0.5221296588800795,1,416,2,2,0.43900778177562844,1.2032248004586432,0.32892015984619616,-0.3289201598461895,-1.2132614005179787,-2.1976979642273986,2.197697964227352,0.1854501165059667,-0.8435491249049341
-0.806927923781551,0.3854581552459402,-1.6688649316134998,-0.7290444397051518,1.1377262204163516,0.546957684093174,0.0179741474749435,1,-0.01797414747496062,1,419,0,2,-1.2915462798676782,3.221814321969187,0.3620111601301948,-0.3620111601302128,0.6630603329658085,-1.5624777315873406,1.5624777315873546,-0.271807757662759,-1.0157385939553034
0.4301277584066712,-0.27914984451888714,0.5719464232451626,0.7893318355109379,-0.49186923622033146,0.13518640741897966,0.4142840088474716,1,-0.4142840088474713,1,421,0,1,0.8861897917135368,-0.6057593610962868,-0.2841646680894544,0.2841646680894671,-0.8504041804432979,-0.9268566442321909,0.9268566442322029,-0.37023118039020075,-0.12696490872344499
0.08211850369054709,1.1557586135147395,1.648343737532649,0.5285888951139619,-1.1783321348469156,-1.5417316592407233,-1.281400297762446,0,1.2814002977624244,0,422,1,0,1.181059308559333,-0.7734258230084867,1.2170547069064725,-1.217054706906489,-0.16124539281117548,-0.29636345058929997,0.2963634505892512,0.5889967472066181,-1.4421232697962185
-0.565336212944969,-0.13565019731850836,-0.01580985334583787,0.6626137447393436,-1.5145195477982212,0.022303955035350126,-0.18523982583788318,0,0.185239825837883,1,424,0,1,1.5064193359018128,-0.3951675432422265,-0.7863789248226374,0.786378924822653,-0.5762363766155417,0.22254197359196343,-0.2225419735919881,1.1177550925608053,-0.8458761926301335
1.28245560201759,0.11006559868061032,1.7052185256115655,-0.17682995393277812,-1.0929779701918423,-0.7120196102453945,-0.02990461585356264,1,0.02990461585357975,0,424,2,1,0.6342609500159003,-0.8104432949806315,-0.11124075602341062,0.11124075602342309,0.15459433144030854,0.46833801329132285,-0.46833801329128266,0.4948080699867299,-0.21791572340532986
-0.5109406491827981,1.5613231924240567,-0.678401020657007,-1.3268671455334522,-0.31884297878327755,-0.38225797841160564,-0.7315340483024073,2,0.7315340483023915,0,424,2,1,-0.6966908386423976,0.1615695996698827,0.5037188574385082,-0.5037188574385321,1.4478597911616986,0.8020603103952586,-0.8020603103952532,0.21701863956992964,-0.3251846087565116
0.4707384093965487,-1.6945971634220098,-0.8346873991787807,-0.6163764533688255,0.6330751916864014,-1.35421249160395,-1.0460475563139118,1,1.0460475563139087,1,424,2,0,-0.8643478170623545,0.07708925484207066,0.22592366325056076,-0.22592366325055183,0.8466256295803014,1.4522802909168098,-1.4522802909168036,-0.4361698410499935,-0.025159486499510428
-0.4355413184122419,-0.6899411006087768,1.1976170645134872,0.07056395118679352,0.19117793186436766,1.2459277019471593,0.9084720950567945,0,-0.9084720950568347,0,425,2,2,-0.08353918004302521,-0.7559079969665088,-1.4023392609515863,1.4023392609515604,-0.3287271029566769,0.4772285844598476,-0.4772285844598162,-0.6489996433471906,0.3626810193353484
0.7322932103272669,-0.525934623186649,1.0054417882851479,-0.642270325882722,0.7885544227035399,-0.5448968042836081,-0.19817111218654915,2,0.19817111218655953,1,426,0,1,-0.9898676086994642,-0.7149315143887663,0.7943575863448392,-0.7943575863448034,0.6395040267214177,0.48298630480106547,-0.48298630480110155,-1.2553382771998916,0.4037995991605863
-0.06178824790908345,-0.9428230960688136,-0.4198747571294593,-0.8286250050622062,-1.566658460076894,-1.3120699510785898,-1.290496955873828,0,1.290496955873823,0,426,2,0,0.5114808662722437,-0.22162232015024244,0.7840834164172752,-0.7840834164172867,1.1173968803146408,1.04427138986535,-1.0442713898653355,-1.5582069609024676,-0.08564673167098094
-1.128282078000923,1.6781977870908522,1.4055900983017735,0.41967298454153307,-1.5246929961519318,-1.099487139475751,-1.4877772299951926,1,1.487777229995184,0,427,0,0,1.3454942844660265,-0.7193701375023289,0.1417968502781014,-0.14179685027810418,-0.00591587365902913,1.3809924733512797,-1.3809924733512602,-0.7466446311288081,-0.9604410716426488
1.30553236811018,0.2501984708716829,-1.2057373186362643,1.3518432684613373,-0.5342331587501503,0.4577265241208586,1.188913212182151,2,-1.1889132121821475,0,428,0,2,1.304427161617343,0.8787667860267628,-1.920570525554279,1.9205705255542889,-1.5549755204784816,0.38586494065469334,-0.3858649406547075,0.16792524072771453,-0.22831806564469265
1.0100282158260128,-0.11232251052617787,-0.8338172214200399,-0.40668972085244887,1.1520185366411535,0.10075580921219723,0.5391287970763524,1,-0.5391287970763619,0,429,1,1,-1.0785661647421176,0.20587369857580934,0.46651476493981187,-0.4665147649398215,0.21544640478760815,0.5503169033102706,-0.5503169033102361,-0.05383954744040826,1.228252704319077
0.9361555681490342,-0.3954599346491345,-0.27459075670336486,0.6311178399599505,0.9269249583423391,-0.7371053215899547,-0.13529004778334,0,0.13529004778332407,0,429,0,1,-0.20523516422144858,-0.27814457224447403,0.4841924830733178,-0.4841924830733227,-0.5610090429073035,0.5223187928489565,-0.5223187928489926,0.5378639289252437,1.3474817590868087
0.34260748186309864,-0.6896674949283551,-0.936186165868194,-1.5753861864885441,1.3617684719417629,-0.31874140488632136,-0.28514875533335576,0,0.285148755333347,1,430,1,1,-2.0317720980845535,0.28825694114396366,0.1077670352723502,-0.10776703527234512,1.568426585828379,0.07468244575641735,-0.07468244575643486,0.1908674678952476,0.3346157217428308
-0.17563927491750841,-1.4617756462115132,0.017231380277347438,0.8114751127588871,-0.7571030133376329,-0.5626985891711244,-0.5021980508308429,0,0.5021980508308201,1,430,2,1,1.0850845413459829,-0.4749647770656579,0.1559831412194144,-0.15598314121942453,-0.626444779778868,-0.36415164505355563,0.3641516450535317,0.37292560816408893,-1.3100851039631942
-0.9188096739289621,0.19861642412620778,-1.0886005254901867,-0.9044804315718687,1.1507878544152121,-0.036548305090468816,-0.5765689717179866,0,0.5765689717179979,1,432,1,1,-1.4218817033906659,0.6204733616559951,0.05359684223442427,-0.053596842234399734,0.994457665349565,0.4219381845529531,-0.42193818455295995,-0.6755171313931478,-0.8098533730393497
-1.1638693090375731,1.4381996618032546,0.7582766833340758,-0.976377822267455,-1.6449107474430273,0.5031772386413512,-0.2213937694856489,2,0.22139376948563225,1,432,0,2,0.4634894599044374,-0.5901517143506075,-0.25464635095925187,0.2546463509592319,0.9660930865400763,0.7605646856937919,-0.7605646856938129,-0.9402332950056306,-0.14585952294777102
-0.5648327432926137,0.41256884670066774,0.14809595481847876,1.6101082964368356,1.736712941257621,-0.5239995264632575,-0.5724864933784676,0,0.5724864933784236,0,433,2,1,-0.08887685487285124,-0.4376334690150907,0.25217298480392253,-0.2521729848039423,-1.3185347534632457,0.95522860388933,-0.9552286038893625,-0.4853271854904428,-0.09305654249814557
1.515360202861836,1.5357506280415736,-0.1861662824125808,1.6936432761457705,-1.40471009784914,1.2774170134471583,2.0599037611298425,1,-2.05990376112985,0,433,1,2,2.14325645447078,-0.22140613742643986,-1.888780618554259,1.8887806185542861,-2.080796323052238,-0.08891783377824299,0.08891783377817393,1.03368810715006,1.5935128949251574
1.5753238834966803,-1.5407368439520643,-0.7309436380357158,0.1381738537303284,1.1220008451813082,-0.045576361328934244,0.7417846408315126,1,-0.7417846408314843,1,435,1,1,-0.6810759518052228,-0.017040370995291404,0.9461131423028457,-0.9461131423028206,-0.3460105769386958,-0.6428073893000894,0.6428073893000769,0.7208261642679971,1.528104594700963
0.2195185565104156,-1.1125024118326665,1.0972837538137021,1.0917804141122602,-1.6466492241005724,-1.4388240174227562,-1.0626575706554036,2,1.06265757065541,1,435,2,0,1.8945960795367953,-0.7517209498756974,1.2950996061151436,-1.29509960611516,-0.7298630679160298,-0.42637399371165585,0.42637399371165235,1.6484258654496629,-0.11619418344300593
0.8481088308877518,-0.5825206205155462,1.5580374511290676,0.9127834379613515,1.5921898598154371,0.2770360874851338,0.757871802389656,2,-0.75787180238966,1,435,1,1,-0.47096649302610133,-0.8093360984526003,-1.3061875579678286,1.3061875579678217,-1.0523952818143847,-0.8623969190942653,0.8623969190942334,2.526259753872033,-0.14530494338815042
1.6966052557071314,0.38211421570673043,-1.3828860240078809,-0.16703401586708339,-0.835898121590469,0.6155812946741661,1.3592389574574326,2,-1.3592389574574553,1,436,0,2,0.4630924959573538,1.4348634087792091,-0.4313142094175163,0.43131420941750315,-0.23104557513225982,-1.722507400152472,1.7225074001524816,1.7004775514036594,-0.4325290616568362
1.5452800214218763,0.774184374814052,0.25744144799134855,1.5669621074195,-0.9325564547378322,0.057784221419526965,0.9712613285233423,1,-0.9712613285233693,0,436,2,1,1.7288629229100991,-0.4628780006207679,0.2786416695356202,-0.2786416695356234,-1.6857341357144189,-1.237783876939387,1.237783876939378,1.6416127920662782,0.8944447938414996
0.43823747131573143,-0.062219185245277094,1.65769245789052,0.9301860682113176,-0.06633300204468963,0.6172208263604857,0.863906996067597,2,-0.8639069960675878,1,437,1,2,0.6890343467591342,-0.8086675410948544,0.07726580711878003,-0.07726580711875411,-1.0960876278465543,-1.2921594703574975,1.29215947035749,2.0096359865667064,1.2632486808150192
1.0403346982061779,1.0084783347985615,-0.7293638508540173,-1.0468634025620018,1.297432205263796,-0.40003814292803574,0.03843070903556486,2,-0.03843070903557603,1,437,1,1,-1.6218256774876516,0.17469372700874067,0.5925916184041432,-0.5925916184041582,0.9625673082041439,-1.7824245696358674,1.7824245696358518,1.0158753918177725,-0.6032874599127902
-1.6413529981243886,0.035103476257129305,-1.3764202780976929,-1.654580338152788,1.5589090324514654,-0.5427919330695078,-1.4607606399524113,1,1.4607606399523962,0,438,2,1,-2.2229796018227823,1.3610897645597109,1.0760509509941063,-1.0760509509941099,1.9746266913205557,-0.7945673063542262,0.7945673063541959,-0.1770978995718936,-2.0461352022499186
1.1592160656493262,0.8945786308623529,1.046360526255228,0.3795042191310237,0.9462495232349396,0.013517828904785329,0.6174048299464158,1,-0.617404829946416,0,438,0,1,-0.3925739876477227,-0.6757826950106592,-1.491067758025068,1.4910677580250793,-0.5335800710364795,-0.46426192677615596,0.464261926776148,0.07686124838447407,-0.9448736459045203
1.4018160150987753,-0.0879085838902469,0.960029120961848,-0.9706009813945639,-1.535843197056261,0.6687875255244436,1.1777415952921801,0,-1.1777415952921826,0,438,2,2,0.39199094055433237,-0.6908792916983639,-0.40187071623906817,0.40187071623906684,0.575459423225008,-0.556198304951844,0.5561983049518008,-1.1022645998244462,0.37368054779193166
0.3686529065837496,1.6809700098917035,1.196334473558799,0.5810487263195663,0.9956216593015066,-0.21525142913965578,0.04907249734653693,0,-0.04907249734653294,1,438,0,1,-0.28740177667671124,-0.6805841540027552,0.8101634114182705,-0.8101634114182664,-0.5648128504009445,-0.19338914261735587,0.19338914261739232,-1.264497754229255,0.8256825060228258
-0.445444542980488,0.6247271393919073,0.04876246784253618,0.17945389501454154,1.4438841625491423,-1.6489101952607252,-1.6713921878848934,2,1.6713921878849112,1,440,2,0,-0.8753312110287891,-0.3862626018887493,1.2348371582515838,-1.2348371582515747,0.2658064132672277,0.567918109279222,-0.5679181092792404,-0.6946666315855236,-0.3094625162080044
-1.5919566626070591,0.9333093321383806,1.017139819142126,-1.6834703403206488,-0.8215599987857191,-0.26553131197237306,-1.1920142920845898,1,1.192014292084575,0,441,0,1,-0.5952802886597511,-0.668365189024785,-0.34377446272198375,0.3437744627219606,1.9284570118690887,0.44825744505428494,-0.4482574450543034,-0.7080909079950852,-2.013519044278435
1.7350440701463052,-1.0599329815849639,-0.865333570246438,0.2507936107495916,-1.231069050534814,0.8219019859818295,1.6067082270063435,0,-1.6067082270063264,0,441,0,2,1.0254970727085042,0.16507175386391537,-2.0081409982819,2.0081409982819234,-0.6819304325046726,0.007765127479054874,-0.007765127479068067,-0.767898684184078,-0.12082793365354683
-1.1503558079319276,1.5617447310639232,0.9347976222661336,1.5464855148233398,-1.2409323194978656,1.680071558985452,1.1047524012900694,0,-1.1047524012900778,1,441,1,2,1.9281521078885913,-0.6288364128617466,0.3604326610953633,-0.36043266109538175,-1.7029340416676733,0.04026393352735054,-0.040263933527329945,0.4017123347306229,1.6747514620456314
0.059432688357187714,-0.3710206877784071,-1.69512236860391,0.9948416968496505,-0.5233039208140408,0.6399059514431926,0.7064104657693158,2,-0.7064104657692928,0,443,0,2,1.0500351322923875,3.3185026676648834,0.28607911754311444,-0.2860791175430921,-1.1119383965545049,-0.25241910587315014,0.2524191058731777,0.5939889285658563,2.192002443180785
-1.1655798525666707,-0.6561017026185418,-0.23952778042413814,1.540722650729333,1.1630880082293866,-0.426026880168504,-0.7851270247325896,0,0.7851270247325803,1,444,1,1,0.26019281409801404,-0.31245327731906947,1.0705585261926116,-1.0705585261926354,-1.2017858467894986,-0.6470331311190133,0.6470331311189699,1.2265277542202957,-0.02856067361376458
-0.30619114269862224,0.36609677563385457,-1.051462018459925,-0.09217290877215319,1.4343973673092099,1.1112690584390172,0.8339124747703088,1,-0.8339124747703115,0,444,2,2,-1.0565647737951647,0.5686651033286351,-1.1615980047767125,1.1615980047767176,-0.15818227511092045,-1.549087222332742,1.5490872223327723,1.9659536790370893,-1.0702554337694092
-0.4243096571228866,1.5889431670932512,-1.5494085703654623,-0.5514966349286843,1.1579984376205967,0.7638144931568187,0.4170923512178351,1,-0.41709235121785126,0,448,1,2,-1.1828232427763619,2.47886745837722,0.2993391037861554,-0.29933910378616524,0.3852422419788397,-1.019404765254765,1.019404765254711,1.5931546063301902,-0.389783028334116
-0.8665662267318607,-0.03442573882580947,0.6037524021564051,-1.590605049729842,1.1672227426819557,0.27777872034447276,-0.3431264609980292,2,0.3431264609980269,0,449,2,1,-1.9076368279694795,-0.604812105558699,0.54576271846903,-0.5457627184690204,1.599611027625854,-0.37472941337288945,0.3747294133728992,0.1354471746833493,-0.28061531669220957
1.164292777300414,1.003458048885867,0.9249240328553954,0.6532760427199015,0.40363083229672564,-0.021094747752727173,0.6180321000006205,0,-0.6180321000006279,1,452,1,1,0.17228983597920183,-0.6458177350870093,-0.6895012721765619,0.6895012721765585,-0.7821400042981475,-0.3353785011283402,0.3353785011283251,-0.023267654287859874,0.5051420514261389
-0.9183451102317494,-0.03815034441206844,-1.6858850790674846,1.1615621768339808,-0.9635375621088037,0.05631446056313662,-0.27391322436518445,1,0.2739132243651987,0,455,0,1,1.4700175740696357,3.2995519259346677,0.6402899381270353,-0.6402899381270201,-1.0008395732861632,-0.5629990191307214,0.5629990191306913,-0.19945161493890362,-0.6283263177320905
0.11815380603631963,0.20862601198540723,1.367945585514401,-0.2998038843598251,1.4008773897015403,-0.6102641356749896,-0.519540411888641,2,0.5195404118886248,1,455,1,1,-1.1769173904099144,-0.7570060696512207,0.17649069609815388,-0.17649069609817586,0.4028349237345174,0.03963269177321655,-0.039632691773238506,-0.2959312064349615,-0.5628004359351276
-1.1254715052245232,-1.6603462113745082,-0.27486876251736786,-1.0355022026953316,-1.2856595712391352,0.49926600213835504,-0.21245317825769303,1,0.2124531782576698,1,456,0,2,0.17395095271597796,-0.3501423005868029,-0.2201383244678316,0.22013832446782672,1.0207291008153812,0.3199410078287114,-0.31994100782868895,-0.5208333884324954,-0.2741987838780386
-0.7905480543256185,-0.6166393956186623,-0.6822283760726123,0.28869666207335043,0.8632357940912018,-0.9617500148970364,-1.2140026978767955,2,1.2140026978767884,1,458,0,1,-0.3978983317106953,0.005915782256816992,0.7189421370735393,-0.7189421370735283,0.041469832064960535,0.7077030361851465,-0.7077030361851837,0.35241907758049107,-1.1222441296767702
-1.3759454846904693,0.8908630064426519,-0.13805915991534612,0.3955429009527077,1.1311928649347338,-0.21016304409869097,-0.8164230426895396,2,0.8164230426895195,1,458,0,1,-0.509496022315383,-0.28269367701836934,-0.28507587477737906,0.28507587477737,-0.1637078701645928,1.3464014093426302,-1.3464014093426269,0.23265858345231635,-0.5551577897183486
0.3271297538929532,-0.2920671126361401,-1.5005804886288294,-0.37568626543843564,0.45887979840300613,1.6571243290501816,1.600219951216697,2,-1.6002199512167097,1,463,1,2,-0.5773654219060137,1.8519473437745242,-1.7339599346942989,1.733959934694305,-0.10239566347714224,0.5119341787538049,-0.5119341787538145,-0.48165247403135414,1.1291955583270528
0.11122345383023387,-0.9811238364782114,0.2587958029356688,1.6994538011360512,-1.6758948242985985,1.19539448520887,1.302839198304049,2,-1.3028391983040462,0,464,2,2,2.334977936748893,-0.5409652412218975,0.21362916248421093,-0.21362916248419989,-1.8876367521070008,-0.29948951632423926,0.2994895163242374,0.44733976446319673,1.8163878245101144
-0.04865265926136276,-1.6463991337983026,-0.021157877479836225,-0.32370144051544975,-0.23372203107946243,1.1315348783108723,0.9529548516383022,1,-0.952954851638314,0,464,1,2,-0.062030004822958944,-0.4684967128497882,0.25130585078733264,-0.25130585078734335,0.025080510545210054,-0.8183933081593056,0.8183933081592722,0.778091216973233,2.0056221250935113
0.49049984615780046,0.46331488075291616,0.8668418224539609,0.6903203299826174,0.8713953760971593,0.40143539739871353,0.6710926428336316,2,-0.6710926428336494,1,464,2,2,-0.1258676271731291,-0.6514561704357178,0.20249302288917304,-0.20249302288917756,-0.8297055701206324,-1.6577414979538292,1.657741497953789,0.9647131181869749,0.7224073742274422
0.0077438637171687846,-1.629492851260094,1.204211498958195,-1.510909152178448,1.4554678133359455,-0.3035215125002447,-0.427917171000218,0,0.4279171710001972,1,465,1,1,-2.052048596153518,-0.7867424406760288,0.7888798473249304,-0.7888798473249329,1.5445307605074123,-1.8307256930152924,1.830725693015287,0.07884474150417523,-1.4598627824461365
1.051534268172307,0.9583703457363564,0.1520379823850407,0.5877025333933845,-0.54688884945152,-1.6272018730459814,-0.8789862108256747,0,0.8789862108256635,1,467,1,0,0.7848679314565546,-0.4139251277839239,0.3239161974839054,-0.3239161974838987,-0.322879748873019,-0.7268466693403814,0.7268466693403086,0.5265012508477246,-1.7884891861654217
-1.5538372297561942,0.8492721157308433,-0.9691050311530947,-0.4739329780804154,-1.2142482649944313,-1.226736279442401,-1.9038163284083154,0,1.9038163284083096,1,472,0,0,0.5127858391018651,0.47604275073235,0.735648342692671,-0.7356483426926675,0.9446917900412535,0.700932845846512,-0.700932845846586,-0.48340330712224133,-2.2610068111171637
-1.3462048965096143,0.256653647535034,-0.23340116401237496,1.4154192461419182,-0.32581817170891075,1.3121767468148635,0.6666490474749039,1,-0.666649047474912,1,473,0,2,1.2041257097464806,-0.26485617273540213,-1.8443431965915316,1.844343196591531,-1.47323258372885,0.8284119463792943,-0.8284119463793196,0.32471144038179867,-0.463492328520987
-1.539524696847977,0.49070858500212217,-0.4081069899477719,0.9066049212393898,-1.5332796489336522,1.5438250316603617,0.7253596438862033,1,-0.7253596438862205,0,474,1,2,1.6880973786448663,-0.14111286957252098,-0.041902731942220155,0.04190273194221362,-1.038239861270567,0.8042492909870693,-0.804249290987105,0.4252120952204324,1.1965811124742791
-1.0563041837828138,0.6798908014157601,0.10331145791376063,0.4571999331912864,0.5141834062259869,-1.0447235478107102,-1.399775742654203,2,1.3997757426541997,1,475,0,0,-0.03979561384558976,-0.4069221390739412,1.5252296969096233,-1.5252296969096144,-0.06403137230391853,1.2369742122351661,-1.2369742122351952,1.3397305577895096,0.4921766823667871
0.25643449433158083,-1.4892732730512699,0.4128249227345743,-1.3518957924779058,1.0083358392567519,1.6570607450030277,1.4620128049797556,1,-1.462012804979732,1,476,0,2,-1.6326200044369186,-0.6102672936827709,-2.053397311804108,2.053397311804128,0.8642534276785082,0.19463261614034916,-0.1946326161403636,0.4384601494756669,1.4494797428972397
-1.437330044119239,-0.06967573496900041,0.7626345909555823,-1.0562557169628346,0.1639832415400184,0.12059864316694371,-0.7050090359107348,1,0.7050090359107205,1,478,1,1,-0.8437875266240621,-0.6462453146564254,1.555287503849303,-1.5552875038493315,1.1765840308116657,-0.33914236549589394,0.3391423654958979,0.1678730667572703,-0.625822776075165
0.012120373342262956,-1.1316429805150698,0.999724195637347,0.635892974357347,-0.10035490150977762,-0.20952972079889617,-0.11376763717975634,1,0.11376763717973845,0,479,0,1,0.5091118458421237,-0.7341979245557502,-0.42404794556651704,0.42404794556651476,-0.5710859975792671,0.008342091870344532,-0.008342091870307846,-0.19434830242598422,-0.3075627472556814
-1.0384311097433763,0.8827187200776903,-0.3377151298018205,-1.645629612991115,1.6802573437257566,0.5101654231987469,-0.2250973038286468,2,0.22509730382865714,0,480,1,2,-2.300784023594893,-0.16517754241429972,0.08011851522101006,-0.08011851522098981,1.6211528775758242,0.4315378323262632,-0.4315378323262964,-1.380291510407108,0.23897450171393692
-0.6735294448791362,-0.7374056718697862,0.03427560602092376,0.6923670570298316,1.5572054162604752,-0.6696462513557765,-0.8530873600430379,0,0.8530873600430234,1,481,0,1,-0.5991451575051818,-0.4463949209117661,0.4508750875763859,-0.450875087576404,-0.42509040364171324,0.1881220780051229,-0.18812207800511532,-1.2710167358845301,-1.2926004461409164
-1.0888568571466777,-1.4641570612129169,-0.01965485987040071,0.21752427517826983,-0.9135376104201769,0.6367311218572271,0.061317477470030454,1,-0.06131747747003634,0,482,2,2,0.782711352131331,-0.45998847549617267,-0.655950702761032,0.6559507027610385,-0.235790624275282,0.8117887235106146,-0.8117887235106194,-0.541756534777156,0.2451199026325408
1.3983214421485004,-0.6280123390664718,-1.584631251690238,1.2867008487071372,1.6373542805204895,0.7583862217738796,1.4958665796693935,1,-1.4958665796693758,1,482,2,2,-0.24370500477007756,2.2927391924347784,-1.029207311164072,1.0292073111640896,-1.5787494737997667,-0.16816222326959238,0.16816222326955402,0.5469417758147564,1.0888000493119772
-0.5729626367989962,1.00913224771062,0.394662358131624,-1.4725586389876388,0.4743763332126236,-0.37798237389380307,-0.7734192432428086,1,0.7734192432428146,1,482,0,1,-1.3464578213408183,-0.500591329202372,1.628672350482661,-1.6286723504826703,1.6027625425326184,0.12555097493684444,-0.12555097493686043,-0.43278945055438744,0.38788525015343817
-0.9548523796394885,0.047734873710203525,0.9617570307578326,-0.07789872594443531,1.2711674675663542,-0.5941030819575229,-1.0045252832819709,1,1.0045252832819547,0,483,2,1,-0.9337139866654851,-0.6866146798856412,0.16607029039902724,-0.16607029039904328,0.3259990908982469,0.47259520633513397,-0.472595206335148,0.29568584139043785,-0.3555034494962607
0.8916643643221076,1.5847068153947488,0.6993458862662271,-1.576399273857795,-1.3817367371435914,0.2516334587151953,0.4920033438184812,0,-0.49200334381848015,0,483,1,1,-0.13351861408070623,-0.5691565878189375,-1.07368394740838,1.0736839474083928,1.3530195113453052,-0.12631320058398945,0.12631320058400397,-0.7585385978316651,-0.5114669572357359
-0.5804163119325448,1.113247106006611,0.45343663759083125,1.5252019713412952,-0.8853709691165931,-1.001096527966712,-1.01539786379284,1,1.0153978637928223,0,484,2,1,1.6673303281591585,-0.5153681818550125,1.0819423626528715,-1.081942362652886,-1.127652495943938,0.353099725168828,-0.353099725168807,-0.15090185395360944,-1.1703005549743426
-1.1555051953029856,1.1793015208001199,-0.7128526769656007,-0.1822844492331859,0.7509893810488499,0.9790604746175293,0.29224382486098605,0,-0.29224382486097855,0,486,2,2,-0.645836962513662,0.16971600578008492,-0.9381382867083665,0.9381382867083853,0.0723588267958256,0.8890188156394164,-0.8890188156394226,-0.8334931727963778,0.6579224706629433
-1.0470708520061713,-0.14316927237683721,0.9862248559498041,0.6369550332637911,1.2667179864768598,-1.3720307479226301,-1.6686382220156326,2,1.6686382220156262,1,486,1,0,-0.4363916900838446,-0.6981623613944413,1.4073611580365357,-1.4073611580365468,-0.15697610914075516,1.287619572362659,-1.2876195723626822,0.1467315589813333,-0.47692945153244
-0.45238969401386353,-0.08037034691449435,-0.05086557792189077,-1.171483666068082,1.1084685469105955,-1.4640564582405355,-1.6531024239425074,0,1.65310242394251,1,486,0,0,-1.5771931142928761,-0.3764357117736119,-0.010920406671521027,0.01092040667152768,1.5505692493529561,1.5764018091010379,-1.5764018091010976,-0.36142300702570795,-1.5393149732700553
0.4588542961656461,-1.2666170200840303,0.4596754983524646,1.3766972562529831,1.0754533900043093,0.6511468946093242,0.9516978544615611,0,-0.9516978544615755,0,486,2,2,0.20744482148221705,-0.6143281069942731,-1.8689819941999533,1.868981994199942,-1.5142955863372554,1.3717205141903615,-1.3717205141903934,1.0107881771056948,0.6169855079366785
0.4702247878962572,-1.7163819606868644,-1.2171245324550153,1.5049358759481466,0.26574997605718903,0.7907071476659346,1.0955616911413213,0,-1.0955616911413257,1,486,2,2,0.8565547591935513,0.6765477617523301,-0.10300887463187945,0.10300887463188671,-1.6643049903406197,0.4318051460394558,-0.43180514603947284,1.001371159248813,1.313157852237232
0.21780697063734916,0.8740738988021732,0.9916539988753325,0.15910828475156283,-0.47544471379961023,0.6743225485976432,0.725584657604945,0,-0.7255846576049516,0,487,2,2,0.439091264404281,-0.6649224026118974,0.26572440476209097,-0.26572440476209275,-0.3608917032348644,0.23885795887457306,-0.2388579588745962,1.1600056376610377,2.342780821243966
1.084204333689016,-0.18225954715361584,0.6402094328477863,0.6162904464095674,-1.5699059956522008,1.2626426921398066,1.7221160916501732,0,-1.7221160916501437,1,490,0,2,1.5127283570483891,-0.6200634055487306,-0.7148849195975041,0.7148849195975305,-1.0435809174703896,-1.2708924679344777,1.2708924679344686,1.150403453341055,2.0277523393794032
0.2946382977690185,-0.5265166277449393,1.518940061118873,1.1467424321493507,1.4488061128015168,-0.7844551274149105,-0.43551177411520764,0,0.4355117741151935,1,492,1,1,-0.20996467007931677,-0.8021006429652741,1.5485463677209677,-1.548546367721,-0.9449126678261817,-1.8130308339749082,1.8130308339749484,2.2276102926311796,-0.6697438047919042
1.4315816758565223,0.6894366454395137,-0.5754942919424265,0.4884724790266502,-1.311233426377567,-0.6530796232495978,0.16611359615852694,2,-0.16611359615854132,0,494,2,1,1.2453126427405328,0.0021071690983131726,-0.43149950518746044,0.43149950518746055,-0.5119445598894797,-1.4632454884288884,1.4632454884288586,1.8148801428020178,-0.9410203380010682
-0.37455127223154966,1.463543404674827,-1.266554533567532,-0.0742731939593695,0.2895760722264237,0.27292463177650234,0.05341440828847574,2,-0.05341440828844341,1,495,1,1,-0.251785683289012,1.1882212349876509,0.08110128650363038,-0.0811012865035969,0.03638579470386898,-0.9992241646945373,0.999224164694561,1.0810712998761978,-0.9038031578290447
1.393737638548568,0.2573352517595843,1.3932845001415026,1.4786772005586506,1.3212359858274307,0.7000304712248875,1.4618818482650355,2,-1.4618818482650522,1,496,2,2,0.10783098517106099,-0.7597004526780229,-1.0104910559946687,1.010491055994634,-1.7376637741456527,-1.3270641952674413,1.3270641952674602,1.6942335199525969,-0.0114587826342355
1.184020271916869,-0.18729734305000742,1.6879947037282377,-0.9523708639106225,1.6633786051828696,0.036307022841511064,0.5083860535676871,0,-0.50838605356769,1,505,0,1,-1.8097892174324404,-0.8162834838841996,0.6844586839180085,-0.6844586839179989,0.7421702147860834,-0.786644786040231,0.7866447860402124,0.9653258895424133,0.9886043984821731
0.43836318814179587,-1.135837864322269,-0.4305516790352291,-0.8406125504582125,1.5729732568072718,-1.555778935218568,-1.2657501066498478,0,1.265750106649854,1,507,1,0,-1.6699453959816322,-0.22660634406937033,1.2733519205615809,-1.273351920561575,1.1221717398753759,-0.4169769891592705,0.4169769891592612,0.04186446314905481,-0.7508942769320406
-0.9951762748478618,1.215658035230065,0.7862050906615694,1.5857509225045077,-0.3387670324754026,-0.8287841930993604,-1.057160261851812,1,1.0571602618517777,0,508,0,1,1.3308540045817219,-0.6053397213411349,-0.14945639295698418,0.14945639295695506,-1.1700337269709367,0.12769185393329857,-0.1276918539333043,0.5517352841310349,-1.5409726908747166
1.35904710088792,0.8308156454812486,0.15228263334597728,-1.354330071762505,-0.1781569028219255,-0.38485134543816063,0.1746856289153269,1,-0.17468562891534456,1,509,1,1,-0.8130561772071815,-0.4199279022569204,-0.8837470641742728,0.8837470641742854,1.2235419889978376,0.07369523248442128,-0.07369523248445932,-0.04306693318080561,-1.2893811130684463
-0.3164510996282827,-0.3562381395584141,-1.5293276959337156,-0.3863280793194851,1.6301566211691207,-1.1484543970105332,-1.2214477763069207,1,1.2214477763068967,1,510,0,0,-1.395438022706678,1.9975192032385094,1.0020963557585152,-1.0020963557585203,0.6754605531072413,1.2684612553836894,-1.2684612553836951,-0.9096762964097477,-0.6297323553538641
0.10242412093662297,1.521641941996485,-0.5286401226978633,1.0945840794214403,1.5301669804749387,-0.8248272141174023,-0.5708128441993394,1,0.570812844199343,0,511,2,1,-0.30234143375147865,0.01773188933076994,-0.46666886890320514,0.4666688689032251,-0.8625611020240616,1.7489799971719036,-1.7489799971719042,0.04147935936150308,0.37957300879358746
1.3760343592309472,1.6331810672961857,-0.7061878300043165,-1.3446301937184644,-0.0974084212591296,-1.1995203899599234,-0.543929608073719,2,0.543929608073706,0,512,2,0,-0.8622409257922663,0.19643689596924122,-0.01906335186789289,0.019063351867881113,1.4132774492522555,1.4275857866233062,-1.4275857866233175,-0.19272180542579373,0.08574636787708152
1.5692139510328853,0.2945689661153686,1.1909994008482256,-0.5048749315178351,-0.4256621075167356,0.5810161390426203,1.2303768413069869,1,-1.2303768413070055,1,512,0,2,-0.054437593122874925,-0.7235197615278879,-1.2730178916102903,1.2730178916102868,0.11935217090652062,0.4090483762552076,-0.40904837625523643,-1.164169961445303,0.8658438351542053
1.2515440320965752,-0.3613259486392607,0.658152709335576,0.14290041222566227,-1.5291792559871933,0.3036531986162773,0.8965171533757877,2,-0.8965171533758278,1,514,0,1,1.157241802682433,-0.6314439206939866,0.2398065222814546,-0.23980652228147004,-0.392047555234372,0.08764925637606003,-0.08764925637614647,-0.4684539919866379,1.8762067793062098
-1.5559174086565928,0.03661895784180791,-0.7764855022745679,-1.4481614131557932,0.3527597723622507,0.7306927102776527,-0.25930505350373695,2,0.25930505350372224,0,514,2,2,-1.2454112970798112,0.15156690203852363,0.8296485389806765,-0.8296485389806587,1.4359052566850525,-0.3407496342627442,0.34074963426270855,-0.961854584048916,0.6401952760170573
-0.8486077715457703,-1.2142060132503958,0.8902113818693348,-1.5726283179206224,0.5867738808529808,1.1827831993698867,0.4761782952831947,1,-0.476178295283164,1,515,2,2,-1.4934424368846877,-0.7153030734714703,-0.5275562695500183,0.5275562695500512,1.3537175126527379,-0.8069277095448036,0.8069277095447659,-2.201224392915077,0.16959681993073578
0.14507527933928643,-0.3687851048893365,1.595854675479761,1.5029527445486666,-0.5765679048125063,0.3090603934112119,0.506507007213007,0,-0.5065070072130184,1,516,2,1,1.4382052596912174,-0.808617741877734,-0.021535832485924247,0.02153583248589403,-1.507829826674892,-1.2746399002727666,1.274639900272753,-0.8780420601366261,-0.5827158843622393
-0.6705942617689046,0.9913582262434658,-1.4062234459283944,0.14712623621212603,-0.40557968172039816,-0.3889067159857824,-0.6587248368605028,0,0.6587248368604666,0,516,0,1,0.38244898054112403,1.616849641160951,0.8364009142422391,-0.8364009142422572,0.023076287961628902,-0.43350786855807744,0.4335078685580578,-0.575077600525066,-0.7309609107389416
-0.2583538008192724,-0.7606545052051439,-1.004033817303508,1.685728602773646,0.8921677507368985,0.4860697066058249,0.4874471706976657,1,-0.4874471706976561,0,516,1,2,0.547969525670817,0.3807319387985971,-0.8222673070253658,0.822267307025399,-1.6622729338188889,-0.2513673995615678,0.25136739956153664,0.14182619069091087,0.10989592375104801
-1.5311987296295644,1.2720636581546854,1.4010619736998666,0.4167068887224151,-0.9969421961887589,-1.5137819895117686,-2.0546604835357596,0,2.054660483535764,0,516,2,0,0.9781537627732667,-0.7306964588970597,1.8244498652432781,-1.824449865243283,0.14877128808387144,0.5480236432634839,-0.5480236432635066,1.0083719045465374,-1.5820178157933005
0.7037612631454396,-1.3244872866755926,1.28966500560892,0.28717763390462336,-0.07801917855775221,-0.7076547526691848,-0.2587802173957121,1,0.2587802173957132,1,516,1,1,0.2525536798505671,-0.7910231114652966,-1.2884993074800901,1.2884993074800886,-0.21379982659009658,0.8752676207265159,-0.8752676207265397,1.8725653033695093,-0.9119424705952764
-1.390851879853114,-1.6519112942454572,-1.3481799499882903,0.044552471203948084,-1.0390457318235844,1.6761186659636187,0.8244649902439357,1,-0.8244649902439041,0,516,2,2,0.7499925572325469,1.0299962516475023,-0.7771109042542912,0.7771109042543135,-0.28207833270380017,0.733695228219784,-0.7336952282197772,1.1948925129210197,0.688933890791916
-0.7131103276171123,0.9123831947674227,-0.45170493495754277,-0.8625170580227697,1.6244859229077169,-0.18317468606160137,-0.6028653680479086,1,0.6028653680478758,1,516,2,1,-1.7207451296213085,-0.0832411588286168,1.0244833543006755,-1.0244833543007223,0.961265274480298,0.7088235185411543,-0.7088235185411211,0.7257429926781342,0.2156219971171794
-1.3384481608664556,0.7514093384336324,1.061763348403997,0.4869827954748194,-1.6351987910946768,1.0460246660038075,0.33399863369205096,2,-0.333998633692079,1,519,2,2,1.468519662590173,-0.6836908501465907,-0.6720674458187563,0.6720674458187601,-0.5555310035181649,0.7771472520843656,-0.77714725208435,0.16872347539050336,1.377315703639969
-1.010350682499376,0.49530083864300517,0.5693030934333491,-0.34693048447787456,-1.6505981712073183,0.02135545785972712,-0.5102260456901664,1,0.5102260456901733,1,519,0,1,0.9026194947340536,-0.5747753885426287,0.6060455038293358,-0.6060455038293111,0.44471324104003573,0.08948004413637768,-0.08948004413640837,-0.18611482178051966,-0.3106328733135935
-0.27350040280152643,0.9690778165320593,1.3348392555353832,0.41189479133817214,-0.3011418753486035,1.5897121683892168,1.3308880336220292,2,-1.330888033622019,0,520,0,2,0.49321920510676454,-0.7283711771965217,-1.3209591860869485,1.3209591860869516,-0.7543695683791474,-0.6183277468279753,0.6183277468280068,-0.1281626767901972,0.3422152415624581
-0.3142279667889674,0.807033899562711,1.5121390794215142,-0.05746133699236288,0.3275413766749055,1.5993133952630603,1.2697610125096428,1,-1.2697610125096406,1,520,2,2,-0.26644033309328696,-0.7625474998873686,0.04409299215361457,-0.04409299215362029,-0.3082250095170481,-0.8165980423084445,0.8165980423084258,-0.17556528863017157,1.4734022942864824
-0.07384944935191515,-0.8568604096121878,-0.7697888702174099,-1.198198709706116,-0.22476277712892306,-1.6055608132643253,-1.5978724850188148,1,1.5978724850188102,1,522,2,0,-0.6728496801901,0.074399923436395,2.0580478888399183,-2.058047888839925,1.5614856655591098,-0.37356611473100276,0.37356611473098617,-0.33154600651422644,-0.6498024020140839
-0.5074631557913296,-0.4490046942754018,-0.006203016059424669,-1.1383761114960107,0.7404655668315544,-0.7973260140681957,-1.0806903682967672,0,1.0806903682967348,1,524,0,1,-1.2995846941990499,-0.4150328500759682,-0.3709028504454903,0.3709028504454707,1.3601116597566978,0.25633128477883727,-0.2563312847788076,-1.0867992288968016,-1.2675298820099776
-1.0675384419229064,-0.15566102306520446,1.5088995002665568,1.5503236203429485,1.3589960520674425,-0.04351799159429031,-0.39454027409775955,0,0.3945402740977592,0,526,0,1,0.13123044586916532,-0.7899004672495643,-0.4921546232393098,0.4921546232393332,-1.3127536787311582,0.20482161262904397,-0.2048216126290305,-0.2052048498343972,-1.8061522863418396
-0.19317326386286376,0.7538314228796965,-0.5081576183302058,-1.1660657293264525,1.158961669806831,-1.1659456891419708,-1.2598130361609108,2,1.259813036160923,1,526,0,0,-1.6083967007653202,-0.049670290691764166,0.6211496518287418,-0.6211496518287332,1.436614743655102,1.3583443052274682,-1.3583443052274504,-0.9384335311510176,-1.2010043067742848
0.29184991876051963,0.2921925907773966,-1.2400442743406734,0.590668921998768,-1.0788387270308106,-0.0004548030294339528,0.20458534908571882,0,-0.20458534908571865,1,526,0,1,1.15511510346235,0.9707907668645752,-1.0506272188895147,1.0506272188895067,-0.6150959421845035,1.8326191313331137,-1.8326191313331195,-0.6372677612233247,1.0639500888625202
-0.7609574169609471,1.265678315557665,-1.7242072593283209,-0.7626312005355339,0.2089115136366802,1.4811300390714106,0.8715174124198499,0,-0.8715174124198651,0,526,1,2,-0.6718762653323918,4.110047154475637,-0.47836372423724627,0.4783637242372356,0.46116190539371066,0.7331108488868007,-0.7331108488868379,-0.4348732233428745,1.3991851344844868
-0.48422096044937013,-1.53693921325812,-1.7246209751517507,1.7452092463890083,0.06547475753659335,0.6170401234846241,0.5006999250246494,1,-0.5006999250246431,1,526,1,2,1.1613004718102249,3.357216215438615,0.266327516202841,-0.26632751620282574,-1.7173987409540714,0.028988860256922332,-0.028988860256954567,0.9050383027930333,1.2182371178929647
-0.05748385320669706,-0.15201265779096704,-1.4848718228058404,0.3088280856221987,-1.5549169772588027,1.5564947044663733,1.395548769640179,2,-1.3955487696401891,1,527,1,2,1.2897771965163893,1.7955923268969365,-0.6419172814999469,0.6419172814999354,-0.6780473540508777,-0.7680572975602586,0.7680572975602914,0.3281543301823904,1.7423671750646321
1.5290643987597523,0.8697689540009369,0.6599856291549729,1.1306271629857616,-0.5831316068693413,0.13803352026493926,0.9887148754779971,0,-0.988714875477997,1,530,0,1,1.1853263406754784,-0.5853644847124934,0.29217296476279364,-0.2921729647627864,-1.3072670079998612,-1.7692256690365717,1.7692256690365606,1.3953553651677606,0.6491622857063427
0.6905639799970846,-0.19048611237183488,1.0412084026867112,0.6400310422390718,0.31912469898090384,-0.9676271004246322,-0.4600239768433448,0,0.46002397684332397,1,530,2,1,0.2216244324668426,-0.710773277232966,1.0398461342350132,-1.0398461342350287,-0.48241059196470554,-1.4733050211032361,1.4733050211032401,1.4182923917009336,-0.6782053262316277
0.20027050364837073,-0.27679414349864473,0.8658561850109033,-1.1524853431886157,-1.3556585500666287,1.5541304930301876,1.363848599115599,2,-1.3638485991155973,1,532,1,2,0.14152074581892404,-0.677276807938754,-1.3085866473465801,1.3085866473465968,0.6987399801407882,-1.692517960315533,1.6925179603154983,1.2371394191266047,-0.04185879506962883
0.5933232992229059,-0.20926520875442958,1.2251312905476137,0.9009406394800423,0.1648922979743835,-0.22118487327102848,0.18725662664213075,2,-0.18725662664210554,1,532,0,1,0.5087686662123155,-0.7455566275454892,0.8445529660584155,-0.8445529660583991,-0.8902355673052103,-1.552955753874869,1.5529557538748187,0.8448343207327929,-0.6366434931231217
-1.0950068615490087,0.30561369541937333,0.2165861824816602,-0.2515878259906504,-0.7795168903554022,0.11764884394400325,-0.45532086556794116,0,0.45532086556789864,1,532,1,1,0.3656078369535065,-0.4687305657480213,0.46134306204941455,-0.4613430620494634,0.3400464335076725,-0.7288467317433046,0.728846731743289,0.584426652429617,-0.6986485709204165
0.9659941245271206,0.43190126571431653,-1.5020743170637354,0.25505263007372175,1.0623859263756006,-1.255155872290694,-0.6235818634771174,2,0.6235818634770945,0,532,0,0,-0.5590039037759067,1.9841815645863203,0.12097255718742068,-0.12097255718740664,-0.08615772172336222,-0.0109634926156972,0.010963492615672248,0.1775746737178138,-0.6692524622384748
0.48248729860731304,-0.3344817167941336,-0.6969587842267683,-0.9359784431295877,-1.0610559080879358,0.3436895511312194,0.44284512180818864,1,-0.44284512180821467,1,533,2,1,0.08729821783435589,0.04073531107964961,-0.7650421128409639,0.7650421128409621,0.7444658719807993,-0.4129705037247381,0.41297050372471117,-0.5547474227897912,-0.8268187068486732
1.5418339441835507,1.2381906752808554,1.0056577193896756,-0.2605237287390529,0.6333407568604854,1.662574170478999,2.20938313452584,1,-2.2093831345258423,0,533,1,2,-0.6184987218118734,-0.6556759296759791,-1.267443245270192,1.2674432452702098,-0.37502825244411936,-0.7894490119353332,0.7894490119352663,-0.1402808820981194,1.5356986797294951
-0.18983176187168663,-0.036145791146861846,0.008225938425320423,-0.1407960976277186,0.37027726162866326,1.5007857986359678,1.2335047448367837,0,-1.2335047448368064,0,534,0,2,-0.3536373444138124,-0.4008611353909114,0.7005204807329555,-0.7005204807329706,-0.2213003552039394,-1.2552962532486704,1.2552962532486174,-0.624343217008045,1.9301731568446305
1.625974567394834,0.6438005127958549,1.623896432680588,-1.4368475658718411,1.7498700586050946,-0.6736873427270041,0.03794269348068049,0,-0.03794269348068178,1,535,1,1,-2.204617640098658,-0.7841366014169466,0.8581659342012832,-0.8581659342012683,1.3422424737174088,-1.4749243359444995,1.474924335944442,-1.1750961824401094,0.6558244855721643
-1.24239299165819,1.3185263100186966,1.0482944949650983,-0.511330099184128,-0.904712962957815,-0.8348451605288482,-1.4058234151687619,0,1.40582341516872,0,536,2,1,0.2726808443123445,-0.662125726314701,1.0362776830120477,-1.0362776830120775,0.8445784895874215,-1.126627347343875,1.1266273473438546,-1.5312101603239692,-1.8271387723571804
-0.36427574283460856,-1.670383319124131,0.2612225278789499,0.6046828225871629,-1.061268026912826,0.6082995304457192,0.4302064004456716,2,-0.43020640044565484,1,537,2,2,1.1526423743159613,-0.5722100052974041,-1.317310707860973,1.3173107078610158,-0.6880668354501367,-1.1209998930354157,1.1209998930353922,-0.8153132710017397,-1.9294448462544274
-1.0852481049363487,-0.43279134220867627,0.4902332130605558,-0.8831847996591902,-0.4574042695077532,1.219124916880534,0.4665416146758602,2,-0.46654161467589544,0,539,1,2,-0.29402637756275657,-0.589166643889072,-0.025846111055196595,0.025846111055159292,0.687343728439616,-0.34499093306766077,0.3449909330676119,-1.1046443093636327,-0.35676320322815547
0.7431115692382131,1.539098422009627,0.9988316757708868,-0.6775627772390633,-1.2916029346176177,-0.6886048962341786,-0.32505332149433463,1,0.32505332149432253,0,539,2,1,0.42554036459438754,-0.6440569125049215,0.5682782904115445,-0.5682782904115282,0.7078573816411416,0.3489648915601366,-0.34896489156015525,-1.3540629225114185,0.35493338255379636
-1.2903914873950044,-0.5654807966379303,-0.9973583608368162,-0.7026029929868031,0.6223327056715381,1.1454805191873656,0.31993070788423106,2,-0.31993070788424066,0,541,2,2,-0.9165284029597145,0.38882975318110236,-0.4626137693274929,0.46261376932749493,0.555164737152166,0.22340830865314704,-0.2234083086532289,-1.012882536253322,0.8370242825153239
-0.8983878274814014,0.5075426863705526,1.6580268681750112,0.8463829526395537,1.039835033616589,1.433440799976935,0.932829709805439,0,-0.9328297098054297,0,541,0,2,-0.13455530458568826,-0.7928765099460955,-0.4395894867537321,0.43958948675374593,-1.039530752016921,-0.8178887677401253,0.8178887677400641,-0.38199593449237335,0.2654323058956826
-0.3880668385888967,-0.3180603894476898,-1.4690476575780818,0.305630410035048,0.4438094458008028,-0.14840920783118022,-0.2892913916005742,1,0.2892913916005647,0,542,1,1,-0.09587894105322957,1.6915317213747956,0.8772247638703945,-0.8772247638704085,-0.22256659944087867,-0.49752875396614515,0.49752875396613133,-0.5209561956830558,-0.08058704890493504
-1.0724494884499105,-1.1008342974648595,-0.904886318479139,0.23224833088432592,-0.567743710615243,-0.45049058591369595,-0.9005787497204171,0,0.9005787497204117,0,543,0,1,0.5535455276284166,0.21055699003254996,0.43888919661265413,-0.43888919661265147,0.009396152633565795,0.11118847020077269,-0.11118847020078282,-0.0026494619627402565,-0.5491828143744171
0.18252706738730068,-0.8464625123771317,-1.2234346114481773,-0.2765100306955639,-1.5877246636087978,1.6657694862161379,1.5479980114386085,2,-1.5479980114386098,1,544,0,2,0.9077887299421282,0.7934284079896611,-1.7568756726300012,1.7568756726300048,-0.18059785126581748,-0.7227970645026951,0.722797064502722,0.1837071500281863,0.1920523135004347
-0.7569176037839687,1.6623063399703517,1.5432788336416803,-0.6946634139778554,0.8990231546694529,-1.663954289348868,-1.9294984923771055,2,1.9294984923770984,1,547,1,0,-1.1025540646079233,-0.7428718175811745,2.4956868532040835,-2.495686853204089,1.1634118282057895,0.27877261026963474,-0.27877261026966227,0.18739642296670644,-1.2108183241850707
-1.1220870708365178,-0.3704736700179861,-1.353192819301681,0.461872896147556,-0.7272539072338288,-1.095660618846444,-1.4768561676163505,2,1.4768561676163479,1,548,2,0,0.822712709403597,1.2226217925625242,-0.32458896122275427,0.32458896122275754,-0.0476833183913223,1.3516973772605805,-1.3516973772605758,0.008726679343554434,-1.0604816910094292
-0.6705364947229976,1.2983618372816108,0.8243264787564123,0.8311474701333467,-0.5800019265418297,1.681754423951591,1.264142698276003,1,-1.2641426982760138,1,548,1,2,0.9761029144412923,-0.6118117626897226,-1.9667183844412655,1.9667183844412608,-1.1140212826732845,0.660023028942641,-0.6600230289426738,0.25291794771759823,0.40414659756557314
0.004655351026317546,-0.8537570363890662,0.856274155356314,1.3925558144232217,-0.1797488586342036,1.0801553166636322,1.1153292347817247,0,-1.1153292347817536,0,548,1,2,1.0872143345673653,-0.6955356537730996,0.10701696595947847,-0.10701696595949137,-1.5712751568175203,-0.23757014899519333,0.23757014899521794,0.7920763835184471,0.7225745226161303
0.5458257466725067,0.5050404368682939,1.2747379445982168,0.7975125168303515,0.6809483767870962,-0.9345548352932939,-0.4842926444545792,1,0.4842926444545439,1,548,1,1,0.08006439165910623,-0.7320320723553277,1.1481201088136552,-1.1481201088136608,-0.618600283928714,0.6673174958478876,-0.6673174958479351,1.2911409202503639,1.7037218144444475
0.36503249032186974,1.146801628006424,1.6103441315265725,-0.2243921532259292,-1.5866530165989747,0.2675244270952362,0.39312543954380313,2,-0.3931254395438114,1,549,0,1,0.9430807389401937,-0.7679841524326493,-0.6294089313525468,0.6294089313525666,0.08431323169743928,-0.36684250164937643,0.366842501649351,1.5096612012501716,0.6178199604252147
0.666028912683709,-0.4342557620884906,-1.0392470132498666,1.421324995812131,0.007443839167305624,-0.6511990755444259,-0.10625824235425588,1,0.10625824235425975,0,550,2,1,0.9775371142292856,0.4688292383852702,0.35858688533067845,-0.35858688533066996,-1.2750643973487004,-0.9771081272974297,0.9771081272973933,1.9554884501646186,-1.0788201541442135
1.162655533551604,0.6871012352610953,0.7297673135282441,-0.3396978429526111,-0.4564536482472152,1.3178631365772655,1.708150114222742,1,-1.7081501142227578,0,551,0,2,0.08107692299974245,-0.6104155199907856,-1.301795103793173,1.3017951037931594,-0.16530731467418855,-1.1748046643276548,1.1748046643276049,1.4114334160258888,0.4847361011173831
1.5759202378454578,-0.4056214148602869,0.29713332887093186,-1.6016678429131523,0.9980493831742178,0.38476856087892697,0.9417929275737162,1,-0.9417929275737201,0,551,0,2,-1.7981899197890276,-0.5285065371967266,0.5501676287556231,-0.5501676287556149,1.2525714792568108,-1.0975367499823925,1.0975367499823427,0.02011174790768031,1.2945644487608516
-0.9670505251949143,0.16165114653824872,-1.2891627145370785,-0.2063005185126105,-1.7025298566819669,0.4604041163724233,-0.08188339959642497,1,0.08188339959638999,0,554,0,2,1.0357948177262708,1.0916184558863649,0.7348203802879507,-0.7348203802879735,0.19625175579569173,-1.2767114919352096,1.2767114919351714,-0.4463286341894208,0.02884594580067466
1.2743777316912175,-0.9939520816522897,-0.9512885032901339,1.393922646914264,0.9275594466140364,0.5150581424639576,1.2294248395227825,0,-1.2294248395227907,0,555,2,2,0.32172105546879126,0.28185583667265546,-0.940769410964003,0.9407694109640228,-1.6025054473820777,-1.649078009606426,1.6490780096063973,0.3056514130440673,0.27249221948152463
-0.4427620807124986,0.8367163169245443,-1.275917118697174,0.007544482706593338,-1.4848774085601406,-1.474661991822003,-1.532650143434971,2,1.532650143434962,1,555,2,0,1.0329939889090423,1.1378568891326437,1.9822988787830917,-1.9822988787830937,0.38880258175088983,-1.0139698353649949,1.0139698353649509,-0.3512879765795032,-1.9282899048161302
-0.4155703671021891,0.6265759091785325,1.5890770737785038,-0.7931930273986632,0.6573323167415882,1.1944787990876005,0.7804874433121015,1,-0.7804874433121378,0,556,1,2,-1.003386870149167,-0.7794777897521169,-1.6596842387950193,1.6596842387950006,0.5152111671670145,-0.6009233613997139,0.6009233613996838,-0.5620129419511113,-0.5532590667699655
1.2040505163548145,-1.5228043363563621,-0.6866444295094085,1.5305100005019807,-1.722832211213917,0.5015200607699053,1.197558204288323,0,-1.1975582042883643,1,556,1,2,2.2506602743380535,-0.05657106386333631,-0.2990627329141292,0.2990627329141259,-1.7133841244006605,-0.7148041383485599,0.7148041383485018,0.8934117025191459,0.6546540224884422
-1.2438593015912023,1.0052239842598714,-1.7103291970909733,1.6682288481265832,-0.34113751072584997,0.9549245761245485,0.4241738900357491,2,-0.4241738900357461,1,557,0,2,1.3895191514275054,3.8539280201763884,0.5552103101696148,-0.5552103101695833,-1.6304811195091458,-0.9401286939888064,0.9401286939887524,1.76444660966069,0.34663871537619745
-1.3697902729810167,-1.1856353543080733,-0.10711005705453766,-1.5163434223645027,0.3942907781173757,-1.2126135453950533,-1.9122151635841464,0,1.9122151635841032,0,558,0,0,-1.3212978787899585,-0.40742391845610193,1.6768257686923842,-1.6768257686924186,1.962727386114148,0.45870233203244126,-0.45870233203249494,0.41213739513167547,-0.3486077599557825
1.2542611445571283,0.24536769052503274,1.4142528737007518,-0.22882872576706886,0.364387431923296,1.719275994815085,2.1232477747995997,2,-2.1232477747996,0,558,0,2,-0.41042547245938477,-0.7634543461668314,-2.895628500732028,2.8956285007320606,-0.3809902474478689,-1.1691046194118775,1.1691046194118233,0.302302190969077,-0.13361188941691365
0.044109900426972264,1.2327405611516293,0.4601619879365886,-0.9619912599694831,1.0126755241461634,0.8119555387632659,0.6448180762817893,2,-0.6448180762818343,0,560,1,2,-1.3660477964327595,-0.5126328798528251,1.0611523473460729,-1.0611523473461055,0.7138647578410211,-1.1086971507983951,1.1086971507983028,0.22386695519755784,0.18299060370375714
0.9918755642886707,-1.2906663801947444,-0.4199417334005761,-0.3410010363088132,0.42907218249816265,-0.7462338800541612,-0.21954616591324505,1,0.21954616591325213,1,560,1,1,-0.5327526705417697,-0.24312315478524213,0.6204976960779083,-0.6204976960778713,0.3600804556552494,-0.4777242964331082,0.4777242964331091,-0.6457654288954852,0.3932611717897653
1.3261200507916238,-0.8522143080426017,-0.24582932972749058,-0.8060128203219407,0.2508598029581834,-1.6930536631664308,-0.9520299002400449,1,0.9520299002400424,0,561,0,0,-0.730904941571307,-0.32002633645919276,0.5258599687714649,-0.525859968771472,1.0027330085960364,0.1350373688314633,-0.13503736883153503,-1.795467802343352,-0.13304288599091924
1.5728692546451724,-1.4083599901700168,0.47523793026631633,-0.41525901758186307,-0.6331653544625891,-1.2804509290961807,-0.4215857671810569,2,0.4215857671810275,0,562,1,0,0.15114808212698028,-0.624381581031336,-0.3804197010090497,0.3804197010090306,0.48510636282800434,-0.5286728735659854,0.5286728735660258,-1.283828470709741,-2.081497153440771
-1.1209997515102725,0.747286481331751,1.2779897868545582,0.0582672544084605,1.6180493129000284,0.1375387956603379,-0.4173052834515325,2,0.417305283451515,0,563,2,1,-1.0796691509902525,-0.7251182862147532,-0.0028435696406687917,0.0028435696406773248,0.04038642553462776,0.6025211644587528,-0.6025211644588004,-1.1504239880255092,-0.7252420450366667
0.9051172412602756,0.6840067748639759,0.46293717230391174,0.30147909110177457,-1.2807946015114382,1.2751962379546953,1.6126046654129358,1,-1.6126046654129087,0,563,1,2,1.0949586988892706,-0.5358479831528312,-1.4564394955585367,1.4564394955585693,-0.7296639844809722,0.1716093139268834,-0.17160931392687584,-0.5633290086096565,1.304465357064339
1.3966094077130793,1.162486852263368,1.4312981329776493,1.5649145107867664,-0.5285383483643273,1.2638813877333854,1.976255313687523,0,-1.9762553136875556,0,564,1,2,1.447800685279842,-0.7390613897956902,-0.26072834870338324,0.26072834870334055,-1.9476632344894553,-0.8060823482659316,0.8060823482658954,0.3222900705730921,2.4527844437948927
1.6197950288493934,0.9429003964129925,0.13981008000481177,-1.119787067782739,1.3447548660866886,-0.48015514581711105,0.24153419341735874,0,-0.2415341934173625,1,566,1,1,-1.7049993630657367,-0.40966378727614405,1.2450676057480896,-1.2450676057480698,0.9770454107656268,-1.3375227692250091,1.3375227692249354,0.17648903519618012,1.1554015291388933
1.2395061107317484,0.3239052748363086,-1.347224776374037,-1.2335652702348714,-1.653375854928866,-0.3923416903453116,0.12255474594384992,2,-0.12255474594387092,1,566,1,1,0.2915319441953797,1.2978607157777016,0.08560801388409511,-0.0856080138841075,1.1202840960727285,-1.5798040718317274,1.5798040718316917,-0.20375217279880484,-0.09227244995503651
-0.5574112148574448,0.39914697050679004,0.487881010819197,-0.08407880493931907,-1.2642510233805597,-0.5149628136725068,-0.740750601250863,2,0.7407506012508644,0,567,1,1,0.8169370800291883,-0.5549612128518245,0.6197378308187491,-0.6197378308187335,0.2604091340929206,-1.435788415896742,1.4357884158967154,-0.26989591468546953,-2.0422723445257716
-1.211971487417847,0.9365315946888273,-1.5564022579718588,-1.513540346816212,1.3452812812111536,-0.8127066912061841,-1.4776688091243917,0,1.4776688091243921,1,569,2,1,-1.9776006911697561,2.4037443922315034,0.5290421562307585,-0.5290421562307595,1.839083934477926,-0.05982859529400853,0.05982859529400845,-1.1132784274926384,-2.455884170984475
0.3221252569545091,-0.6246717070175859,-0.13675104851314915,0.3241384052620125,-0.990691717362837,0.6727404381656837,0.7925464062022455,0,-0.7925464062022376,0,570,0,2,0.9098265137052137,-0.3637975870931376,-1.628883055606576,1.6288830556065823,-0.5300650278661642,0.467223754412055,-0.467223754412072,-1.6898281039572307,-0.15661302584791278
-0.16950441234440802,0.13015040440709794,0.272663367191949,-0.8208203418739579,-0.5557547857681986,-0.2621616473864684,-0.4040530928241705,0,0.40405309282414714,1,570,0,1,-0.18283360483303623,-0.49672409877202056,0.8589104088116694,-0.8589104088116922,0.8666077637514711,0.7546747434198567,-0.7546747434198572,-1.550907658657804,0.14768244801998046
1.113748674448217,-1.6748975127538852,1.2922103542206065,-0.7657824629211784,0.380389046571504,-1.4290303124127968,-0.8153580746270156,1,0.8153580746269906,1,571,2,0,-0.7927454897148428,-0.8022139286865977,0.2953814265721895,-0.29538142657219085,0.9265868421792113,1.1722851481193688,-1.1722851481193586,-1.3335436837943906,0.2858886169461831
1.5883848000481386,0.6917763119433263,0.5374158352567477,-0.9773771790626459,-1.1242187678690614,-1.3553102771731123,-0.5406198332436717,1,0.5406198332436403,1,571,1,0,0.10239457851668997,-0.5578996599858098,-0.19692462021045648,0.196924620210452,1.054924083392439,1.0831759162299384,-1.0831759162299428,-1.7486313747113025,0.08115233717295423
-0.3567021721314298,-1.2855936986660705,-1.5787302979553768,0.5098698818574088,0.6014537891295048,1.7015062689325609,1.400631967513993,0,-1.4006319675139998,0,571,2,2,-0.0637855195216248,2.1233385839045944,-1.3928182236992923,1.3928182236993107,-0.8617582602048326,-0.19840199358818267,0.19840199358819563,-0.8084162081696006,0.3341649127718251
-1.4698337144408034,1.6679762404398455,-0.489355260182198,0.23192169030596352,1.0978645855393523,1.3100008712780724,0.4787360207221342,2,-0.4787360207221365,1,571,2,2,-0.5995534270879332,-0.005478854527084552,0.6617825672018655,-0.6617825672018626,-0.3613170594199023,-0.058676339769503434,0.05867633976944321,-0.8512664185627591,1.2368247458004484
-1.0937620855689216,0.45868047750107893,-1.6787055205489896,0.9862065784316815,1.5626272796304967,1.440478158121028,0.8587420557012809,1,-0.8587420557013034,1,571,2,2,-0.39974035338802544,3.3430015894584844,-0.2724650082897988,0.27246500828978454,-1.1446462512125117,-0.6209422364093106,0.6209422364092834,-0.011597777600008127,1.3568867926188004
1.0237110817414277,0.941676619587403,-0.2398267737878694,0.3720520594085213,1.3218768889254604,0.4400115814933752,0.9316484227102617,2,-0.9316484227102564,1,572,2,2,-0.6577218526527139,-0.22284948597949375,-0.05208964650935516,0.05208964650937511,-0.6110875844282554,-1.3988056735693166,1.3988056735692782,0.5171181791293362,0.7456990027821139
-1.5020135776033163,-1.627944925914362,1.033219187553861,-0.19872043731494765,-1.4424075147226103,0.9861160449776141,0.127910053877131,1,-0.1279100538771421,0,572,1,2,0.8609884404658763,-0.7570917898914831,0.5769924429993024,-0.5769924429993145,0.13226576141994,-1.6964719711088845,1.696471971108853,0.8789355050212952,-0.6525322653462432
0.16143993537863008,0.46872067208211626,-0.6220922770096059,-0.9824324815139192,0.17598848019222785,-1.1226451792668335,-1.0287749436607905,0,1.0287749436607936,0,572,0,0,-0.8010564886897743,0.028287200845517835,0.8302676793553283,-0.8302676793553185,1.1941876567546525,-0.6147663145661083,0.6147663145661075,0.18550947839322413,-1.166800490133875
1.1514074652490494,0.7854463604452429,-0.6580697560167302,-0.5718108925950066,-0.47429889735188024,-0.8677830686394975,-0.27491195166874155,1,0.2749119516687446,0,573,2,1,-0.06705182107401883,0.0847635087731336,-0.5407455398201708,0.540745539820171,0.5934593844878633,-0.2792007610858495,0.27920076108582864,-0.18795980310911864,-1.3166891296761316
-1.2404847953922205,-0.2698831494873022,-0.8965514813744024,-1.272491805975762,0.6195475758335909,1.487945982667997,0.5897231181080238,1,-0.5897231181080234,0,573,0,2,-1.3086158953938425,0.271636475687859,-0.6202358137052816,0.6202358137052801,1.0288433379117148,-0.15941872491345632,0.1594187249134576,-1.237505983892838,-0.33965850767261896
0.3609087082520732,-1.526030465937828,0.053539616136539146,0.7881195306819977,-0.12584904642195882,1.625539490370386,1.7120814794593844,2,-1.7120814794594112,0,574,2,2,0.632005833763415,-0.4924310658927666,-0.8051785848759505,0.8051785848759313,-1.1947860455753,-0.5069104720371411,0.506910472037139,-1.0441725010170455,1.4873059021488537
-0.20980945330681203,-0.8844668720136701,-1.6416889823100986,1.2379995562032697,-1.454365224861445,-0.140336169462998,-0.09615728080437487,0,0.09615728080435766,0,575,1,1,1.8625985401297611,2.6754706342768264,1.297824017430046,-1.29782401743004,-1.1157074603265773,-0.40714336334220363,0.407143363342187,-0.3765738555041132,1.196593513708907
1.0954329418625015,1.2090828090121815,-0.4057924361107534,-1.6776772296735185,1.6062588489353806,-1.2779554442857097,-0.7861576835520627,2,0.786157683552047,0,575,0,0,-2.271722365264418,-0.09860175473660487,0.4953738414882175,-0.4953738414882168,1.8094440298693257,-0.5151699197117162,0.5151699197117023,-0.6996322484166666,-0.5330389083859243
0.3669854709001351,-0.24995548107859794,1.48184656321865,-0.895986524990761,1.2241902116311554,1.1312064032547904,1.0944603424205144,0,-1.09446034242054,0,577,1,2,-1.4668155297461551,-0.7885755078685716,-1.3493073005430158,1.3493073005430094,0.5270412012112611,-1.1248898269104106,1.1248898269103607,-0.8502664806067108,-0.46472980478347836
0.6214026170408098,-0.8575924369554295,0.3827447733083716,-0.5159138536018183,-0.7354222319227358,1.1407063926383623,1.2673258923047404,2,-1.2673258923047828,1,578,0,2,0.1523348339496523,-0.575039317279446,-0.12382056447165042,0.12382056447163832,0.11964825932550409,-1.4265958730923676,1.42659587309231,-0.4987084745174835,0.09201206668850838
0.8760136478362922,-1.3711105220885316,0.41648271315518437,0.5083543914720067,1.7526323511661495,-1.489108865180253,-0.8495761088110905,1,0.8495761088110697,0,578,1,0,-0.8616369935360646,-0.6064127873917591,1.5193214023692565,-1.5193214023692418,-0.2582489247165811,-0.28600493683877076,0.2860049368387058,-0.6287065457080757,0.1683874546870349
-1.069280600884367,-0.23151432867981658,1.4319429759527864,-0.05161187049933314,-0.4945756378373545,-1.4008124543677845,-1.7783199586861305,0,1.7783199586861438,1,579,2,0,0.30664324438584434,-0.780389587956778,0.666696636726507,-0.6666966367264829,0.5106594103481212,0.4629864632927038,-0.46298646329272963,-1.2279484617312477,-1.2235695639635813
1.692330218772727,0.18368065417772167,-1.4592352896336944,0.46230199106693626,1.6306244557237615,-0.8655141318919445,0.10061060988540238,1,-0.10061060988543986,0,580,0,1,-0.8090277479800143,1.7266523227070651,-1.3480963775951236,1.3480963775950878,-0.4705612837318539,0.06814841675475977,-0.06814841675477289,-0.23356734666532622,-1.5672764451343666
-0.4102330044734002,0.18928502473852096,-0.23608090255499953,-0.9504845625437635,-1.211896770444513,1.1141422670693006,0.6945989642883881,1,-0.694598964288377,1,580,2,2,0.18167536196253964,-0.26709642890477975,-0.42601916668180867,0.42601916668184375,0.6891310686283125,0.24618870822212788,-0.24618870822218183,-0.25889087262559557,-0.062385615683926386
-0.10658126352918484,-0.9418801047488594,-1.3061872655684816,-0.025124090679129997,1.5364144549434486,-1.5862869450754977,-1.4720011433167846,1,1.4720011433167928,0,581,1,0,-1.0808204066421547,0.9992724876802153,1.554984867164824,-1.5549848671648274,0.40299988402230025,1.4658878602754506,-1.4658878602754692,-0.030836288268868646,0.38034498961142926
-0.031221659057115284,0.1455680150027226,0.9311150400386291,-0.7853386819230656,1.7045389472661316,-0.7134246982403402,-0.7360974165838221,1,0.7360974165838268,0,581,0,1,-1.7227945694172588,-0.6767551389529335,-0.5278579336402602,0.5278579336402581,0.9236317784011906,1.415360901323242,-1.4153609013231905,-0.631974817282498,0.15755895135144513
0.741805740871809,1.6460036037258432,1.2982399687254487,0.3746977816715027,0.6573043426693961,1.6398429930658858,1.8666021637381687,1,-1.8666021637381647,0,581,1,2,-0.19589982739652734,-0.7011001974313555,-1.8674745288780505,1.867474528878051,-0.8643114829131062,-0.20755902178576055,0.2075590217857691,-0.4338821147083467,0.6519606023506413
1.4522429814770592,1.0889878383843994,0.28006534373172,-1.1529735815857387,0.261105361363687,-0.9907735004563344,-0.29990683229427767,2,0.29990683229428533,0,584,0,1,-0.9778816400520467,-0.4572991125430977,1.5549194853103494,-1.5549194853103478,1.1587125370086404,-0.02922661449865614,0.029226614498637032,-1.1844499284076533,0.4181448412707448
1.6178287892807384,1.062445103258833,0.6878940220803601,-1.6833175893134338,1.3291692359136342,1.6038530783096916,2.0428266198838974,0,-2.0428266198839187,1,585,0,2,-2.0838307602864554,-0.5855872300387399,-1.6809222935109156,1.6809222935108956,1.025642642742254,-0.629531764968351,0.6295317649683883,-1.5249744135305592,2.3206141301729857
1.6995669700134453,0.029660357956322245,1.3002187155014338,0.038067912272561566,0.3844455446531594,-1.358982558847968,-0.38184938422208775,1,0.3818493842220703,0,585,2,0,-0.23977937675311095,-0.7511058895272789,1.740180668365419,-1.7401806683654173,0.04957318773951854,-1.1149273233981523,1.1149273233981303,-1.4956110749759897,0.2735460213656691
0.21161807453966566,-0.19999288408622512,-0.9572621430781851,1.6601316450436046,-1.1437540057067943,0.06506718321771308,0.33762274539621284,0,-0.337622745396237,0,585,2,1,1.93946259905977,0.36226653768224354,-0.5160665853046945,0.51606658530469,-1.600761344738897,-1.5930066304979096,1.5930066304978856,-0.3592778400446974,-0.9783181238266749
-0.9720677418123742,0.9642310373186402,0.8832154917041783,-1.3624405337310836,1.0459185440201633,1.6161392928539275,0.8255420652895914,0,-0.8255420652896184,1,586,1,2,-1.6659239030686768,-0.6376461971700907,-0.3499038064528524,0.3499038064528505,1.0509782470804503,-1.1294693810924035,1.129469381092342,-1.1664714419040976,0.16809133404623486
1.3907240571076098,-1.0922766111239075,-0.7570102621285641,1.1962960593211698,-0.6841681374390465,-0.5641154751772327,0.30087537600158665,2,-0.30087537600161146,0,587,0,1,1.3006629290192977,0.042932695980071454,0.3767300241275434,-0.37673002412754203,-1.1835906285822482,-1.3969706836014424,1.3969706836014495,-0.07483964357886759,-0.7097593753954178
0.3988423981132495,-0.7207198075787336,1.5755059173717727,1.7223640237753928,-1.0603839430711643,1.0983951226560884,1.358790429189151,0,-1.3587904291891302,0,588,2,2,1.9247837180494913,-0.8157355886666074,-0.7589339326273563,0.7589339326273894,-1.9220877815168362,-1.0924001263387988,1.0924001263387078,1.5076736103633823,1.069778960388163
0.8739402806818405,-0.5029413973605547,-1.549074211451382,-1.1163648634668182,1.2383473280956392,-0.5050453377344312,-0.14388062672371832,1,0.14388062672371887,1,589,2,1,-1.628981881842414,2.0870187527267876,1.0785479959356659,-1.0785479959356812,1.080104638014364,-1.1983569135209946,1.1983569135209564,0.9712449667192751,-0.13532443728773558
-1.3581974677320505,-0.2557236752705603,-1.3970085757711992,-1.4207309323757364,1.408710007596268,-1.1432078852114869,-1.8343932310670739,0,1.8343932310670836,0,589,0,0,-1.957336261220982,1.3960040716624345,1.213343482581352,-1.2133434825813463,1.846242179865252,-0.23125586633347225,0.23125586633351158,-0.46033508574455023,-1.7947424864900867
-1.242079145056729,1.4721783989956012,-0.29567219387913146,-0.99853537875848,-1.1366055372308923,-1.2752370010519871,-1.850921354421217,2,1.8509213544212202,1,589,0,0,0.09633968563010868,-0.15815867050628363,0.012088730171036184,-0.012088730171040911,1.4361867737921405,0.9604529442876667,-0.9604529442876478,-0.2912397925413341,-2.3335302747406113
-1.1566014482307418,0.7892346433591253,1.3957068521437284,1.564333292520307,-1.4775695147803354,-1.3779943030206814,-1.6288475026736473,0,1.6288475026736577,1,591,2,0,2.1042834857496358,-0.7442044099479884,-0.15913254444677097,0.15913254444677616,-1.0011633913565332,1.819671770010678,-1.8196717700106522,-0.12022445239812164,-2.3912425805514994
1.6161990617035813,1.6860364260603993,0.4070327786684316,-1.0861648779651187,0.6326191627123728,-0.8014869437713761,-0.043764465365270566,0,0.04376446536522836,1,591,2,1,-1.1888390500496098,-0.47650970422024935,-1.1372307767352465,1.1372307767352094,1.023229059045897,2.4441663971036074,-2.444166397103645,-1.425259601310119,0.12457031160059015
-0.6370543845835684,-1.1177843961190435,-0.5337246705930749,0.8462627337847118,1.3673756189326678,-1.580926795286522,-1.6332121612472374,0,1.6332121612472077,1,591,1,0,-0.3613500312658182,-0.15319089716140058,1.1408190936339648,-1.1408190936339566,-0.35708539773073933,3.10729875996603,-3.107298759966044,-0.5132882140651274,0.6856264077605523
-1.6291990828012664,-0.7951249090507709,-1.478352088132691,-0.2506329994692966,-1.5519232424325666,-0.7588095040300818,-1.498726506386823,0,1.4987265063868165,0,592,1,1,0.9008994091061119,1.6570095517696837,-0.09627907181267081,0.09627907181268751,0.622382431131515,2.957841461096154,-2.9578414610962462,0.0304195359836062,0.21609623884815982
1.685399998266811,-0.6928350900384516,-0.7400165261515536,-0.731022088467378,1.3684020839855522,-1.6088588078869406,-0.6937171206219421,2,0.6937171206219468,0,592,1,0,-1.4525789983014763,0.05642334171026833,-0.5774482985888438,0.5774482985888522,0.8599155304657695,2.4425904507701643,-2.4425904507701985,0.1547245578812382,0.1275317296287596
-0.7514755904494501,1.053978371424635,-0.5410223405530238,-0.0912760164982248,1.0094107089150757,1.368167392450417,0.8465153798440483,1,-0.8465153798440825,1,592,2,2,-0.7617844568309334,-0.002833769270546425,-1.1050459380214201,1.1050459380213926,-0.16242461393909063,1.3404226666501209,-1.3404226666501882,-0.614585075997229,0.8444292356994556
-0.5118407131099958,-0.5821529199371263,1.3344332116477766,1.4338798388967222,1.5762761375305145,0.759555639283626,0.5815092918878325,1,-0.5815092918878281,1,593,0,2,-0.09967091063405743,-0.7754677674759131,0.19039703543749167,-0.19039703543746403,-1.4670272278138354,1.0620163786803716,-1.06201637868036,0.5564005351163198,2.105627457574614
0.9322269970270339,0.7887166317083499,0.09380824129605783,0.3691578854946025,1.2677633488737323,-0.8497731931745834,-0.2657014826458297,2,0.265701482645842,0,594,2,1,-0.6222674422615951,-0.3977695075221926,0.608188331933495,-0.6081883319334896,-0.28721223955925634,0.4531253651488098,-0.4531253651488166,0.334704900669031,1.1620816501410423
0.8240346802750901,-0.91711324086334,-1.6480663022853366,-0.8008719186451281,1.4880918228354094,-1.2267646103247714,-0.7795662596600303,0,0.7795662596600357,0,595,1,0,-1.5837173095141313,2.7232009324235102,0.36897854936693536,-0.3689785493669406,0.9504771226232775,0.1329156451275545,-0.13291564512753232,0.07902616103462615,-0.4010110648890303
0.35574408355545745,-1.5297362010441455,0.6544159856293398,-0.9115168800988019,1.282185253461307,1.1619446654344672,1.1147968665057144,2,-1.1147968665057426,1,596,1,2,-1.5176951033023551,-0.6747599763735302,-1.3591708130886457,1.3591708130886224,0.5362822608585772,-0.6723343114829514,0.6723343114829329,-0.004844098277492319,-0.2581132700303299
0.45854919091744256,1.6754921565193095,0.7811241114928476,-1.69024849817098,0.14111832476076847,0.7332890467548011,0.699175129156467,0,-0.6991751291564611,1,596,0,2,-1.2662973488231106,-0.5874086506171723,0.2984791393491251,-0.2984791393491009,1.4074181273711224,-0.6067303231712353,0.6067303231711891,-0.7478363777704314,0.5009586313882871
0.13491508436554076,-0.7055577454612838,0.984555043917763,1.181020425323187,0.695291580189273,1.5212469128513881,1.5504755319411812,2,-1.5504755319411965,0,597,0,2,0.33528997019160856,-0.7168536332350782,-0.6106668288802118,0.6106668288801971,-1.500275107813036,-1.0381674192144066,1.0381674192144434,-0.8653322035182947,1.5881657090892147
-1.3752261764910132,-0.5205418473954618,-0.6361466292410466,-0.739426908214114,-0.43211584125378993,0.5433156501078217,-0.26337816398886593,0,0.2633781639888842,1,599,0,2,-0.21213737637644875,-0.029015685894589662,1.3018533069666187,-1.3018533069665956,0.7500589411682708,-1.0392018885417589,1.0392018885417633,-1.3804567302563484,0.454992963763728
-1.2765118747590392,-0.3874518626362356,1.6915452977566046,-0.7511429751928622,-0.31871822143645967,1.0436703442588653,0.2305701845864998,2,-0.2305701845865339,0,600,1,2,-0.2987274277229114,-0.8222786935350475,-0.3542302500005457,0.35423025000050834,0.625894141248407,-1.4889702252479262,1.488970225247889,-1.3573492525005606,-0.8511308587379377
1.573825754635647,0.34545434887185716,1.1859860432295126,1.2467881624872266,0.31647397920633735,-0.8315402254222457,0.15653444473093314,1,-0.15653444473093564,1,601,1,1,0.6429647891295613,-0.7209791277976507,0.05335631562759169,-0.05335631562756904,-1.190195844486372,-1.0622990581749243,1.0622990581748994,-0.35445270374037985,-0.7497841208772149
-1.51816390500129,-0.29368630003560325,1.2366593274722406,-0.24707049934353187,0.49060081079259127,-0.44884710626868585,-1.1672697866603141,2,1.1672697866602975,0,602,2,1,-0.5103979296483714,-0.7502146172362598,0.9501927898717717,-0.9501927898717825,0.5290486833705874,-0.23125506394835377,0.2312550639482728,0.3161467739573959,-1.5617499060516016
-0.05580616775888293,0.24437985375669027,0.9394607473937142,0.5391036241721197,0.5271395575597472,-0.07125798978645152,-0.03360782191441725,1,0.03360782191440866,0,602,1,1,0.007863980877775097,-0.6751515667614808,-0.8132900742303688,0.8132900742303751,-0.5045874215529941,0.4740660234409672,-0.47406602344099597,0.017868202688239958,-0.29350678133196584
0.5899687989373855,0.37270401630762556,0.7586461665044507,0.7479738934062161,-0.2323915347479098,0.3598153226793467,0.6885104363225099,0,-0.688510436322483,1,602,2,2,0.6779943655935493,-0.6291441159676356,-0.5179654527163475,0.5179654527163733,-0.8862440097993592,0.05023283245960079,-0.0502328324596374,0.7090166275563095,0.22409436464114918
0.9085703051281946,0.8602175539653695,1.3896642880997045,-1.6809062423780912,-1.5477516386661188,-1.3802787805802266,-0.9690079451795055,0,0.969007945179485,0,603,2,0,-0.09086421562478571,-0.7410672012818481,1.1896667595051074,-1.1896667595051422,1.8636757457072979,0.5843510332699612,-0.5843510332699677,0.2769848464014066,-0.12460752840105381
-0.05507947194330137,-1.4888826706985436,-1.312712187835536,0.37290632449027716,-0.38682565160662175,1.4223513435561226,1.2836669134118381,2,-1.2836669134118688,1,603,1,2,0.5255701553727745,0.9465669429612266,-1.6162960590564222,1.6162960590564157,-0.7063026731152402,0.08248962774051438,-0.08248962774052161,-0.12908059016044657,1.2321294277990458
1.5396884664509212,-0.9992181693901583,0.5910758465292072,1.4625666951176608,-0.17414631724316748,1.0381981295043903,1.8334692491872355,0,-1.8334692491872617,0,605,1,2,1.1317412624511198,-0.6388099122437788,-0.3943111876239254,0.3943111876239288,-1.8213100410969927,-1.2536045333299346,1.2536045333299668,0.6653341047627448,1.3449904790282827
-0.40965064362666576,-0.2166356352208843,1.1401424254581671,1.7644945242718444,-0.3306027789908651,1.5735769111372737,1.393782252793962,1,-1.3937822527939954,0,605,1,2,1.4487844928620741,-0.7304897239104354,0.3157484193949528,-0.3157484193949579,-1.9676139363603724,-1.8891571494038797,1.8891571494038173,1.234734759602364,1.3088183803045663
0.23762279310982148,1.4736516147329835,0.267385204739992,-0.4731245908500891,0.49374446671610106,-0.1929450055061795,-0.10683574095950595,2,0.10683574095948939,0,610,1,1,-0.6688653245399531,-0.4356995554864424,1.0770747142511947,-1.0770747142511836,0.4540583488073663,-1.5350252602920795,1.5350252602920103,0.6673286555561986,0.5689637058701995
-1.2376289463431347,-0.351654616423537,0.6202878387423961,0.9501506925872283,-1.2676332805960764,-0.10184927123584032,-0.5933148690533454,1,0.5933148690533291,1,611,2,1,1.5343337802936032,-0.6213754310360718,0.34932655062559975,-0.34932655062559975,-0.7271498412547873,-1.702304493630983,1.7023044936309382,1.8898981569027997,-1.772857521880842
-0.38690333224449963,1.4380846897463562,0.6888637554829118,-0.9877352870797541,1.1087480027479932,-1.554954420375144,-1.6828853125591732,0,1.6828853125591978,0,611,0,0,-1.4503448061436033,-0.5717905832428761,0.78210613550441,-0.782106135504381,1.3794071953986415,-0.38143218175027244,0.38143218175026605,1.2576507454302936,-2.8072705652822205
-0.3951692769441437,-1.5710154646379912,-1.036364021166226,0.7500158894974317,-0.34222469429948815,0.025813203570734886,-0.08987904233764951,0,0.08987904233763626,1,612,2,1,0.7554286749640556,0.3532348702569767,-1.142916505187,1.1429165051869732,-0.6807265934203726,0.47494832695513123,-0.4749483269551409,0.926550771296619,-1.4148696258993543
-0.4501027553632413,-1.2885292463437186,1.515576285644813,-0.8511254832862076,-0.22175420252939115,0.6180926046139695,0.2424881952741263,0,-0.24248819527414456,1,612,1,2,-0.4349692503621008,-0.8236231414986206,-0.23827930801205965,0.2382793080120562,0.7181847434414519,0.9875678015416498,-0.9875678015416515,-0.2888456748447416,0.3722622717044542
-0.6485750485254561,0.20104746778939278,-0.6472872866621077,0.16747880108191684,1.1770228039724866,0.9267689451119182,0.5297555943260615,1,-0.5297555943260946,0,615,0,2,-0.6988989995947124,0.03252252259850867,-0.20591556986622,0.2059155698662094,-0.3158439281480762,0.7041223049815559,-0.7041223049815433,0.008822596421904846,1.2959077601250781
-0.17507936820518877,-0.4768393386971559,1.5845678267176702,0.9201908745628826,-0.41609465068657564,-1.5895443467698211,-1.4078874649538555,2,1.4078874649538298,1,616,0,0,0.9242159883645336,-0.8100854150888919,1.3906848121033764,-1.390684812103372,-0.4839039440188089,1.0668148537666642,-1.0668148537667141,-0.005098789807215986,0.3621676074507257
-1.6160274182704788,-0.8121953487247469,0.957653665346513,-0.25557057861650145,1.4492211223168727,0.6443887327897098,-0.23904137004343942,1,0.23904137004344386,0,616,1,2,-1.1797967011124177,-0.7151102898464128,-0.8385382793657885,0.8385382793658107,0.2850737586228391,0.42393607022484575,-0.4239360702248467,0.33511514879434434,-0.607793402124102
-0.33498073535668893,-0.19597287743008776,1.6828697821305811,0.5990603905732893,0.06379363480688019,0.4506813627515058,0.30305249639262505,2,-0.3030524963925958,0,617,0,2,0.3700285659414399,-0.8158276999905073,-0.3887795739603176,0.38877957396033563,-0.6490088766996036,0.248981324635095,-0.2489813246350903,0.2649708708075781,-0.20310563493081063
0.9756328776082358,0.07505665830462165,-0.060955876421401246,-0.025617080709724634,0.6801713123148403,1.061095743302969,1.4209271076824634,1,-1.4209271076824637,1,619,1,2,-0.48850108107456147,-0.3637966557646563,-0.8019610364869486,0.801961036486928,-0.378483407059217,-0.27572453323451906,0.2757245332344615,0.6485586916118659,1.0849429417762428
0.35390066603634246,-1.2987910409642225,1.5640241342644738,-0.01085991420869156,0.6405279900267068,-1.6324367434649556,-1.287277597692517,1,1.2872775976925195,1,620,2,0,-0.4508584709463626,-0.8306049262768288,1.943641455315388,-1.9436414553153876,0.3397269428128999,0.5333186422383472,-0.5333186422383407,0.5656902932408125,0.589719685924484
0.7945798827435792,-1.39650031528996,-0.5858788528751856,0.915056526332794,-0.6209445801188861,0.7619257739861339,1.165282587902154,0,-1.165282587902153,1,621,2,2,1.0624557786560866,-0.13206859411302632,-1.7597341863071203,1.7597341863071203,-1.1626220739889739,-0.6123982768243063,0.6123982768243348,0.5633045229171149,0.3773119177327226
1.0727183429098321,-0.6226027214639702,0.2746475200923705,1.3578350600847078,0.2224478707743721,0.0436925262930063,0.7061245594424628,1,-0.7061245594424753,0,622,0,1,0.784822902612545,-0.5304713424741903,0.3297208725865667,-0.32972087258657656,-1.4330602503417265,-1.0332381647795843,1.0332381647795346,1.313003437054343,0.16958614913203174
1.4747559636975118,0.5563195356543272,-1.3785666262502363,-1.4086375906844606,-0.6180097753438555,1.1775632031056562,1.6213679438912494,1,-1.6213679438912232,1,627,1,2,-0.5461537722562205,1.4434656383044997,-0.6565524457897481,0.6565524457897765,0.8751071327016099,-1.620224754019682,1.6202247540196872,0.38008925827652207,0.7430977515758592
-0.49518355999761693,-1.379613976870599,0.06114424752080857,0.3106011574890504,-0.634589616926613,1.6402126369264156,1.257201001423223,0,-1.2572010014232242,1,627,0,2,0.6539861556665263,-0.48830549684521257,0.2615550713022623,-0.26155507130228206,-0.6425031266950512,-1.5473248810302418,1.547324881030237,0.5363193110570907,1.7231455588672957
0.5331005104540967,-0.37677842315000604,-0.9995967675733883,0.4356759477537804,-1.0636385051504076,1.6061851472124373,1.7412798085303516,2,-1.741279808530335,0,628,1,2,1.0374335195484037,0.41007130989191076,-0.3471478464731793,0.3471478464731921,-0.8859033463597014,-2.8958053115446565,2.8958053115446662,0.7438104979021335,0.5280950199784941
-0.4194420818349368,1.0916153226342669,0.5119693727120143,-0.16223583679259004,0.07100936105991015,0.4087784752043754,0.14357924200630365,0,-0.1435792420063042,0,632,0,2,-0.16131826861295429,-0.5344313559814958,1.1467413708070087,-1.1467413708070215,0.09394457969443898,-2.4408867536527796,2.4408867536527867,0.24322658058448549,-0.3143097359620274
-1.189298868586101,-0.17900553397425292,0.34604880048582737,0.3163142209209053,0.6399090268202929,0.37661256685809796,-0.2095675591011333,2,0.20956755910116612,0,632,2,2,-0.22422521900473416,-0.5348191417432386,0.2536469948942029,-0.2536469948941791,-0.25379433610911595,-2.0331702283872635,2.0331702283872697,-0.24073543333345476,-1.4870710568576473
-1.278084628527903,1.2357770868824345,1.3286046578292707,0.33721943816128697,1.0584031273729793,0.7525344202190924,0.08527249956663135,2,-0.08527249956664183,0,632,1,2,-0.4994378709594344,-0.7191556878523063,-0.21134972618919817,0.21134972618916725,-0.3521348105585056,-1.3492159992819721,1.3492159992820347,0.57050948075904,-1.3375211698169007
1.268784668704726,-0.3374976800133804,-1.1580635216754975,-1.4291304156516949,1.5761148148328388,-0.8604745237734371,-0.3022347491524796,0,0.3022347491524675,1,635,2,1,-2.0790150597790937,0.7037184423057794,0.278304123713005,-0.2783041237130063,1.4291318156538864,-0.6548693813261497,0.6548693813262075,-0.23788912650243846,-1.2910598895460574
-1.608514118821392,-0.9786473831388663,-1.6135821658503704,0.20424103793644513,-1.602672842364846,-1.1519270549765876,-1.791587336234489,1,1.7915873362344528,0,637,2,0,1.2505216510961954,2.4295935600547374,1.0689906349448104,-1.0689906349448284,0.2751013828350644,0.9181574989086017,-0.9181574989085975,-0.3454296584192456,-1.2343441795760055
1.054958388464177,-0.9073033698090109,0.8301695796435629,1.2326033585165743,-0.32317533674901644,-1.1495564459609255,-0.3820290493209659,1,0.382029049320932,0,638,2,0,1.0758994137594569,-0.6918029472523661,-1.0112738500300968,1.011273850030099,-1.035448103597468,1.152187236471006,-1.1521872364709824,0.30270829587792997,-0.6927360871442292
-0.6357819964374568,-0.5723195055270612,-1.3365625430204076,-0.20379578265612194,1.6854937909721,0.41075823167970055,0.03548709913680408,1,-0.035487099136781,0,638,2,2,-1.3075394364268487,1.1405482203745483,-0.29938234389910295,0.29938234389914403,0.16207559620917725,1.0430754163148626,-1.0430754163148657,0.061029516803189826,-0.057439265557789394
0.15699036175663952,-0.09531252222954999,0.9022239745592668,1.090517049077511,0.06838096702684836,-1.5474786889068959,-1.1903541654207417,0,1.1903541654207441,1,640,0,0,0.7066414557997618,-0.6788570521338905,0.8798943607013503,-0.8798943607013657,-0.694928429363885,1.6110546102516687,-1.6110546102516903,0.41106325127103494,0.014164977982490622
0.6975958575861381,-1.604523079503935,-1.5572523726095566,-0.3172953103622648,-1.4857637677090747,0.5321450668345121,0.7817971615045516,0,-0.7817971615045199,1,640,2,2,0.8090166060878391,1.9292544157956186,-1.4149917880767533,1.414991788076775,0.06561264967588763,1.12838394514535,-1.1283839451453985,0.9276980956900365,1.3478313920598977
1.5612073933890138,0.7497595681233509,-0.5140809557242644,-1.4676887906001899,1.1172515635412306,0.31124960186315254,0.8831620577871757,1,-0.8831620577871783,0,641,2,1,-1.7880655702433574,-0.04518625439026684,-0.07251154642831056,0.0725115464282861,1.1376390016219717,-0.06256168690942314,0.06256168690946853,0.1508048291110366,1.0175721049682336
-0.5083686521441707,-0.47621819745583926,-0.9509569236795687,-0.6352689604031223,-1.0057364326876617,0.9670310156911491,0.5488013328092545,2,-0.5488013328092659,0,641,1,2,0.25691554115684856,0.32813241036449736,0.24016606751043298,-0.24016606751043945,0.4285796601703741,-0.4770186002410983,0.47701860024112996,-0.7171367570906579,0.9626567370545224
-0.5214587524750187,0.669241020878775,-0.48378206302639315,-1.0718947809390131,0.8381179937469216,-0.0457845545838782,-0.4089309539785263,1,0.4089309539785128,1,642,0,1,-1.3212116236365286,-0.07430283171850001,0.6874987994716211,-0.687498799471623,1.1101175725930108,-0.27913922494449006,0.2791392249445058,-1.1205150897089857,0.4120043390087129
-1.040053383220982,1.2684522176498347,0.3885752131952292,-1.6645225967714952,-0.30528430927942296,-0.05690067312852383,-0.7345812961352471,0,0.7345812961352103,1,642,1,1,-0.9395271558612132,-0.4877013866949615,0.23391547864409282,-0.23391547864410966,1.7819805936813806,-0.4820743892996765,0.4820743892996744,-2.400695461807292,-1.3468979861159978
0.7071465575908954,-0.3969808078331994,1.2224488057863896,-0.2026527642942143,-1.475406578826551,0.020890611493421828,0.34181207696936056,1,-0.34181207696936755,1,642,2,1,0.8811104148345903,-0.7509849972859653,-0.7721940135116236,0.7721940135116454,0.0779302324229183,-0.28616881557841856,0.28616881557838736,-2.347424672218176,-0.7376207291597261
-1.285722499994912,-0.4776095266453058,1.5870835517642703,-0.50739758849966,-0.18642024329894918,0.8869151210413757,0.11190700484443764,2,-0.11190700484443887,1,643,0,2,-0.2217761968510552,-0.810461625316366,0.16520847332077918,-0.16520847332077515,0.4268202614627388,0.057236379149515994,-0.05723637914953352,-1.9012075187626785,-0.03992101556456344
1.021745175675493,0.14019194769338605,-1.515176693443195,1.189379447678161,1.7258215189672532,-0.6507299342807912,0.04290405989206186,2,-0.04290405989209609,0,644,0,1,-0.3722258048437615,2.005758297662849,0.049744771515862866,-0.049744771515886556,-1.1092983480241114,0.2824896865418485,-0.2824896865419347,-1.0533507260208652,0.5427416342482426
-1.4619670041713941,-0.23114897611156499,0.9216038662433715,1.5952250538037558,-0.2754408620703822,1.4420522460299643,0.745370861119201,1,-0.745370861119182,0,644,1,2,1.2935722633310471,-0.6877169134794309,-0.5038635262093192,0.5038635262093577,-1.6510951208435853,-0.23146900724680122,0.23146900724682293,0.18597607191331522,0.826059029212148
-0.7203046376416017,-0.9854801072774592,-0.664419477836461,0.3259641103100789,-0.0447466698468248,1.730939793024238,1.2301729693331993,0,-1.2301729693331995,0,646,2,2,0.25634023716523563,-0.03724079891922427,-0.3476668888549712,0.3476668888549575,-0.6492388787095246,-1.1062857342833516,1.106285734283293,1.110892712284622,0.748044031759553
0.20195848343602682,-0.8899833006712157,1.3947162749574895,0.2027061745690814,0.3018835566769662,-0.7469783512967345,-0.547473850718357,2,0.5474738507183441,1,648,1,1,-0.06880379023714497,-0.7942200480181276,1.2758711773752376,-1.2758711773752476,-0.05830307696681722,-0.7103266984219917,0.7103266984219424,1.2992502765647813,-0.04254852142227147
0.794530691330269,-0.23768417674384962,-1.1587695289975386,0.2662170734700012,-0.649835857785745,-1.2190545329535785,-0.6737119043701435,2,0.6737119043701048,1,649,0,0,0.6338523470495138,0.7162013673016027,0.09081680480572178,-0.09081680480574032,-0.08297935121100847,-0.36052592438307646,0.36052592438305836,1.6587247063840411,-0.8495973703301223
1.5385473978688817,1.4794029172253433,-1.1586843039140327,-0.7747314167220394,1.148260739479605,-1.0817759811178003,-0.29897708466333833,2,0.2989770846633394,0,649,0,0,-1.3304253940006145,0.9048103416828261,-0.26868237322426447,0.2686823732242932,0.7935980661857562,-0.2083016237812094,0.20830162378120767,0.7460640914928454,-1.2435452092497503
1.2769110853851935,0.9564583999509583,-1.6357699092635984,0.859659732133226,0.691566617932894,-1.4653810540562568,-0.5956571159326138,0,0.5956571159326239,1,649,0,0,0.11568277841172211,3.0309404471863375,0.21312632317250568,-0.21312632317249935,-0.645065942006174,0.38879783357459463,-0.3887978335746454,0.404269994766298,-1.0602061336484012
0.9611782680334708,1.012266116141566,-0.9205018601029364,1.101023542409231,-0.8782038544776573,-1.665784714380031,-0.9029766582225252,1,0.9029766582225254,1,649,2,0,1.3690969154660089,0.4166455928012349,0.22076125845534972,-0.22076125845535688,-0.7804067423775516,1.3385934432624844,-1.338593443262474,0.7644157638763576,-0.1985277253806284
-0.534305938642754,-1.0988623253899223,-0.2228501719700179,1.1943188157522546,1.6855073628769035,0.5074745072443926,0.3198731572237585,1,-0.31987315722376086,1,651,2,2,-0.34090679284591,-0.3460099133203874,-0.8772914617747755,0.8772914617747741,-1.1868575898214684,0.9524028218556688,-0.952402821855738,1.225187006090574,0.4285895840178648
-0.4907795974038026,1.5801449392039102,-1.4009159088689362,-0.028786667282150003,-1.1390894312228779,-1.4799087527392478,-1.5646016278530084,2,1.5646016278530106,1,652,1,0,0.7685332201975864,1.6816349571957474,1.3525311477239734,-1.352531147723971,0.43146165992957736,1.349075955868201,-1.349075955868192,1.0881080354937263,-0.5042190507283513
-0.8959643201153132,0.20645849120161613,1.1823808431603804,-1.1994337187143236,-0.9771307126679369,1.2784462256865519,0.5782138481775908,2,-0.5782138481775864,0,652,1,2,-0.15294199650642995,-0.7247328190898189,-1.53746073716623,1.5374607371662323,0.961156265137042,0.9585022773471218,-0.9585022773471235,0.8907622180516183,0.5228214785468965
-0.2784453542071139,0.06637825656618099,-0.7836544373809459,-0.022300567089505452,0.7952123449105407,-0.7603184283846892,-0.8174481280479425,1,0.8174481280479154,1,654,0,1,-0.5658352711723904,0.16191859000587197,1.0017580573279212,-1.0017580573279443,0.22344382797060347,1.0572558419607445,-1.0572558419607505,0.48094297434815747,0.13191725162537615
-1.4153733509629505,-1.2091386459499092,1.6560000595536593,0.4292590421776717,0.28875323078991194,1.6184380853452252,0.8018374209691789,2,-0.8018374209691643,1,654,1,2,0.09692086085696683,-0.8403303386846348,-1.1617745704209004,1.1617745704209308,-0.6283381966178099,0.29817879137160574,-0.2981787913716303,0.16879511500079972,0.5305868972863943
1.454179969818016,0.903647240176838,0.2767405602427131,0.17646464341467116,0.9144719267704343,0.012042601141288717,0.7382887625229259,0,-0.7382887625229226,1,654,2,1,-0.5109581701415075,-0.46421390786167294,0.045830764151475904,-0.04583076415148398,-0.38025780783878516,0.11187713685834841,-0.11187713685834826,-0.30416974234643146,1.5005453185199504
1.3611627755149565,1.5230405105325988,1.5609917792548733,0.46879987984413657,-1.3853716711394106,-0.8886457672259659,-0.08078273450365636,1,0.08078273450364312,1,656,2,1,1.2830269905670812,-0.7496823115122037,0.5879955277476243,-0.5879955277476365,-0.42790929113556014,-0.5488006947712776,0.5488006947712812,-0.0729569058955982,0.072303004884728
1.474651447162385,-1.6643818753803343,-1.169267750792202,0.4316289767551813,0.06165747952771663,-0.7506903887488544,0.09385097032704516,1,-0.09385097032706355,0,657,1,1,0.2557467789199496,0.5803815525331995,-0.12508939614635167,0.12508939614634806,-0.44076839240822435,-0.3331356851838537,0.33313568518385916,0.6849466878141577,0.29073394860623203
1.556584884255297,-1.3187448665829793,1.1418449589954782,-1.2596508738854306,0.32751056049750243,-1.3636089463127017,-0.593517548260137,0,0.5935175482601142,1,657,2,0,-1.0976004706438192,-0.7662990326789731,0.4934851959293652,-0.49348519592936874,1.3438398234532927,-0.4328419030739643,0.4328419030739843,0.10998887239520078,-1.0701549020174077
1.1381984894349697,0.20724134864447,-1.0168118453236599,-0.3526156687846929,0.2502742285254407,-1.588314598130609,-0.9018786528660251,0,0.9018786528660343,1,657,0,0,-0.417025506236816,0.49334010172938036,0.22150868574410784,-0.22150868574408497,0.5565966187157098,0.3257462551029113,-0.32574625510292843,-0.2533237426962606,-1.181487002483615
0.9624048216780332,-0.4201105245845476,-0.9073437632275425,1.5937312879349315,-0.22689415295135937,0.40035179335540916,0.9960964440241372,1,-0.9960964440241304,1,659,2,2,1.2589372332387876,0.2729283337961419,-1.3617627708083924,1.3617627708083913,-1.715549965785855,0.21095608714161607,-0.21095608714165393,0.4052355426766872,0.3585589145338249
1.1197788952366543,0.6193195702450796,1.269405057856859,-0.46618092395340477,-1.2759755925869387,0.616338480322002,1.0469882919560143,1,-1.0469882919560516,0,659,2,2,0.560870927091733,-0.7275454655127749,-0.03629198173788449,0.03629198173785287,0.13299939532503058,-0.2911896394532709,0.2911896394532089,-0.029220663829718063,1.0857534319868134
0.48634242062318983,-0.9669841652638406,-0.4498061802631576,0.6757257335611201,-0.7678512180173022,0.45512580070322495,0.7154896299308188,1,-0.7154896299307959,0,660,1,2,0.9986683323290008,-0.20316314620689094,0.23811224517060786,-0.23811224517056467,-0.8283933511581584,-0.5679773818960377,0.5679773818960296,0.0842034306026953,1.4188871643126977
-1.5957347220085343,-0.11576141283083236,-1.091373807049507,1.639581660779251,0.9503098245032395,0.5634945243775217,-0.10012888590714716,2,0.10012888590714907,0,660,2,2,0.47582018906077356,0.5934924619325072,0.5855176612501028,-0.5855176612501183,-1.4681460037662601,-0.7876611674678875,0.7876611674678762,1.431385708222071,0.4098400826785957
1.4803279820644202,-1.6946392783739799,-1.0749297578107608,0.2709981359096481,0.4911677345445085,-1.1580533851084907,-0.2844324853962868,1,0.2844324853962833,0,661,1,0,-0.1526030134411071,0.4033943117574453,0.13248476151654198,-0.13248476151654592,-0.19202235166491166,-1.0625821816835332,1.0625821816835157,1.7211594520380948,-1.1550804186967858
1.421704977561935,0.26823739943638397,1.671538942782402,-0.8691530771672586,-0.39057876229582295,-0.613967608825411,0.05204054485327002,2,-0.052040544853260096,1,661,1,1,-0.33057916008903526,-0.8014270206408673,-0.24122563336604919,0.24122563336605898,0.7877650908872158,-0.6422365403138484,0.6422365403138461,0.5767344606583443,-0.9316343592321625
-1.626075869896897,0.8697555602581497,1.2160251958650186,0.7395633295827474,-0.2854382846374293,0.7569529691193564,-0.03765762189564144,1,0.03765762189564668,0,661,1,2,0.7088964076841549,-0.7099774901477427,0.0645957058092424,-0.06459570580924577,-0.6852007922600005,-0.15929248719427805,0.15929248719433065,1.1370059360518068,-0.4228499602915557
-0.1360055039134811,-1.1148293507428433,0.864018221616935,0.6412491161533145,-1.4390603484737703,0.10283603105724537,0.09370890934215151,2,-0.09370890934214945,1,663,2,1,1.4394179549235813,-0.7063829722587078,-0.094040782200342,0.09404078220033979,-0.6313244194867392,0.11755850861715143,-0.11755850861713076,1.120985735047327,0.19569917503425802
0.102917970627241,-1.5874496660544983,-0.328019906274895,-0.6563929462879108,0.6096673555117134,-0.8337143347625793,-0.7645011432367513,0,0.7645011432367085,1,663,2,1,-0.8758127605155115,-0.31662802936084405,0.6160814367829834,-0.616081436783016,0.8078803223205555,0.41337360056314537,-0.41337360056316685,0.05411846464994318,-0.2873385282473231
-1.6166056920784253,-1.116409233781987,1.1812894654251471,0.3664384861065161,-0.37464532685100754,-0.5241496216324243,-1.2173692750960192,2,1.2173692750960268,0,665,0,1,0.5126675833872298,-0.7666263549805665,0.3252072296769942,-0.3252072296769582,-0.029380964139054853,0.8287684024685513,-0.8287684024685561,0.09846659706695253,-1.017436495074892
-1.4191973754650178,0.6441748580252273,-1.4822278796409392,-0.12706700451358063,-0.3507559676019753,-0.24760324694617583,-0.9264696365366082,1,0.9264696365365765,0,665,1,1,0.15492762821367131,1.9149929382075404,-0.20852207250697247,0.2085220725069444,0.3509312109389217,1.2644549864349317,-1.264454986434955,0.4432906819218173,-0.9623925505052998
-0.5368564229762713,0.3697927397993922,0.4541992145165542,1.1012530559705218,-0.4083190416341031,0.7269293576201976,0.5048325155102997,2,-0.5048325155103212,1,665,2,2,1.0440185241903377,-0.5459714231381833,-1.0268772929675143,1.0268772929675223,-1.1531959801119336,1.0229085219248366,-1.0229085219248601,0.6113565350607664,0.20373309217226837
1.4033368434225688,-1.231201707976408,0.022320778509267312,0.39139491799525333,0.8634492092775967,-1.6999563477631356,-0.7933730057643924,2,0.7933730057643684,1,665,0,0,-0.3270415331891784,-0.46568499283215115,0.9318231021403178,-0.9318231021403203,-0.16607869731216468,1.417886210089662,-1.4178862100897087,0.4952571385057135,0.5160844502670313
0.2848761149028638,-1.5406268092851716,-1.634498783592473,-0.45381528524771014,0.5152823680595507,-1.5457770788920686,-1.2905391548885838,1,1.2905391548886171,1,665,1,0,-0.6704228167144367,2.4710294814970233,0.3569955791904891,-0.35699557919044816,0.7583673662930396,1.6521072827897167,-1.652107282789763,0.5893886134846643,-0.005766799069699994
0.6228919184839086,-1.1930136689178732,-1.2406126655636176,1.5572261329001544,0.1611422464802276,-1.0877686523226413,-0.5029332085498014,1,0.5029332085498116,0,667,1,0,0.9651133473061155,0.7936376311066988,-0.5649595541851381,0.5649595541851218,-1.2903670558756075,1.3340010277748364,-1.3340010277748362,1.1427102235962223,-0.29661714797299027
-1.6222017388299161,1.6236226712732549,-1.4895753711877955,-0.8037073976410676,1.7205736692494868,0.23162570659955842,-0.6690868700781913,0,0.669086870078212,0,667,1,1,-1.7465931581839822,2.118293355761153,0.11946032820853439,-0.11946032820852696,0.9228943983034448,1.2194000553753501,-1.2194000553753384,0.8282966899994122,-0.6416042683484057
1.4781870064709133,-0.5352125609629834,0.5734942579936259,1.6698755257263822,-1.6671111591091583,0.5529937887884189,1.391971857367922,2,-1.3919718573679447,0,667,0,2,2.308448090031382,-0.6161698777656442,-1.4787919239878442,1.478791923987814,-1.8853779198419072,0.8243967976605037,-0.8243967976604923,1.0925176880573855,1.551165089300514
0.014259849521051617,-1.2281519107475054,-0.15104428163971742,-1.5765435188071037,0.818201497727045,-0.30220038025571927,-0.4305324004623749,0,0.4305324004623601,1,668,0,1,-1.6563350950383888,-0.3889979048185632,1.3080609682153796,-1.308060968215375,1.6100536483636079,0.6628401916538207,-0.6628401916538067,0.17807852051653555,1.122777857255892
-1.331495383823009,0.6036015639291185,-0.7653918636590369,1.2865175326944203,0.3190411347028882,1.0495606216562328,0.4254732538293839,1,-0.4254732538293638,1,668,2,2,0.668656375510919,0.1834781551104414,-0.6140433271681265,0.6140433271681519,-1.2962721997464415,-0.10122297152788438,0.1012229715279268,0.9867565073487273,0.6501193858995742
0.4122160727310935,-1.5026686169118446,0.05722858719771998,-1.607394805385123,1.3458471807190115,-0.6538723391183627,-0.5540677758677705,1,0.5540677758677713,0,668,1,1,-2.042882392378788,-0.4927288933662096,0.7031487988362972,-0.7031487988363114,1.6749887025270092,-0.07845504802432497,0.078455048024341,-0.48374342408716725,-0.2307245243594862
1.2507361856633659,-1.0528382877773452,-0.15891441276901375,1.4592602925761666,0.3675205026978574,-0.5659439582875371,0.25894181869808425,1,-0.2589418186981275,0,669,2,1,0.7545332963463763,-0.3757937785510953,-0.5831892650981823,0.5831892650981508,-1.4044707300753572,-0.49166449328678385,0.49166449328677003,0.5677865689834016,-0.7449344370699758
0.31888698593048503,0.5164568434371083,0.23051632057315838,0.38040358190064927,-1.2519356316408832,-0.6281274616903534,-0.3654105915778278,0,0.36541059157784855,1,670,1,1,1.1295511561677567,-0.4644270263561733,0.44826470526955886,-0.4482647052695131,-0.2707741546820159,0.2908188885581494,-0.2908188885581901,-0.0313905337288365,-0.012934880936973295
0.5197932792006208,0.8603021995841259,1.632865885955286,0.22000002764188098,1.241351901483485,-0.671074031269378,-0.32289824943182716,2,0.3228982494318045,1,670,1,1,-0.7071126118656248,-0.7793884156470581,-0.030278830921703557,0.030278830921672405,-0.1346975303895862,0.2428942409944013,-0.242894240994467,0.803406812744602,-0.40852938845422737
-0.5865960677861131,1.2454729171714503,-0.7814183468914652,1.0045543894995952,-0.03771294344466335,1.02248671228746,0.7344047568732701,2,-0.7344047568733052,0,672,1,2,0.7206420809907151,0.25228412026093,-0.7584947265089356,0.7584947265089271,-1.12801118465634,0.10534093414011779,-0.1053409341401514,0.6723873981539571,0.6189326302823028
0.7952140914795506,-0.47421304446836243,0.31258807082882395,-0.8946226583881679,-0.6220893259982928,-1.699052588469916,-1.2255719880244678,2,1.225571988024456,1,672,0,0,-0.18794542496232555,-0.5365879585623122,1.4067115114497228,-1.4067115114497073,1.1633116439941655,0.40433156487431543,-0.40433156487435307,1.0035902226718139,-0.5830685353384808
1.2905035906846438,0.9342219190905875,-0.05073044862980548,0.8139403469814717,-1.1953716434629909,-0.6940147750682341,0.09534507083414044,1,-0.09534507083413774,0,672,0,1,1.3901424886363065,-0.3249140195883073,-0.947664720035329,0.94766472003534,-0.7876592080166858,0.477173840387143,-0.47717384038712624,0.7037303170916555,0.004211951187899962
0.4454003160550513,1.345708655588202,-0.0061317772901884025,-0.10753069261637847,1.7541083122895964,0.48657074426277735,0.6404335185352769,1,-0.6404335185352849,1,672,1,2,-1.2884752054567685,-0.3257490615827878,-0.3909284917173469,0.3909284917173394,-0.09156057757240496,0.029316687060993683,-0.02931668706100098,0.47700258849004684,0.39886343145954545
-1.201278067689366,-0.7179345192385117,0.19881833737286886,-0.20118372647941654,-0.884560055641272,-0.2181910674335396,-0.8018454040467972,2,0.801845404046814,0,672,0,1,0.47316374789779003,-0.5085178600152219,1.0352104751906166,-1.0352104751905993,0.3867138629640953,0.24257031861564712,-0.24257031861568495,0.2812917297061619,-0.37692936690246126
-0.0027527983254338846,0.5927997415394654,1.1137362700362903,-0.21922324770230292,-0.47968334419028485,0.9061941578511626,0.7850775547552032,2,-0.7850775547552052,0,673,2,2,0.18045056324916536,-0.6992761434719479,-1.1385511082337385,1.1385511082337256,-0.026846978756273975,0.22000800027804376,-0.2200080002779833,-0.28735929254652465,0.9701107471598692
1.432214144681247,1.3289119171154535,-0.896395042501331,-1.3477416958260902,-0.40897154429100246,1.4222442212170427,1.8257289635790435,1,-1.825728963579056,1,675,0,2,-0.6487395924953403,0.4092784572444695,-0.7465455054517811,0.7465455054517741,0.759393429991264,-1.1385991083054745,1.138599108305448,-0.49790947422035153,1.1198207687240493
-0.9109424947766561,0.985442187445307,1.5847124141652211,0.7109388548424709,-0.9082488825000996,0.891636708751503,0.4282092988456684,0,-0.42820929884568054,0,676,0,2,1.1201924480799128,-0.7686533346297004,1.0030911384728924,-1.0030911384728927,-0.7835304157306386,-1.2868085814260766,1.2868085814260675,-0.545771031759771,0.6836378251287627
0.48920952480675284,0.39000392215753127,0.19975610153918671,-0.5714501661273867,0.8237581472804617,1.4908795597221658,1.5098820770169175,0,-1.5098820770169175,1,676,2,2,-0.9652700095138752,-0.4586256636109945,-0.775982525590586,0.7759825255905951,0.10566311488808254,-1.6739349287894758,1.673934928789481,-0.7613398367741744,1.3254801201447675
-1.3861648701298068,0.9477157720878701,-1.599960487327244,1.2372821073155786,1.4536785376867736,0.11967057672744208,-0.4372809978528,0,0.4372809978528043,0,678,0,1,-0.15073898514321998,2.7239247446788393,1.397516395131856,-1.3975163951318539,-1.025017991517291,-1.8362590658207052,1.8362590658207292,-0.09292995413131036,-0.8603247081202496
0.9245869537052619,-1.2155454022488321,0.9318736292932299,-1.6766095730306043,-0.26210090168528305,-1.1406844955937618,-0.7466619016746556,2,0.7466619016746405,0,679,1,0,-0.9777739414687243,-0.7237790311843558,0.22224049578687458,-0.22224049578688856,1.7973628447322627,-1.154244362253134,1.154244362253153,-0.7701315947903922,-1.8711508337525395
-0.6816211394487016,-1.619864514455859,0.555483476424163,1.0245812034265485,-0.9213199530337212,1.2436263956436053,0.8878090041632363,2,-0.8878090041632593,1,679,0,2,1.346088855210151,-0.6539543486572786,-1.1726716141242428,1.1726716141242377,-1.1864925228398515,-0.7366307789470723,0.7366307789470053,0.3322123284552859,-0.41763036132922515
-1.147350475969819,-1.588267341652985,0.04919532259134445,-0.2696126831343152,-0.4819103309852147,0.8086994541368245,0.1347211052116679,1,-0.13472110521166122,1,680,1,2,0.1471532652048084,-0.4937628854905098,0.5406455602486143,-0.5406455602485933,0.19676133610354113,-0.6059536833471895,0.6059536833472005,-0.12341916659053483,-0.44496784897948066
-1.2200410685502001,0.3559866610068003,0.0694281314020636,-0.7568975351436057,0.5892627136474041,-1.3352746156678421,-1.8681580262024204,0,1.8681580262024227,0,680,2,0,-0.931177251895613,-0.4081256623414559,1.4374983534292984,-1.4374983534293024,1.206616549604772,0.8981356772587471,-0.8981356772587665,-0.2095907330249907,-0.6176446272715226
0.2786252474151868,1.4235533832631029,-1.3012042125105334,1.532305572927105,-1.2378539128597614,0.007455602337076079,0.30522792930926024,2,-0.3052279293092712,1,682,2,1,1.9162174816288142,1.2907536331906162,-1.559398176955653,1.5593981769556444,-1.4806584639656486,0.5675298397392162,-0.5675298397392317,-0.07250259690565954,-0.2045112780055369
-0.40051622897767336,1.0641145787211965,1.348191803037369,-0.3321705599064557,-0.3906345078135516,-0.9953337400638343,-1.1198527219053478,1,1.1198527219053436,0,684,2,1,0.040723608275495184,-0.7278191299460891,1.022868959813351,-1.0228689598133467,0.5965360443275624,0.7336949310446375,-0.7336949310446468,0.5522159760840082,-1.1975829724229043
-0.22615247049666315,1.2391556557387826,0.19035323158931425,0.6536027196580518,1.1808371324847453,-0.9857168800163902,-0.9215644025294188,1,0.9215644025294006,1,685,1,1,-0.36543806633110876,-0.4164102334443808,-0.14206399684402807,0.1420639968440181,-0.3715670181914599,1.539327548542626,-1.539327548542643,0.3798339292024757,-0.4260042196911681
0.8148607103760251,-1.279045750933346,0.15153260755367903,1.1417313024291869,0.19728547348978925,-1.2295531006811706,-0.580186710645936,2,0.5801867106459402,1,686,2,0,0.652827480416909,-0.5173097600497579,-0.24474522877665048,0.24474522877666666,-0.9021850459506078,1.857643852313177,-1.8576438523131953,1.03564114102233,0.41800753865138646
-0.816659707837771,-0.15593498815362636,1.6479838374979672,-1.6747705825013723,0.2143405204060138,0.3375853585422605,-0.27430287700940303,0,0.27430287700943645,1,687,2,1,-1.306277801958928,-0.8099303050335305,-0.21927476212373456,0.21927476212375568,1.6637479868089853,1.1479718238599506,-1.1479718238598977,0.6091343714824079,-0.19431135405913522
0.43792984957605674,1.561100182622415,-1.4243027910917125,1.307103261827196,-0.32718327944940695,0.4414120167020668,0.7467038938816304,2,-0.7467038938816561,0,688,1,2,1.1301820311035604,1.7812299146585862,-0.7324484723286543,0.7324484723286122,-1.3991271326322523,0.9514024282971688,-0.9514024282971456,0.5044899323885242,1.3608740488781776
-1.2757418650143868,-0.030001061684435233,1.548266558976631,-1.1155684875526475,0.9351258772949976,-0.8976531869316352,-1.5423804386500146,2,1.54238043865002,0,689,1,1,-1.418552482219595,-0.7921243900636199,1.642879802248877,-1.6428798022488558,1.4652967568199216,1.139535021131369,-1.139535021131413,0.14046952635691176,0.0248722772324982
0.9264951914156946,0.34487807251696145,-1.0279161457094492,-0.31898371123636293,-0.05433823801386298,1.1613887496939943,1.4554296069214407,0,-1.455429606921427,0,690,1,2,-0.18293111336825554,0.5253401598174575,-2.151006622214711,2.1510066222147186,-0.11590349136362113,0.08116647292154895,-0.08116647292148577,-0.31146083365665017,0.8702777107876518
-1.3930411519002865,0.6034394364570257,-0.5505744529645465,-1.526219864598455,0.82592497263753,-1.2898141277903268,-1.9935774659947585,0,1.9935774659947487,0,690,2,0,-1.6268877454142487,-0.02494695045923576,2.4752427782140307,-2.475242778214049,1.9951825306511197,0.710485821579627,-0.7104858215796042,-1.5511739255867774,-0.8507628252328859
-0.09444381300747566,1.0975087715846146,-0.47060727703006444,1.4457496696102345,0.7835334395879655,1.3579282497141776,1.3208738113199663,2,-1.3208738113199712,1,691,0,2,0.45724325754072564,-0.0570475946736523,-2.378229030044853,2.3782290300448583,-1.6718719447325265,0.00022537117336927402,-0.00022537117337660862,-0.10116619756459999,0.21519971727908496
-0.5750264930023274,0.45818136512774776,-1.3155269562941536,0.8685012980710756,1.0149724365092907,1.374679137005578,1.0402843443011767,2,-1.0402843443011764,0,691,1,2,-0.10205392829031003,1.2108681287958898,0.20157970073103473,-0.2015797007310312,-1.0878717323999207,-0.1304928022246322,0.13049280222459975,-0.3049707511616242,1.5631815508038072
-0.39605274482643865,1.6457542369888312,0.3140998695483443,-0.616555496481631,1.1575366606179631,-0.16786295062911272,-0.4085204403393066,2,0.40852044033928847,0,696,0,1,-1.227484644626024,-0.44550907826770997,1.0398934474046444,-1.0398934474046582,0.6725284839306133,-0.6353496741872513,0.63534967418729,-0.07309509102232421,-0.21752906256929483
-1.0749279630074284,0.825410112067201,-0.734938398504211,-0.36935717008434454,-1.1802287991728573,-0.22970823173265278,-0.768415050202427,1,0.7684150502024241,0,697,1,1,0.561541446492743,0.16685763039077758,0.25848923652078515,-0.2584892365207744,0.5361186287917916,0.3548283539636109,-0.35482835396362367,-0.09650205483464376,0.2225989363916238
1.2144841651061138,-0.21131096850689388,-0.6749493077618244,0.9445783172500959,-0.3883300671573913,0.26993380817370716,0.9334786397833235,2,-0.93347863978332,1,698,2,1,0.9218595863054889,0.028703047571722925,-1.221054344548644,1.2210543445486488,-1.1273907459253878,-0.9484581115824138,0.9484581115824258,1.05160023856954,-0.805245519352477
0.21113743659500284,1.0689204665807546,1.0526648672960877,0.3154366278067723,-1.187169111521048,1.5378586017376812,1.510528118898879,0,-1.5105281188988706,1,698,0,2,1.039804657593124,-0.6713151743998559,-0.4138637944722442,0.4138637944722481,-0.7149425999374063,-1.0329026467289144,1.0329026467289086,0.5263792775486306,0.7083230796553025
-0.7404376934205671,-1.5356136114511667,-0.8160277761009713,0.9321166385132057,-0.5311268645929833,-0.3021524257280099,-0.5318690086185102,2,0.5318690086185012,0,698,2,1,1.012082428257424,0.06966640680088212,1.465856549794867,-1.4658565497948806,-0.7272502342595291,-0.33289345231054007,0.332893452310544,0.5559393277355912,0.630485400037162
1.6985241157965558,1.2200786007441138,-0.3263755962721089,0.8627708537736102,-0.26164846257418983,0.4610200635921594,1.3314557628461505,1,-1.3314557628461363,1,699,2,2,0.7776143769210953,-0.15278271306434757,-1.3368976250661921,1.3368976250662095,-1.1601536538886459,-1.1076266156098038,1.1076266156097863,1.2433358087183484,0.8488894779670974
-1.3445075161114342,0.7456056069204776,-1.2086886763752223,1.7111940934873158,1.0455103011916485,1.630700893731758,0.983502049799741,2,-0.9835020497997508,0,700,2,2,0.45943800104920735,0.9434750416272114,0.24992042407833906,-0.2499204240783564,-1.8142209841885701,-1.88767652332567,1.8876765233257058,2.2101026190551103,-0.02622850673293984
1.0928567030768315,0.6436178595809364,-1.3705384563567928,-0.8280283691566553,0.5395121587673335,-1.057906624056454,-0.5005453380122739,0,0.5005453380122953,0,700,2,0,-0.9459208643898613,1.4257543521877412,1.0651836128918148,-1.0651836128917933,0.9000107520891913,-1.2491701285079795,1.249170128508,1.3864279794515741,-0.7813835614616147
0.8775428917513319,0.5940274010931683,-0.7602843880771435,-1.705568800215736,0.014039383574799544,0.8438169933245371,1.0005295046999059,1,-1.0005295046999072,1,700,1,2,-1.1889302545793368,0.17701164538083466,-1.0769463212064276,1.0769463212064119,1.3384119061429776,-1.0220906782642345,1.0220906782642303,0.44733024822409684,0.38181535175982384
1.6425912157679576,0.7924562488683551,1.5889064561983093,1.008316771411349,1.7352130401267205,-0.642207855257175,0.3338939762309545,0,-0.33389397623095757,1,700,2,1,-0.5039111422056869,-0.7747553423860895,0.47860715900964423,-0.47860715900964584,-1.025180890956092,-1.4075760054151505,1.4075760054151825,0.48273805610608644,-0.6169370067247995
0.1433499496313098,0.9876350507189535,-1.1546277405217338,-0.4859702227694104,1.281324188071906,-1.0732817981015745,-0.9407508639967556,2,0.9407508639967584,0,700,2,0,-1.222880528138539,0.8414932581745204,0.9149159083167673,-0.9149159083167636,0.6935916080103731,-0.3958645667984986,0.39586456679852744,-0.14397955060226456,-0.9391770139042481
-0.21478566058348053,-1.0977089218870741,0.45495207847365005,-1.3566868763282045,-1.43897734472807,-0.8166613783651983,-0.978501397378763,0,0.9785013973787454,1,701,1,1,0.05800812945090685,-0.6061132147935326,0.027317975837931673,-0.027317975837946352,1.5455945004649654,0.47772734454701493,-0.47772734454705834,-1.5695274578380791,-0.9028231884159413
0.295419538104754,-1.4722417737203062,-1.5832626334833246,-0.25224813169535526,1.1082613177471594,-0.7513571895879076,-0.5541575117752867,2,0.5541575117752975,1,702,2,1,-0.9414996943546826,2.115956347545226,-0.30428194230498284,0.30428194230500344,0.3674968724779366,0.501598434792261,-0.5015984347922736,-1.3019804699932218,-1.3770449226740547
1.7116858305262532,0.9948570500304,0.3425398699186373,0.06087045841286142,1.3575645410320767,1.1347515100883796,1.8546877505511927,1,-1.8546877505512203,1,705,2,2,-0.8975712944724527,-0.48356206713208766,-1.7283642662609733,1.7283642662609466,-0.5751363822303863,0.12128017609712963,-0.12128017609712068,-0.4811716403245155,1.0646928485817613
0.07221396207840733,-0.09077529253694538,1.5424470568030444,1.2074293977374528,0.3757028130356987,-0.09284936146109755,0.08048764011232981,1,-0.08048764011232777,1,705,0,1,0.5747565128199278,-0.7930087189295125,1.273397811373703,-1.2733978113736826,-1.135242412479769,0.2341106228709535,-0.2341106228709532,-0.38865025812093207,1.514935115443811
-0.5310409407807867,-0.42828398287428554,-0.5003854044819568,-0.04548569479151057,-1.0286714149598652,-0.005954195303626109,-0.26898728076704564,0,0.26898728076702827,0,705,0,1,0.680560373805676,-0.13272469073095597,0.2510120459897201,-0.25101204598973414,0.09678766851458133,-0.06499549413920744,0.06499549413915161,-0.1839709360720025,0.637150407337171
-0.1515483061293629,-0.7698511654971377,1.2701263354441426,-1.1489862475308448,0.36002481935349195,-1.2076894794370514,-1.27500939317715,1,1.275009393177132,0,706,2,0,-1.0435932677470277,-0.770717325440803,0.7221516789819518,-0.7221516789819528,1.4241253581449103,0.067026183575669,-0.06702618357566598,-0.08745897891760332,-1.110663452289201
0.5985799820954802,-0.9806932720990498,0.6705140455036702,1.2033416952661695,-1.5447980826472851,-1.1721084139287412,-0.6277321100694281,1,0.6277321100694302,0,706,0,0,1.901230767199041,-0.6578794976886181,-0.4642594129830317,0.4642594129830465,-0.9445365638518377,0.09978564383180967,-0.09978564383181102,0.5889078853885826,-1.9675968909367996
-0.5854384738895092,-1.0312704273089937,0.6397592788459269,-0.2765308826949922,-1.4558633710836892,0.6549199234585529,0.2704632591369402,1,-0.2704632591369341,0,706,2,2,0.8165047511404541,-0.6522802886650848,-0.6443187545210126,0.6443187545210158,0.16637970660941145,0.8051695734295208,-0.8051695734295418,0.43212808185409857,0.004948776668711686
-0.18076442386429806,-1.408973739576333,-0.7620628674120887,0.6175649388318323,-0.9539107659147643,0.7848530211636371,0.6787748731008819,2,-0.6787748731008926,0,707,1,2,1.087240168934136,0.02348875554122304,-0.2927771507626569,0.29277715076264504,-0.7661048116642655,0.5387791712353949,-0.5387791712354206,0.15803659876886975,1.0686793013072537
0.846753760909117,0.9988122484219503,-0.2536881008840903,1.2241609257746442,-0.6411521362594479,-0.47370427079934824,0.11948212535265892,0,-0.11948212535263314,1,709,0,1,1.2901543086912068,-0.21135920938205574,0.40157775584488625,-0.40157775584486033,-1.1603734316885725,0.36581121265238653,-0.36581121265235816,0.7480014965875555,1.2722602621389791
-0.1349943911242017,-1.1399249470791502,-0.0877903247461872,-1.536691354861745,-0.862131269033185,0.45396653704963136,0.17660477196242788,0,-0.1766047719624686,1,711,0,2,-0.46571686065150353,-0.413874771295713,-0.04076321585514072,0.040763215855093037,1.4017568397872762,-0.28052730162710077,0.2805273016271415,0.5678471132141222,0.45176977904987903
0.3093647322498655,1.4417919163436872,0.8901085805184032,1.5483864847016862,-1.5847470115639517,0.36616456421468835,0.6424334508004869,0,-0.64243345080052,0,711,0,2,2.167442368721286,-0.6225683028547,-0.33405151639110453,0.3340515163911102,-1.5832393488589076,-0.8460749114651596,0.8460749114651247,0.7281785870626675,0.07355547093633329
-1.5241184595450872,-0.09293704716502806,0.5113700596060259,-1.4485669135987163,1.380726559891153,0.2065616985524673,-0.7121719392050494,1,0.7121719392050482,1,713,2,1,-1.9572126534230097,-0.5815691331253742,0.9722957654879788,-0.9722957654879565,1.5620968241528488,-0.4085516429359738,0.4085516429359601,0.18357026376118143,-0.7042945950915007
1.504980333802155,-0.9697166222627425,-1.0951783875482706,0.7811445793341104,-1.4815516741149946,0.35401348869239874,1.1328371226233314,2,-1.1328371226233318,1,714,1,2,1.5655511785950504,0.512669757191081,-1.323754233658334,1.3237542336583352,-1.0343446024581318,-0.6107251452306116,0.6107251452305786,0.2595805837438462,0.3523081971958892
-1.3555665912584325,1.1894374525011722,0.6542796657020995,-0.7883468619278168,-1.5451931534163563,-0.2306083867339093,-0.950510863042095,2,0.9505108630420906,0,715,1,1,0.5244712598436272,-0.5717158827614507,1.4952429709500719,-1.4952429709500756,0.9853239169870914,-0.1343053809318235,0.13430538093181307,-0.6755685609856948,-0.5502884907039917
-1.5882161951363754,1.3480327614304162,1.3769634914836302,0.7186447565688483,-0.9544808367308071,-1.1392575618545113,-1.7157336273074442,1,1.7157336273074104,0,717,2,0,1.1575202963024893,-0.724267046838758,0.5493535648887489,-0.5493535648887702,-0.21902343283385076,0.7082678171469887,-0.7082678171469834,0.37241527717363615,-1.542805338606633
1.3879411312281966,-0.11089580964539619,0.35581159425357084,1.1045725615569295,0.6635198906048093,1.3737796714089632,2.0213295534569116,0,-2.021329553456941,1,718,1,2,0.3044259053536542,-0.5350774398580945,-2.6814962127513735,2.681496212751378,-1.5574684035386785,0.09430738624205826,-0.09430738624208747,0.16618888978574203,0.8128194195449268
0.8925421856428848,0.3770930791430122,0.4936400429137772,-0.8429182103379455,-1.13099454083806,-0.35974757347591935,0.024058428824033154,2,-0.024058428824050265,1,718,0,1,0.20004806715380347,-0.5575639049495563,1.4334740360751277,-1.4334740360751197,0.7702944172568831,-0.23350289121805012,0.23350289121797793,0.44761481535070646,0.23297326122641684
0.23338951028398916,0.37949769683654017,1.5971278047174189,0.6440153285154762,0.29391100748358046,-0.8985039358620877,-0.6206698565175379,1,0.6206698565175058,0,719,2,1,0.24183112167135323,-0.7876559440758635,0.4628864756832144,-0.46288647568322544,-0.44315116039188585,0.5472549181876482,-0.547254918187709,0.38389516049816624,0.7447121827054004
0.24206689955908953,1.2915501282979083,1.5326613611818558,0.05285112845234196,1.3676727769254604,0.3871700522833743,0.46954533957816563,0,-0.46954533957818045,1,720,1,2,-0.9101123276654377,-0.7518182099066306,-0.7821125824969414,0.7821125824969543,-0.19394149833853985,-0.08503225442112022,0.0850322544210761,0.7747734398564151,0.5360229854072376
0.2432286673390828,0.019419027477691832,0.07202006652468215,1.2202946119738103,1.5165853824120135,-1.316352803427928,-0.9280194323293646,2,0.9280194323293961,1,721,1,0,-0.2060257806969259,-0.42537122878872535,1.0031235074751097,-1.003123507475077,-0.8803302820853253,-0.43576596499364917,0.4357659649935752,1.0078743680129232,-1.6978762588505238
-1.3224641575182756,0.8700895721867744,-1.4843533866688807,-0.9426672045429437,-1.0951634464311197,1.7200497834849602,0.7921892980191862,2,-0.7921892980191915,0,721,2,2,0.10628166712701591,1.9637238018257857,-1.2341972556845053,1.2341972556844794,0.6547927900743357,0.11151492108428114,-0.11151492108427219,0.05658636404936074,0.38060730190874176
0.9293533821751144,1.2801281957504975,-0.5316660613332079,-1.4889979469077013,1.2455079675479952,0.8925322414524335,1.092314810106141,0,-1.0923148101061495,0,722,0,2,-1.891572891515914,0.004298446179291066,-0.21514257857851377,0.2151425785785117,1.1003288845831931,-0.3641316101556809,0.36413161015571566,-0.24362659252758856,1.1643637816671542
-1.1595609997980891,-0.1802468584645325,-1.2222631796832912,-1.2938328864470745,-0.03792995202554897,0.9121777320690505,0.11243744125221695,1,-0.11243744125225706,1,722,2,2,-0.8682890106973964,0.869115998686375,0.703390156516171,-0.7033901565161942,1.1817611361318132,-0.6905513248616718,0.6905513248616563,-1.144083779282993,0.4046224218136406
-0.8144751032567664,-0.193965344610281,-0.39499323970493655,0.47828101934239414,0.05743637999037464,-1.4084449154242118,-1.604659505557148,1,1.6046595055571138,0,723,1,0,0.29092321146052363,-0.19199434914803432,1.2324204621409962,-1.2324204621409929,-0.02854998945176575,0.23299882373251796,-0.23299882373254113,-0.9463998741377617,-0.6340248887986623
-0.8387492364690077,1.1395038136575735,-0.5741092076807862,-1.6124636532475503,-0.70532883094743,-0.3182899711890159,-0.8644908964700292,2,0.8644908964699863,0,723,2,1,-0.6266379578772033,0.031577487398362476,-0.5309184221063062,0.5309184221063004,1.7665110600127896,0.20471242334615455,-0.20471242334616455,-2.2626936470783994,-1.8711703296546185
0.721640026136315,-1.6334665468604594,-0.3886837471256504,-0.35322495701705237,-0.744783598637971,0.8341689801817298,1.0595653821772701,1,-1.0595653821773041,0,724,1,2,0.2712958574233309,-0.28370823805667256,-1.3804786811946763,1.3804786811946834,0.023698097553224582,0.08566187593564921,-0.08566187593572978,-1.9887983523572894,-0.32589590894958625
0.5820065480731689,1.2490123364451724,0.363129163033961,0.9643575959509735,0.6214376747654583,-0.32345907577862354,0.09709250679385098,0,-0.09709250679387793,0,724,2,1,0.23661049190244973,-0.4798523967799485,0.6909006557280055,-0.6909006557280007,-0.9230983937464722,0.5287896163147817,-0.528789616314894,-0.8488011053200719,0.8175171609693447
-0.8252449983226386,-1.1406580088408322,-0.6389866854797939,-0.19546882547696998,0.5920438935993301,-1.3556154150833954,-1.6342699883956107,1,1.6342699883956078,1,724,0,0,-0.5449362538219266,-0.07062614465462459,1.2426574493902602,-1.2426574493902438,0.6070710577294373,1.3065198920806431,-1.3065198920806897,-0.33842583199481274,0.27903356367104654
-1.2685009480526541,-1.458586502513095,0.1973985132722746,1.5447583053765108,0.5851024137907969,-1.3799845594552869,-1.6872462220073292,2,1.6872462220073192,0,725,1,0,0.6630435044203821,-0.5416221464013585,0.03824397005558604,-0.03824397005559104,-0.9685323536941933,1.3432920433117057,-1.3432920433117288,0.15713265876106755,-1.3514070161530878
0.17595616360544958,-0.0891798377145584,1.6606017718307229,0.590652204501839,-0.931838149145459,0.6052763709038272,0.6893301931448731,1,-0.6893301931448772,0,726,2,2,1.053355123826015,-0.8098193833849247,-1.7052080742752214,1.7052080742752265,-0.7445955369735962,0.6514453814121262,-0.651445381412228,1.180851385567319,-0.7869928289739813
1.5650880412649513,-1.129513993277672,-0.6886493234734395,0.5557397219992295,1.6887754299218292,-1.0357062448537244,-0.10355432916092625,2,0.10355432916091299,1,727,0,0,-0.784675839524867,-0.025816095458441865,0.5692037001101357,-0.5692037001101427,-0.501017273438588,1.16933028789025,-1.1693302878902836,1.603218716201027,0.5962885611865796
-1.5015278930132814,-0.2551652750963468,1.6301587355049298,0.6569844822565339,-1.4677028933153011,-0.49789377001939367,-1.1069571083814653,1,1.1069571083814957,1,727,0,1,1.470122546549303,-0.8102262395393615,0.7202720400260406,-0.7202720400260096,-0.3251731861772696,1.7054394400880217,-1.7054394400880277,1.4603920865896407,0.8190048058289618
-1.0402299244186832,0.0015423324870189135,-1.2946770027465164,-1.3444634946347402,-1.3923497998002872,-1.273520632505189,-1.787748419593526,1,1.7877484195935158,1,729,1,0,0.034185369175537016,1.0874358822353969,0.4887653782089958,-0.4887653782090253,1.757912711456594,1.773776484170911,-1.7737764841708623,0.9264903602324228,-0.6229078176099523
0.08919374940410768,0.7090362950943188,-1.4295069121949324,-0.41153621056702777,-0.06023181878384959,-0.07431615192593799,-0.06664232342591303,1,0.06664232342586948,1,730,0,1,-0.24284163746665974,1.6740982685259882,-1.2348412072665162,1.234841207266493,0.38494295083054275,1.0521944404024133,-1.0521944404023928,0.017461756913465555,-0.9958109481440285
-1.2953047135258058,-1.4590211389373184,-0.4633610441780202,-1.1066294859133312,-1.5589844540701028,0.2813641445018009,-0.49748726756828476,1,0.4974872675682765,1,732,0,1,0.31395976453427377,-0.22516616215548113,0.3094033442714793,-0.30940334427145416,1.168241388778429,1.5806308890812186,-1.5806308890812693,-0.7712117234355773,0.07687707213270564
1.6773653685679832,-0.39758188468927097,1.3294837718356465,1.2148075954543698,-0.6653019354707066,-0.47109814111110576,0.5256671159724968,0,-0.5256671159725096,1,733,2,1,1.3004031197993546,-0.7690483106557773,-0.7339896036420439,0.7339896036420411,-1.2593568973715852,1.3004668732105387,-1.3004668732105429,-0.4649635876785924,1.4153499813401285
-0.26855475075093416,-0.1616774181388429,-0.44975376376320503,0.46207896620958444,0.9000319462017545,1.547311370236402,1.3007430691784847,1,-1.3007430691785271,1,736,0,2,-0.3034925420109095,-0.15242481357242138,-0.5559680049985319,0.555968004998511,-0.7917834777386004,0.2284262490788604,-0.2284262490788865,-0.5555300579045065,2.1039501517876302
0.4514866245777941,1.2182413006590878,-0.08938438388605367,1.7429123224747614,0.9207043591381652,0.511487133649138,0.8622168230324102,1,-0.8622168230324188,0,736,1,2,0.5677537644816393,-0.29096536767237147,0.31491546259840225,-0.31491546259837805,-1.8099598260295582,-0.9514841148066358,0.9514841148065963,0.8790764924257555,1.1355403119041576
1.1107119115212072,0.4002089630206701,-0.09842705967751568,1.6682657594074062,-1.4877935489637786,-0.4995669967415671,0.2722021552083271,2,-0.2722021552083275,1,736,0,1,2.183218025576851,-0.3288694880966171,0.42362386972071747,-0.4236238697207119,-1.5907110781917118,-1.102356324620919,1.1023563246208399,1.8454951295674242,0.5818626342737734
0.7047239895417807,-0.05280975130804165,-0.24774931201487996,-0.9922362128205133,-0.14778792155414586,0.17731442760509575,0.39653025521990004,2,-0.3965302552199011,0,736,0,1,-0.5837285091058941,-0.2740452528551733,-0.08898998928318387,0.08898998928318354,0.8112634261526798,-1.5004221270189597,1.500422127018952,1.8986500898360217,-0.4019129567431619
-0.34962220532389043,1.387963357889615,-1.6889860080510803,1.068170446070259,-1.515762118887228,0.36250085031181767,0.2669534805272499,2,-0.26695348052726153,1,737,1,2,1.787677125602388,3.687015940459039,0.0932126779830872,-0.09321267798309488,-1.0607963045465605,-1.3852285785036644,1.3852285785036347,1.830512413216801,-0.7896232778585974
0.7640401122349034,0.8531119517253403,0.4485136852411836,0.9076105767140943,-1.3051834713779584,0.8932084609525217,1.2669103091529132,1,-1.2669103091529184,0,738,2,2,1.5309128503117522,-0.5244464338408384,-0.7173429898875179,0.7173429898875231,-1.182978440479053,-1.3701643717922645,1.3701643717922056,2.037536955958526,0.24848081067764913
-0.7957557663762336,1.6045297205080775,1.1464421921791217,-1.2742928821208575,-0.8557453755595266,-0.014162517532246434,-0.5358701877794486,2,0.5358701877794463,0,739,0,1,-0.2887173402079609,-0.6730806255145493,1.293907156287533,-1.293907156287532,1.342194269114148,-0.7476590924264228,0.7476590924263793,0.6355364848089154,-0.23361861374956291
-0.9097934416057554,1.619459429913114,-0.07405660942345879,-0.38199852530917094,1.054658414392101,1.7220539904510939,1.0546746901666482,1,-1.0546746901666664,1,739,2,2,-0.9941058121178011,-0.27815736656242424,-1.1411502049602011,1.1411502049601903,0.05195512780783592,-1.0960589274892114,1.0960589274891923,-0.3171569179386484,0.1580665469269082
-0.3545352973186477,-1.369783294564729,0.48351892581751055,1.3665826545463722,1.1105884214984565,-1.4245205851935143,-1.3004883277602037,1,1.3004883277601906,0,739,1,0,0.17613250678177908,-0.6250791470416932,1.6902980046070493,-1.6902980046070466,-0.9122839408261175,-0.34045286082986514,0.34045286082987936,0.7789121059274935,-1.0427735183145066
1.5879654372990424,0.9230792873141831,-1.6099451203560329,-0.21453311957989574,-0.34244704392567205,-0.26890807852873816,0.5109298970478372,2,-0.5109298970478519,1,742,2,1,0.0887033239084879,2.7994694043738444,-1.299649379003842,1.2996493790038413,0.0431490183986794,-0.44908458843360444,0.4490845884336038,0.18288005592053197,-0.7097805038512528
-0.7707565909950729,-0.29889352089175325,-1.6865854698136098,-1.1336872120982462,0.3105521425371111,-0.3407071854436941,-0.8005253084065593,2,0.8005253084065541,0,742,2,1,-0.9987724954658841,3.2429142193289784,0.9413311031221517,-0.9413311031221454,1.2781907980078129,0.4714515275069263,-0.47145152750697117,-0.7656468978685199,-0.33542274068579175
-0.700515725464551,1.6098850253129144,-0.3692163210642655,-0.12293885091488592,-1.2596362690939906,0.9661416839170999,0.5087714759378167,0,-0.5087714759378136,0,742,0,2,0.7868754803013045,-0.10037103250915709,-0.9393259868254026,0.939325986825409,-0.041592880537527445,0.006319568136380212,-0.00631956813637727,-0.23064885008836578,-0.18574120699814511
0.6854255759225069,0.11297830574779794,-1.5135025206236574,1.674726975844527,-0.4096358699658916,-0.13548098092796132,0.39091805049775785,2,-0.3909180504977859,1,742,1,1,1.441423947966883,1.9916529239440517,0.08479997812607072,-0.08479997812609304,-1.6274270625908849,0.30186055322001165,-0.3018605532200362,0.7250468769542914,1.0499096454444938
1.591173422603443,1.6054030655079694,1.106205765932177,1.0182955737170145,1.1008252131915959,-1.5343294132815193,-0.48723864443097215,1,0.4872386444309619,0,743,0,0,-0.05791185918299634,-0.6648239567250503,0.6303951889052698,-0.6303951889052574,-0.8164311296678274,-0.06024296208337847,0.060242962083390125,0.5632088121536828,-0.2520107986282667
1.133598159950164,-0.3853567214427871,0.6099725506853255,-1.3053854074509599,-0.5181133317200457,1.431390762711138,1.6928517353795307,1,-1.6928517353795622,1,746,1,2,-0.5439109390248484,-0.619982954255783,-1.5642092858055905,1.5642092858055758,0.7552503086205568,-0.5864996102530009,0.5864996102529458,0.056324023800403994,1.2396788591939119
0.958032109968686,-1.1626159062407995,-0.9752454679214076,0.551580690653255,-1.2231490687398812,-0.10636171879189295,0.43050820115221766,0,-0.4305082011522226,0,746,0,1,1.227976241069043,0.30030655045358967,0.9060884654930004,-0.9060884654929817,-0.6400299013115283,-1.1346234772586616,1.134623477258606,0.8394150744429416,0.35463294905494075
-1.4492902310477769,-0.7571143259167396,0.5308435373734387,-0.25391671529444426,1.6993693041222573,-1.1622668148015862,-1.7718839075081978,1,1.7718839075081994,0,747,2,0,-1.3517966556834895,-0.6134294624792794,1.5806692817183505,-1.5806692817183468,0.6996385272124359,-0.11915018723445867,0.1191501872343925,0.7785537756189116,-1.061666104857402
0.46440898235180844,-1.5987607840208002,-1.6944086256490916,-0.8691386095824427,0.47914028613198134,0.6727012816417367,0.7351127154169121,2,-0.7351127154169438,1,748,1,2,-0.9325568600657277,3.002271182905153,-1.798797887189742,1.7987978871897192,0.6001267835386307,-0.27240459442423287,0.2724045944241871,-0.40350064476907277,-0.31893014054026636
0.4713971154881049,0.08882395296541741,-0.8797125706876556,-0.40449937690871424,-0.027668626743277785,1.1167436014083574,1.184634554221985,1,-1.184634554221992,0,748,0,2,-0.26051549318933365,0.28023903386769067,-0.3223496939973484,0.3223496939973664,0.037651348640105456,-1.016814552132987,1.0168145521330003,-1.0646287603139728,-0.22306315281184733
-1.2366710640970118,0.06213479229586267,0.9173515182637422,-1.4940320806750185,-1.4173859938034272,-0.10795182323250667,-0.857920987834562,0,0.8579209878345535,0,749,1,1,-0.05189567374296749,-0.6766679871357689,1.4659702283983393,-1.4659702283983416,1.6474444122201088,0.11892984316115016,-0.11892984316114708,-1.1522869429056282,0.11644628216110924
-1.0078167894322212,-0.3598309749233646,-0.31198345100668223,-1.4436922064275104,-1.5836048493762405,-0.7670307024410481,-1.3299296283724213,1,1.3299296283723914,1,749,1,1,0.0979594069425197,-0.2541924237416944,0.3389424985965932,-0.3389424985966088,1.7288739126468449,0.902773648589245,-0.9027736485892747,-2.079427575408348,-0.22222185122539176
-1.0084734105653166,-1.1208395418658375,-0.5480983670021392,-1.0457572165962028,-1.1537398381235682,0.9468513219910902,0.24341146079766351,2,-0.24341146079766332,0,752,0,2,0.0755507293139932,-0.14256731216969015,-1.1288047302790436,1.1288047302790658,0.90500353395055,0.005453241096556882,-0.005453241096612619,-2.4473709801888655,-1.089694825743459
-0.09494064136488135,-1.0480744889521565,-1.4219456736426785,-1.7102440677565836,-0.5668205808835497,-0.20903088434785816,-0.4147105622363854,0,0.414710562236368,1,752,0,1,-0.7901126724093154,1.3742287629335053,0.4724978497660346,-0.47249784976604753,1.7381421998340436,0.5174178435438053,-0.5174178435438194,-2.8382062627379367,-0.6540335109087996
0.3459654359371295,-0.7244548772925498,-0.012081629433247549,-0.45806915953679667,1.4480129699772764,-1.3080301449340748,-1.048783046921014,2,1.0487830469210109,0,753,0,0,-1.3189658960764559,-0.4262146819948821,0.4552398509234139,-0.4552398509234039,0.6965290775922985,1.5118582732082788,-1.5118582732083004,-2.8630984577963168,0.16429682691091502
-0.4950852345190475,0.4457693969413251,1.000717057415631,1.17402007166838,-0.7072477878374376,-1.3527545494982751,-1.3253233618219382,1,1.3253233618219082,0,756,0,0,1.3012364300547388,-0.6812819707017185,0.19867402073214838,-0.1986740207321678,-0.7340395637378403,1.7199715330734906,-1.7199715330735088,-1.6233384411624754,-0.40072080234548746
-1.4818861295631534,1.6422635246020034,-0.7336998533541852,1.210928396850377,-0.6235174942001614,-0.18595979989311617,-0.7598236485293132,1,0.7598236485293198,0,756,0,1,1.2687994204523267,0.22762529537115841,-0.40557565844612004,0.40557565844614657,-0.9164035704378172,1.4661289757033755,-1.4661289757034381,-0.38981964341869363,-0.9090101652077391
0.0733614048425479,0.5406532852232979,-1.7142617828566895,-0.11193257825467608,1.0754333182566793,-1.078962828764287,-0.9402100869900522,2,0.9402100869900547,0,758,2,0,-0.8217646253880608,3.782752250172972,0.12967379859857014,-0.12967379859857314,0.3404671993513125,1.9931424280644183,-1.9931424280644188,0.044099329321976855,-0.23868098067449953
1.653316632959785,-0.3746798305127477,-0.692325339449993,-0.869012141251216,-0.4509869525626928,0.2935226023735549,0.9758089288742275,2,-0.9758089288742611,1,758,1,1,-0.2886693794520304,0.0332894199962686,-1.3747111246706676,1.3747111246706425,0.5338922976015472,1.3740066249395593,-1.3740066249395575,0.43499337773148317,1.3776467066559015
-1.0583313028413326,-1.3204608899324746,0.9664882307262429,1.20203064026605,-1.532696048684438,-0.26127279102819334,-0.6216170361552968,2,0.6216170361552971,0,760,0,1,1.8919477321699034,-0.7341802424913785,1.1465443162022613,-1.146544316202238,-0.9449844408919984,1.183808808343749,-1.1838088083438045,1.2063896016057905,0.9760010080866651
-1.5214630611612623,1.6017320620072575,-1.3352137846589787,1.3970314941726976,-0.39472165935157316,1.6194211037236912,0.853802847122564,1,-0.8538028471225508,0,761,2,2,1.2391050803661556,1.4296313090611517,-1.0585362688472801,1.05853626884729,-1.5063575324396599,0.2135418943520503,-0.2135418943520412,1.3100160035974655,1.1012927515828674
0.7869413139228729,-0.8640714716141705,-0.1957261484801323,0.5820071287360679,-0.8823497202091988,1.1227776890409091,1.4486124739519761,1,-1.4486124739519606,1,761,1,2,1.0131239277045465,-0.3471152764826393,-0.42660851348670903,0.426608513486711,-0.9396743512557674,-0.7697754061845326,0.7697754061845535,1.0177760482675289,1.4464953803071259
-0.7167795572751184,0.6452796672502339,1.2430498078181131,-1.5309646304000843,-0.4858379539120276,0.5668684528022462,-0.0054754336717048584,2,0.005475433671704854,0,762,2,2,-0.7222139266579619,-0.7219927585949779,1.0436846274682656,-1.0436846274682776,1.4467819691935184,-1.1859707159163169,1.1859707159163608,0.3583964334325811,0.03184052855989614
0.34131547173787047,-0.28515949453779965,-0.7128904822470601,0.8193967305028502,1.4067928809865193,-1.6392312782025569,-1.2112932727045096,0,1.2112932727045342,1,762,0,0,-0.4072080958420814,0.06005464295926932,0.8655255088127948,-0.8655255088127775,-0.4449458712934376,-0.21215245105401603,0.21215245105401723,1.14294699369507,-0.635766387846144
-1.281490127486406,1.675490713001041,0.6339618427231918,-1.0316183289362832,0.5227372420253338,-0.6754699480633034,-1.3377392693084447,1,1.3377392693084253,1,765,1,1,-1.0750698827209384,-0.5475465877360423,0.090966025101557,-0.09096602510158878,1.3270332087285233,0.10670457813063426,-0.10670457813060624,0.10504048921380346,-2.1923791641830586
1.5502284406045943,0.6034761959134833,0.7467345055031643,-1.0130854463955858,0.34659110598722065,1.6094807855302473,2.086097721806327,2,-2.086097721806325,1,766,2,2,-0.9403345282950567,-0.6177591111750007,-2.456724446245146,2.456724446245163,0.36595444059484966,-0.4419809180465036,0.4419809180465133,-1.0148651377073379,-0.019468677438268227
1.3777893546325266,-0.8266475579136718,-1.4419968324060262,-0.8451269913171019,-1.223804877192402,0.8971178549896506,1.3833768707592011,1,-1.3833768707592315,1,767,0,2,0.26276085766614016,1.489870002486638,0.5045020616993265,-0.50450206169935,0.39920973630940276,-0.41293443733679647,0.41293443733675045,-1.6780095289673913,1.888019284202886
-1.3439525452317174,-1.631141853024584,-0.28726215639513125,0.5718873416250986,-0.9689745489295496,-1.7030976367789799,-2.1160691212595464,1,2.116069121259568,1,767,2,0,1.0660857479740944,-0.3418011763065887,2.51143785168488,-2.5114378516848435,0.022194898210713843,0.5268180265364439,-0.5268180265364902,-0.7008802800032587,0.2818958600174947
1.4215976645432138,1.3765581324219835,0.19356657955873163,-0.7713155980740998,-0.18234295708810458,-0.4410679823263547,0.21687025555170664,0,-0.21687025555171702,0,769,0,1,-0.40706853955015126,-0.41143971283275244,-1.6738940446151889,1.6738940446151667,0.6489015719131869,-0.10907897362303498,0.10907897362300843,-1.4400343258505575,-0.34161041055063346
1.744782106387582,0.3537705358075133,1.1223105888370382,1.075335715395868,-1.0306776100845179,-1.2629231454040954,-0.16380150128159643,0,0.1638015012815752,0,770,0,0,1.4568733710543924,-0.7086961592108414,0.27339896048948004,-0.2733989604894879,-0.9531203032777307,-0.6317806742984748,0.6317806742984814,-0.46099897275459306,-1.7641594389510917
0.14075105778207023,1.4696254364447652,0.23971087197153004,1.769911900656231,1.553942517225691,-1.6881196076852227,-1.2517701752078576,2,1.251770175207876,1,770,0,0,0.1481167116877994,-0.4253404487448501,0.780956702315767,-0.780956702315739,-1.2806913001680382,0.8544218092726047,-0.8544218092725875,0.8321724647836423,-1.0337241744355548
0.26730954511841776,-1.2188564174932919,0.13180362027952575,-1.1490021630036753,0.4169743565948724,-0.08356965875299986,-0.06642818336449195,2,0.06642818336449585,0,771,1,1,-1.0830226574631008,-0.5073419804949585,-0.8503757693850031,0.8503757693849932,1.0903758269847168,1.4999548077654508,-1.4999548077654166,0.690971218933233,0.8166171108883518
1.1356624499055943,0.6768282132160379,-0.5576679818120057,0.3718466657736107,1.0057697260047573,1.1871901503882618,1.6538140858295993,0,-1.6538140858296144,0,771,2,2,-0.43906604773390506,-0.014036402969148718,-1.2342213232299526,1.2342213232299395,-0.8046422010316574,-0.1786046673295981,0.178604667329636,0.5980186012704722,0.9225672822731743
-0.7464238115920673,1.0202980969299333,-1.1533603438783733,0.19585914046261546,-0.4969379016693066,0.8100607850230568,0.3807961077145567,1,-0.38079610771456623,0,772,0,2,0.4793772258530943,0.8421913640355838,0.9137484686740749,-0.9137484686740714,-0.30183644049708214,-0.251593478188176,0.2515934781881669,1.047434317857178,1.240934110662635
-0.7426574474082585,-0.6838952455058022,1.5662552504382254,0.9391344707681671,1.4614059916599427,-1.4427158855107096,-1.5513249369086706,0,1.5513249369086595,1,772,0,0,-0.3622238520509114,-0.8133901414241276,1.3867222028769643,-1.3867222028769663,-0.4629418921118497,0.36620831615085175,-0.3662083161508674,0.9841458783276561,-0.04889161484156922
-0.8500298419456784,0.8413099898720543,-0.903633627459217,0.55508804504563,-1.678633005998843,-0.6832660486130342,-0.9658670557103457,0,0.9658670557103116,0,775,1,1,1.5456705052124875,0.37741361175736565,-0.41989768133131955,0.41989768133130334,-0.26987741368370727,0.23890851299259983,-0.23890851299268462,0.41965539709168936,-1.5581537600008049
0.19334046729741866,1.243243705469362,0.1415780057526404,-0.3239530098201407,1.2434979405448852,-0.5674515270751891,-0.4472046201556599,1,0.4472046201556754,1,776,2,1,-1.0846815508329233,-0.3964198352638964,-0.3719651303249582,0.37196513032499395,0.40591974789625396,0.4084511382567133,-0.4084511382567348,0.803029819130688,-1.7275784028604153
0.49603230990202984,-0.551569092167189,0.6067013569502344,-0.7663187212012307,1.0663193614976108,-1.6753764569310314,-1.3366131437032256,2,1.3366131437032278,1,779,0,0,-1.26789211929629,-0.6255341002106665,0.6384695245727414,-0.6384695245727513,1.069996223062686,1.7399539156572241,-1.7399539156572006,0.27416011999506756,-0.7266143617826665
-1.2020376383393148,1.6054321676222079,1.4287054692338599,-0.763907362900303,1.281420606472967,1.4244296437609485,0.6057310794088034,2,-0.6057310794087687,0,779,2,2,-1.4151101423155545,-0.7255179908689333,-1.393602148257562,1.393602148257586,0.5352337100293377,1.6398004872147534,-1.6398004872147454,-0.17181322244080635,1.2249418605270532
0.4556354700372331,-1.4299442663297972,-1.504845996906294,1.371133836318314,-0.9096720323410907,-1.3572181312635028,-0.844981871560981,1,0.8449818715609853,0,780,0,0,1.5776295127770363,1.6778499962142261,1.0412627515394672,-1.0412627515394897,-1.0362794376812863,1.3252976817226947,-1.3252976817226563,0.02892331119473563,0.4010725860647725
-1.6297168278865768,-0.9538384316851497,0.34898336809230307,-1.119254224859179,-0.1892431880918229,-1.4236195213484761,-2.185266392249363,0,2.1852663922493285,0,784,2,0,-0.6428536361108524,-0.5687639969846667,0.962019079818947,-0.9620190798189756,1.6463367049745241,1.8682413746262796,-1.868241374626242,-0.7490909410996721,-0.9299779057288241
1.6426974705055222,1.6458173927996897,-1.5136278719270315,-0.7080324975218547,-0.3564935516872947,0.7200813535070699,1.3688721835870028,0,-1.3688721835870044,1,784,1,2,-0.24277458593288098,2.2609009661613655,-2.5502291350107784,2.5502291350108037,0.2731015930052182,1.0596240358476519,-1.0596240358476345,-0.9275606129325724,0.8132987333798032
1.3922740740155093,0.7441402292756517,-1.2375011960300646,-0.0026212539021072023,-0.23246104382346167,-0.4788254780169897,0.25049085284290357,2,-0.25049085284291256,0,784,2,1,0.1590887209376984,1.018265742072543,0.8027808882330738,-0.8027808882330797,-0.08344764220567465,0.35295799209485335,-0.35295799209485434,-0.5726943919217176,0.46597890773848194
0.42178880283763787,1.047680085789762,-1.5143011608451669,-0.5416383086376849,-1.1152194368291617,-1.263380081442787,-0.9808066835510841,2,0.9808066835510691,0,785,1,0,0.3974309392488108,2.1600380838290176,0.8838097927429381,-0.8838097927429429,0.7574901297761472,1.059371917492999,-1.0593719174930079,-0.46941294512998777,0.6715011273701995
1.4250352439759322,0.21774969971197553,-0.5339528311861208,-0.4094780552883857,1.08160611631631,-0.3020934109886974,0.381156972841166,0,-0.3811569728411433,1,786,0,1,-1.0317570894689236,-0.0643226323562803,-0.9771198439731539,0.9771198439731814,0.2610785651555231,0.5134274247874329,-0.5134274247874938,-1.2968073521013148,0.8640606616612996
0.5305509446537854,0.43482660642349164,-0.9473282793116342,-1.4663484334228418,1.3238840356169643,-0.18211004274843295,-0.05987771687423471,1,0.05987771687426431,0,786,0,1,-1.9301622976790778,0.4049479271568012,0.31671552693173044,-0.31671552693172567,1.3983685150141092,-0.4329125818741889,0.4329125818742236,-1.4580911266348997,-0.8498328488316176
-1.2102106316723924,-0.22879552977161982,0.03940654845367379,0.598379571041729,0.4503667132040647,-0.5533904654083551,-1.020778204806917,0,1.0207782048068983,1,786,0,1,0.10198611398576166,-0.4237298306364041,0.6897723072162091,-0.689772307216244,-0.29474029437906774,0.6310912827707948,-0.6310912827707882,-0.8510424801418072,-0.5060512476044933
-0.4049383836045807,-1.1548248724123191,-0.24739847542490162,1.3890295392846883,0.528373066113096,1.278377154064903,1.092429599727699,1,-1.0924295997276672,0,787,1,2,0.5946402177790846,-0.3361837694412579,-1.5162142103935365,1.5162142103935734,-1.5621581580437083,0.2562138175019765,-0.2562138175019527,-0.20438607614521245,0.8520445998877533
0.8813716881020963,0.8981105665217918,-1.0552228168256796,0.931296429659216,-1.5994721664139349,1.1552546364079586,1.5607592269148642,2,-1.560759226914875,0,788,1,2,1.7509848719756822,0.6281939145915943,-0.335846202138837,0.3358462021388067,-1.2820859609781046,-0.8754311980700608,0.8754311980700964,0.4800404235570692,1.0906130463411148
-0.3478846071209848,1.255496116758522,-1.5149361675060762,-0.6743038646439461,-0.6978068893869803,1.5028643519868414,1.101656157859224,2,-1.1016561578592312,1,788,1,2,0.016789647412942046,2.200241780247914,0.3296814336036876,-0.32968143360368524,0.31432518308996965,-1.1962370871055867,1.1962370871056203,0.3569841896212562,1.5239366387321904
0.44458934853635845,1.549628508327495,-0.11158086732071663,-1.0677380590762142,-1.6890519920769638,0.4572590440701199,0.5118546837687329,0,-0.511854683768743,0,789,2,2,0.43087688730028334,-0.26206101375582463,0.4234708814531539,-0.4234708814531564,0.8522011564953333,-1.4508038165240094,1.450803816524037,0.5422059079809789,0.9546775368900069
1.3127861261259908,-0.5958538233457773,-0.6406785222302991,-0.42949540649004564,-0.856624333545806,-0.26695575634574154,0.35571549189122365,2,-0.3557154918912372,0,790,0,1,0.2959753184855759,-0.030368839395073868,0.11227392391528968,-0.11227392391529217,0.28684783998626995,-2.0636945640825317,2.063694564082582,0.06458469726999272,-0.7862225575296943
0.9657419853370435,-0.7214986663024218,0.8754579934380248,0.7552219128947817,-0.5922420085472155,0.1880309773406767,0.7189433621918825,0,-0.7189433621918911,0,791,1,1,0.9320809028446033,-0.6949780995758392,-0.26042496234810875,0.2604249623481124,-0.9008661565049187,-1.8973979367349787,1.8973979367349658,-0.22992579524255122,-0.7573693197216081
0.9011284614633057,1.1337272958629503,-1.059385045622391,0.7848025234716602,1.0641377555701739,0.4212775882764834,0.899003171798094,2,-0.8990031717980663,1,792,2,2,-0.1939528341565112,0.6594048363296765,-0.12898318024210145,0.12898318024212768,-0.975371078849568,-1.6027477219938357,1.6027477219938395,-0.29799691124840666,-0.06330326585243905
-0.17159438313825542,-0.6565008137539354,-0.8654530830774116,0.09892207426289049,0.291982938243961,1.4673551774856453,1.2379856160198064,0,-1.23798561601981,1,793,0,2,-0.133706202748338,0.19913559906442538,-0.2430263940625218,0.24302639406249946,-0.4436917727851519,-1.6634490995059397,1.6634490995059346,0.06129689117554227,0.6190709072518739
-0.13027312138102995,-0.7334355203279036,-1.6288778480711918,-0.9398989031736672,0.03223190698806273,0.1257047408601805,-0.051012332316802945,2,0.05101233231678643,0,794,0,1,-0.6721461705878655,2.601941603541952,0.9252157286098818,-0.9252157286098915,0.8840645578923869,-1.412829727189025,1.4128297271889925,0.12069973077483148,-0.09322519450033898
-1.4216821977195533,-0.08234530652599084,1.0832743329721957,-0.9229949705705573,1.2034694436108078,-1.5702339553821067,-2.1940246148482867,0,2.194024614848276,1,794,1,0,-1.4711467334650679,-0.7153944326282642,1.5380581947311363,-1.5380581947311334,1.4570482851091076,-0.2775451095782486,0.2775451095782204,-0.10861401304980679,-2.1093164671773423
-0.5320396932505683,-0.910191835076876,-0.5411288164174961,0.7008329789942764,0.05158868364588328,0.9764215397393305,0.6875747132603236,2,-0.6875747132603284,1,794,2,2,0.4488409062875754,-0.13378777962217892,-2.0676135691615802,2.067613569161586,-0.8435717802816544,-0.2635780607354412,0.2635780607354394,-0.13388684197032266,-1.2007092003746014
-1.1538193094403086,-1.2219001084731347,0.720469240083545,-0.9627482096901315,-1.3510633967091714,-0.8071046821509084,-1.3858142846363828,2,1.3858142846363657,0,795,1,1,0.26952244925883023,-0.6786788564291507,1.488096380571103,-1.4880963805711125,1.2733650178434,0.7537484132382771,-0.7537484132382615,-0.9459187672496797,-1.4041820856660803
1.3690436932007413,0.38055402522679066,-0.8536645125754573,-0.13648148059958418,-1.156202432416362,1.6940297308358265,2.1664451183609246,2,-2.166445118360954,0,797,1,2,0.7059191284264967,0.27117423989584494,-2.5488806366650048,2.5488806366649976,-0.4779984126590115,0.3403471460673667,-0.3403471460674235,-1.0553034038414468,1.629233763040796
-1.290103564530528,1.0237343973248134,-1.462011198887162,-1.4235858760809383,-1.6752678896877315,-1.3356416915616822,-1.9734507016185967,1,1.9734507016185947,1,798,1,0,0.1753065193145478,1.875200742748572,2.97102598302979,-2.9710259830297723,1.8876762884368166,1.196322507322571,-1.1963225073225592,-1.2800575448166915,0.5955767891653365
0.31159038500345937,-1.2732715589840813,-0.6558449755321786,0.6198543696618433,0.04762508178974147,-0.3217185857141907,-0.06974935372693905,2,0.06974935372696602,1,799,2,1,0.3955965897754438,-0.06557486952239017,-1.3658719404614694,1.365871940461491,-0.5682908064096529,0.2504782539621212,-0.25047825396213114,-0.563143926006797,-0.6555659884153581
0.5939034407534738,-1.6532643536803033,-0.419538465667415,1.6882556689226265,-0.06629648635533635,1.0131328484747182,1.3740587132965536,2,-1.374058713296598,1,800,1,2,1.2131305883513024,-0.2658357264164409,-1.035851563619105,1.0358515636190544,-1.8965930290637545,-0.055182202731935574,0.05518220273188416,-0.10431962251070732,1.0197056831821099
-0.4783327969377306,1.0806497329908087,-0.34259060002970587,-0.11155600753317789,-0.9175277453573364,1.495269011214528,1.0910624457330467,2,-1.0910624457330216,1,800,2,2,0.557950458468665,-0.15024087020339524,0.2033068258181289,-0.20330682581807905,-0.20982299450282285,-1.1580240352284412,1.158024035228406,0.2912026530856805,0.3706013726437463
0.6549722448707976,0.4902819573352062,-0.7197121230516306,1.6517959642886082,0.5394484182737286,1.413322209805366,1.7575299373464042,0,-1.7575299373463928,0,801,2,2,0.768648264910579,0.12524479808339095,-0.47803034660217614,0.47803034660216637,-1.9654930477324917,-0.9759524924518133,0.975952492451856,1.1221590018486705,2.6804778442786197
-0.9496599141891875,-0.9250214571741545,0.7045110007368027,1.1594577516908178,-0.7216891808736726,1.727062706429333,1.2034516469891392,1,-1.203451646989152,0,802,2,2,1.3011639958201642,-0.66393549515047,0.3978358503533248,-0.3978358503533424,-1.3895373741292354,-2.3904842553137566,2.3904842553137433,2.322418227711092,0.9096935651428006
0.27331166577611776,-1.5162397758517867,-0.6383502228999715,-0.3440441027008288,-0.4861982988147535,-0.28126677582973847,-0.15464719409412309,2,0.15464719409411837,0,803,2,1,0.09866012254163473,-0.09788189495594654,0.9748026732622509,-0.9748026732622456,0.34529738654564923,-2.3526830645247654,2.3526830645247374,1.8745248890894735,-0.9177008145050127
-0.9601347771955888,1.213354768687174,-1.0698173701976013,0.4275273985007839,0.9806838744957967,1.221645734244448,0.6689991168067516,2,-0.6689991168067537,1,804,1,2,-0.38320545391167415,0.687343812100756,-0.5908221949087837,0.590822194908786,-0.59116303059232,-2.038751730002472,2.038751730002453,1.2887040684071922,-0.8589995663150821
-0.6114754230300995,-0.9384135741473423,-1.4963657001076778,-0.23624005856352995,-0.5714677286815601,-0.030024618599073138,-0.3499613256269422,1,0.34996132562691096,1,807,0,1,0.2322151080324073,1.7200828344772459,0.7314362515724164,-0.7314362515724377,0.29703955735894966,-1.3971286418641502,1.3971286418640838,1.2307673069223775,-1.4789657707766442
0.39562234612780744,1.4120303934313132,-0.986700888770727,-1.5370633423266287,-0.11583838386488719,1.0876536730101005,1.0014079821582642,1,-1.0014079821582806,0,807,2,2,-0.9825306775667104,0.5567237168202955,-0.9695173173324321,0.9695173173324433,1.1726219320789342,-1.0604615350895985,1.0604615350895912,-0.2509954328126502,-0.18809214943011987
-0.11708079716436125,1.4972043267348571,-0.28779384585790374,-1.5149130594191609,0.624372944878121,1.4935148081480332,1.116509405334347,0,-1.1165094053343598,0,807,0,2,-1.4795633978122409,-0.16178752274307806,-0.08236890675615713,0.08236890675615963,1.1189285090036694,-1.021750064336027,1.021750064336008,-1.4936915316706265,0.8925387210563434
1.1049798525546397,-0.6701379435063378,0.600338278057941,-0.7403858229227263,-0.7859575694567749,0.1624751181970688,0.6051118668146797,0,-0.605111866814668,0,809,2,1,0.03211593722930345,-0.6284597424222987,0.3672080538811597,-0.3672080538811422,0.5130101477327967,-1.360036610741356,1.360036610741379,-1.6778590777298008,0.4147557864205092
-1.4562249743199458,-0.9485169827823667,-0.13242486285594773,0.9099644921666467,-1.4402648519707242,0.22816834152547244,-0.4092514542329208,1,0.4092514542328961,0,809,1,1,1.626038712301312,-0.3830565683913376,0.7281373476846116,-0.7281373476846381,-0.7398939587207282,-0.8799401162022953,0.8799401162022853,-1.4536857163722858,-0.16180050509276464
-0.24947853229196634,0.7409944560732576,-1.1708728859481603,1.0990731511233556,-0.774944966516697,0.2101837267531409,0.18294833977073574,2,-0.1829483397707758,1,810,1,1,1.2962764109602583,0.851537629968213,-0.4247356920116489,0.42473569201163813,-1.0660677940763372,-1.1172208273237711,1.1172208273237565,-0.8332076175469798,-0.9854034869272574
-1.55337990427324,-1.4050663258224114,-0.029572575919079903,1.0554353754944878,0.5289063056869726,0.16610220758013433,-0.4966115473805783,0,0.49661154738055413,1,810,1,1,0.36362755888763476,-0.45286522749093716,0.48788170573655915,-0.487881705736548,-0.8471994379899949,-0.450220090946514,0.4502200909464621,0.37144509162369554,-1.1364890016168683
1.6280469664619206,-1.4726015742667482,0.36527028831502667,-0.7421868100430281,-1.1787349122110786,-1.149313129241128,-0.3122430460625182,2,0.31224304606250275,1,811,2,0,0.3027368583968956,-0.5957223730180409,-0.1320751063945492,0.13207510639455555,0.7660873158578174,0.18593913020596076,-0.18593913020597666,0.7305067040207894,-0.5995099808244775
0.7081006122918345,-0.39214584835429295,0.30734106025576297,-0.056295611658609926,0.5376566320596653,-0.7181716336722145,-0.30254584736947965,1,0.30254584736947876,0,812,2,1,-0.4110684543606851,-0.5313096840118138,-0.006730615587788388,0.006730615587798818,0.11593211565460254,0.5900782964861983,-0.5900782964862312,1.0483819340649023,-0.08929561338219806
0.22241850323327766,-1.5038165622681288,0.9075142651051636,-0.47699586721830856,0.29437407209574507,-0.4672564482046621,-0.35976121723349824,2,0.3597612172334927,1,813,0,1,-0.5335449928716748,-0.7288835839436082,0.04128598306527892,-0.041285983065282264,0.5266726251112896,0.5680425193342902,-0.5680425193343378,0.40390502730305206,-0.2789042033454781
0.17253450960818434,-1.5581432677923106,0.03532179623532106,0.23986443618425066,0.9105643408908176,0.9113483740709146,0.923884190772064,0,-0.9238841907720613,1,814,2,2,-0.4644195182517637,-0.48688184159932213,-0.9209185057030828,0.9209185057030892,-0.4883256779900228,0.23813710189405063,-0.23813710189404447,0.004657730060661929,0.8672661835077381
-0.8319031682536233,0.5961454120591106,-1.2375895660526743,-0.4716506226674716,0.42319369794116113,1.3100254145472907,0.7149595950152275,0,-0.7149595950152283,1,816,2,2,-0.6190135773883284,1.000762557882294,0.15015283975235216,-0.15015283975235472,0.22864737710111618,-0.30132104816105987,0.30132104816108735,-0.7049311589045448,1.0188608043772547
-1.6552016940496028,-0.4599611622803362,1.306314566407659,1.6103439879295476,-0.6916790882501915,-0.5368929501518347,-1.1154406704545408,0,1.1154406704545254,1,817,2,1,1.5921302089156424,-0.7671505259870519,1.313727159753996,-1.3137271597540072,-1.1763879020408123,0.05630673729966017,-0.0563067372996909,0.388215996657774,-0.17305821966302976
1.2608466522062853,-0.2606793619502159,-1.19762981321062,1.1700549043032444,-0.6889289076265575,-1.404652237142338,-0.516254462816837,2,0.5162544628167951,1,817,1,0,1.2858152955632343,0.8006024799843846,-0.42974915699625704,0.4297491569962382,-0.9443427524983221,0.15146157411111294,-0.15146157411109076,0.9580625548415815,-0.7333371667012475
0.09815756911208223,0.46413555786100785,0.7798721447185449,1.5229430581453396,-0.47833594754951625,-0.6557573184517446,-0.37632446991395035,2,0.37632446991394747,0,817,1,1,1.384033790123425,-0.6309838510184175,-0.10018594013881209,0.10018594013884015,-1.293483883248824,0.1588364457444485,-0.15883644574448497,1.8873713441011024,-1.1934816827530115
-1.201749953665543,0.24984776860361085,0.3036948529561756,1.5650808314210896,-0.2453554985428858,-1.4524737136141253,-1.7173230611592871,0,1.7173230611592925,1,819,2,0,1.2519068705331147,-0.5022512996286644,0.9625314983388892,-0.9625314983388839,-0.9786077638837088,1.3348472701865108,-1.334847270186531,2.503157770449342,-1.2848740900255073
-0.2442919168681912,0.5117770746840482,1.435744982593157,-0.6533673081523774,-1.4185780942243746,0.33540997891521673,0.11122525733448907,0,-0.11122525733448503,1,820,2,1,0.5301564223097853,-0.7590243664610504,-1.3119419699345911,1.311941969934591,0.5654400491756145,1.6036630231649343,-1.603663023164916,2.418719735450084,0.38787069181460904
0.017927806964734366,-1.4601092268733316,1.5992545795598794,1.5366838519255248,-1.1893988991793094,-1.6760065099899046,-1.3255857439898098,0,1.3255857439897987,0,820,1,0,1.8857057911233417,-0.8399118664035746,1.0312866834999825,-1.0312866834999939,-1.0563394813470102,1.6972311750014912,-1.697231175001519,2.384492184329171,-0.353481698945816
-0.22646528104315958,-0.5386661040184779,0.06558355375429736,-0.8056831853547421,1.1412035559480618,-0.4156679125153668,-0.5673699701475803,0,0.5673699701475403,1,821,2,1,-1.346940403914711,-0.4495522098106494,-0.5438691051477773,0.5438691051477568,0.896887176330494,1.7199906119497859,-1.7199906119498483,1.4664287631373787,0.0013529942396350082
0.3776150983009434,-1.432719784037583,1.1189960138179007,-1.6297318282196134,-0.3455303771073187,-1.2172841315960186,-1.0767265956043715,0,1.0767265956043717,0,822,0,0,-0.8876163211439616,-0.7660009529012615,0.3657434904136604,-0.3657434904136318,1.8428119015991415,2.031848184153584,-2.031848184153561,0.0014797867360161075,0.1857913334996576
0.6414843054518645,0.37634638204919985,0.6330575716610003,0.5755227242193811,-1.1065414654199148,-0.2524088782213299,0.1482657314798532,1,-0.14826573147985836,0,825,2,1,1.1638180001544756,-0.5968850622793113,-0.8788289325915022,0.8788289325914989,-0.5863051340258562,1.2011853830813706,-1.2011853830813999,-0.45833677808150575,0.09880345266338021
0.7268283750785048,-0.09272059188859934,0.6891847960944838,0.24551846882774353,-1.5092765589715111,-0.10052803946693913,0.29051948685312046,2,-0.2905194868531143,0,825,2,1,1.214414951759217,-0.6291471387758143,-0.10185347693067119,0.10185347693067939,-0.3231775954405577,1.1213537248426506,-1.1213537248426448,-0.0406527965888642,1.2263354386676273
1.4541166489071244,-1.2974821181902552,1.6895029066693665,1.5442148031842464,-0.4072402766152406,1.3427805570390443,2.0725845080007885,1,-2.0725845080007805,0,826,2,2,1.3495310335533868,-0.8470914690753123,-1.278585458880366,1.2785854588803682,-1.9550139846410612,-0.3916986858364395,0.3916986858364727,-0.03715340012857498,2.0659591533831794
-0.30649374041782473,1.635550888723438,-0.22645442153142106,-1.3427833594205376,-0.6293103527818658,0.7597423995034827,0.38682850862544244,1,-0.38682850862541907,1,827,0,2,-0.4928009886131027,-0.1921441874660679,1.2099301329427843,-1.2099301329427743,1.1534604231451957,-0.8165603618304568,0.8165603618305305,-0.28672697767240235,1.5073961102284166
-0.564595176603871,-1.4540158528972804,1.1254956959228355,-1.1353065352907064,-1.578581239192338,-0.1864416393864524,-0.5623720368907786,1,0.5623720368908105,1,827,0,1,0.3076969254945341,-0.767824967434574,0.6813764041536386,-0.6813764041536329,1.2140157907881222,-1.045579318296674,1.045579318296736,-0.056983076734275794,-0.41378015099989784
-0.865159498801019,1.2492176520890936,-0.17917240303884086,1.1677066032024785,1.616953218131945,-0.08409108722261842,-0.3727928277780563,1,0.37279282777804545,0,829,1,1,-0.31185553195940996,-0.24095848473700457,-0.13581432116798742,0.13581432116795686,-0.9801714343937276,-0.8135753718410262,0.8135753718410413,0.21818616799489735,-1.233902744068005
-1.480088636866176,0.634354447854708,-0.18127593428426786,1.4517818303606755,-0.4640604851672272,0.9629260731132251,0.29319152886971656,0,-0.2931915288697117,1,830,1,2,1.3249526972209136,-0.27314568514988735,-0.47768364794392043,0.477683647943932,-1.4069109499718004,-0.8147651119996073,0.814765111999668,0.7786988565663542,-1.3448939965094828
0.47652825763642853,1.0642819725314772,-0.7800883790307338,-1.175794073840551,-1.1603988803126124,1.083419262495141,1.0754328266520259,2,-1.075432826652035,0,830,2,2,-0.009746269499271019,0.23644484848439704,-0.5611098712002175,0.5611098712002078,0.8008820228407962,-0.3707783063374779,0.3707783063375082,-0.48520381777328764,0.6928593390378607
-1.1991570620080858,-0.32322369672197665,-0.6865921909496341,1.100259563626282,-0.5416811479442215,0.30217558467443545,-0.1976132992425826,0,0.19761329924260554,1,831,1,1,1.1356400041449877,0.031583901626980604,0.9137686675793749,-0.9137686675793525,-0.9664042100736415,-0.11055264937451241,0.11055264937450787,0.650001478814889,0.6757424709596761
-0.7071466790924519,0.1601983731016302,1.1006624350036822,-0.5237141717840371,1.1941990673834544,0.6148803002711409,0.1491092121823173,1,-0.14910921218235473,0,832,0,2,-1.1886714851802311,-0.7108157388819273,-0.24858068241909284,0.2485806824190497,0.432104903780415,-0.42734325703534487,0.4273432570353326,0.9341892365722462,0.17036366727755126
0.0977223384791717,1.1785549077072797,-1.4559627457283868,0.8818226536269009,0.8186262777867755,0.36238889540727753,0.46510063885655384,0,-0.4651006388565581,0,833,1,2,0.043059946632007066,1.8703660756341542,-0.22652799195343465,0.22652799195345863,-0.9469231799059541,-0.8004195409093293,0.8004195409093194,0.8013479464310972,-0.18283660479253594
0.11731459576431845,1.0235044672037348,-1.0435813186226623,-1.3228121341582995,-1.330866539117501,-0.6376139596750756,-0.6530507191411129,0,0.653050719141146,0,834,2,1,0.006598433472840547,0.6191407741628941,0.802615859310966,-0.8026158593109397,1.4221367439262165,-0.3791004167128817,0.3791004167128387,-0.4879187032417503,-0.8708037679111194
-1.1963794130558876,-0.9184930287587613,-1.0361861582155658,-1.659755182878069,-1.284245361774904,-0.08197705920378526,-0.8326763697785687,0,0.8326763697785751,0,834,0,1,-0.2586299941647008,0.4165292446523786,0.12912785567096183,-0.12912785567098112,1.8046046682469095,0.47049480819007716,-0.4704948081900663,-0.7128002266645573,-0.6462349206614437
-0.7290470705260262,-0.9578964333366096,0.8928286820103569,1.364076574336292,0.25564766361296104,0.24149484622545142,0.005326765173153037,0,-0.005326765173174777,1,834,0,1,0.7661585394616518,-0.706900562156281,-0.6011246817696202,0.6011246817696004,-1.2539741631243813,0.3801347229331003,-0.38013472293308515,-0.5902127497672773,-0.494770271181108
1.3233171899187668,-0.9551223809806532,-1.4803668972171766,-1.2093627449154765,-0.12413993287393933,1.1641899155473696,1.5567724722005554,2,-1.5567724722005734,0,836,2,2,-0.7502158302339397,1.6399907918190277,-1.1130925584199816,1.113092558419985,0.7002195985387148,-0.24663442959759224,0.24663442959756698,-0.9088121016142034,0.8822737419028719
-1.1992569298269204,-0.6733762945884844,1.3427843788536462,-0.24831277813027244,-0.27655713644715413,0.2048924634159523,-0.42783153910284866,1,0.42783153910284505,0,837,2,1,0.019741832725035255,-0.7795781671763812,1.4243840891496,-1.424384089149591,0.32950810431989414,0.15094811755207047,-0.15094811755203655,-1.4339505328263387,0.8817032895766608
1.3078040757080718,-1.445760342099324,0.31375616585296234,0.5878990920137422,-0.6059446601558315,1.0262778612405519,1.6168881555560886,2,-1.6168881555560992,1,838,0,2,0.8258801014083214,-0.5789434873062183,-1.4670670000065726,1.4670670000065684,-0.9899443453617669,-0.8597535930062098,0.859753593006153,-0.5461030522360738,1.3874987983294709
0.3444510920459158,-1.4670363277600038,-1.0543119653574549,-1.0019425496256362,1.077581636833724,0.7680059484821968,0.7476943320420812,1,-0.7476943320420741,1,838,0,2,-1.4385953430584062,0.3921284581538144,0.6239634136980016,-0.6239634136979891,0.7238987215710048,-1.5634216033878054,1.5634216033878197,-0.2404381871671158,0.4788804521730679
-1.410316790263146,1.3278809598231802,1.2797931577392079,0.5809559059308677,1.558517800778899,0.403408389677478,-0.2652414678845787,0,0.26524146788456204,1,838,1,2,-0.6770820647665876,-0.7075022179726812,0.7271129555530504,-0.727112955553068,-0.48073453746737316,-1.442949735610978,1.4429497356109218,-0.6043297595398203,-0.7694784292385737
-1.5881446404863089,-1.7181934938342966,0.9057312199126348,-0.3888112199176848,-0.035738754297706454,0.1538693260034029,-0.6778940110654328,1,0.6778940110654382,0,839,2,1,-0.2440830159688676,-0.7359722784816528,0.2963484394256001,-0.29634843942558436,0.529879164385237,-0.4479532348944303,0.4479532348944576,-0.22304524402287593,-0.7426510446403453
1.3921953549475354,1.2702103713296904,-0.3692398493764211,-1.5392587155602984,1.343631816996636,-0.7345764388451217,-0.1412879131149818,1,0.1412879131150021,0,839,2,1,-1.9942404077322935,-0.12078104762915956,-0.3848415398576578,0.3848415398576687,1.4927395379949278,-0.5755382267917231,0.5755382267917033,-0.8229072652565789,-1.538844846099037
-0.2419815294586689,0.5194100682969234,0.4612129121502826,-1.2224736910524614,-1.4231630831395357,-0.20377620537033544,-0.4298740468151842,1,0.4298740468151733,1,839,1,1,0.13985569058002117,-0.5420184086935154,0.20731812540792785,-0.20731812540795033,1.2622776346069613,0.33579294696882317,-0.33579294696884177,-1.6641306235317497,-0.6956600902755902
-1.0570824619005184,0.5216225678917509,1.2094469427354058,1.0847212231204606,-0.2675950610543313,-1.6659795919449687,-1.8886064178442943,2,1.8886064178442687,1,840,0,0,0.9351845948450789,-0.7197310548907919,1.0470175040878098,-1.047017504087821,-0.5048766784276775,1.509619126676615,-1.509619126676622,-0.6945235222099997,-0.934400329429641
-1.6600991468829436,-1.5919672876938342,-1.024078953188689,-0.6197663456143323,0.34931358872283663,-0.04651961119743918,-0.9165495343084314,0,0.9165495343084387,0,842,2,1,-0.6702821547871979,0.3321911702249848,-0.6973219311430929,0.6973219311431168,0.8144651514823561,1.799617321858288,-1.7996173218583078,-1.2524614310476638,-0.693621567948543
-0.2006806907387056,-1.4359990285915525,0.9126870805663896,-1.6061382346021944,-0.38619155201899497,-1.288199704725061,-1.419453337727344,1,1.4194533377273304,0,844,0,0,-0.843159775949097,-0.727563999110876,0.36111293187051774,-0.3611129318705329,1.9148613826265835,2.129800344974973,-2.1298003449749765,-1.818115051666939,-0.9481787855135299
-0.4196726697661423,1.494976684748704,-0.8966817681267595,-1.645722225103917,1.1016951580050118,-0.49703204824564157,-0.8234708815831896,2,0.8234708815831504,0,845,2,1,-1.9003884790150858,0.42401066241632335,-0.4274501382473528,0.4274501382473347,1.788094494942719,2.4335457457124243,-2.433545745712455,-1.867585299932799,-0.10057446574259835
0.06272152820465005,1.4406573016932527,0.6660041186344416,-0.19680408496232563,-1.1143894871043973,-0.5744255237443956,-0.5035955374263912,2,0.5035955374263829,0,845,0,1,0.6352713100567411,-0.5654443997357884,-0.2293150992336304,0.2293150992336527,0.3017222570805583,2.4663706105121466,-2.466370610512211,-1.3909888560475934,0.888923790739743
-0.43147419440744983,1.0044357760639104,-0.7787047312166877,-0.7147556958675856,-1.0859027173830176,1.3574378974697943,0.9266749821635001,2,-0.9266749821634782,0,845,1,2,0.2574473997172734,0.2301133470916014,-1.0261369913662572,1.0261369913662794,0.4005675855648522,1.2128523953708172,-1.212852395370804,-2.2271492485861644,1.4299063244683015
0.04254397904855462,0.5185336899049591,-0.49773877772041086,0.6149482111657728,-0.3212028781802219,1.386556613823424,1.3249759287464087,1,-1.324975928746447,0,846,1,2,0.6474937409596313,-0.07321899813938218,-0.2855934749862205,0.28559347498617743,-0.9363147802386164,0.21480189937600588,-0.21480189937607308,-1.6534161833957914,2.2500547050211486
-0.7588555781287144,0.27798902889413835,1.047358370324044,0.39516435879013484,-0.10140350577982153,0.9630054020110855,0.5325663469441081,1,-0.5325663469441044,0,846,0,2,0.34340036522542056,-0.6964417941419172,0.5688628818150095,-0.5688628818149796,-0.5251068917202573,-0.6543446914561907,0.6543446914561883,-0.7234737404438437,1.410726614138519
1.2198849458785188,0.9519095249132385,-0.7837498168046887,1.4389511067748524,-0.31613164688463147,0.7700745147415046,1.4355102584697244,2,-1.4355102584697332,1,846,1,2,1.213690737832642,0.2319000061015182,-0.6477263183860414,0.6477263183860329,-1.6960857917206507,-1.6601674155040687,1.6601674155040884,0.7098770498999949,1.0820874804364962
0.16044997039607808,-0.6981451954231626,-0.46019033256960795,-0.3230683304180567,0.7791620790018415,0.6115420950575426,0.5903157863581918,2,-0.5903157863581591,0,849,1,2,-0.7626735990714664,-0.17901373397052744,0.6067414291131009,-0.6067414291130715,0.12306288548497053,-2.147236939037138,2.1472369390371986,0.6512060217085247,-0.17651562651244648
-0.019636095249225206,1.542946770621946,1.4027435036551679,1.3399755539078426,0.6844801281054066,0.9049308287878439,0.9413371712035179,1,-0.941337171203525,0,853,1,2,0.45267320094924207,-0.722907212741654,-0.25166556294511844,0.2516655629450899,-1.479333900871467,-2.153765352514962,2.1537653525149634,1.6059750827863828,-0.22234718336773582
-0.7307715565245667,0.5301324830746792,-0.798586653415245,1.2388708925766452,1.330407719558136,-0.8831840724202676,-1.0137392994800132,1,1.0137392994799799,1,853,1,1,-0.06431696548465078,0.21590341632157986,1.4031950644606144,-1.4031950644606341,-0.8742546916300225,-1.1124406243360045,1.1124406243359972,1.895892351909019,-1.1173216890661042
1.0705693683348327,-1.031797566941096,1.4586791745565892,-0.48736810478805076,-0.7322830712207513,1.1917688534545317,1.5349126380534814,0,-1.5349126380535223,0,853,1,2,0.16989825857871554,-0.8080008277286722,-1.8286898277690646,1.8286898277690602,0.01986471789108257,-1.558740356143126,1.5587403561431108,1.4858072414044865,-0.43875254034957484
1.4406959848155736,0.250493499907592,1.2100563323632842,1.686796615542567,0.8389643577839482,0.019610272746152183,0.8989053263676077,0,-0.8989053263676373,1,855,0,1,0.5855333806175997,-0.7283960076895573,0.4566282868119955,-0.45662828681198764,-1.7709278992268764,-1.3198143089199719,1.3198143089199599,1.6009732631041018,0.3749593507271454
-0.25902292568564267,-0.9119338540253402,-0.5000693761793471,0.5798387918464305,-0.35542181680729884,-0.9063809726536406,-0.8745325872367293,0,0.874532587236725,0,856,1,1,0.6469045472117702,-0.16440540977012236,1.2728508573367034,-1.2728508573366861,-0.3168943816295638,-0.6675831967064031,0.6675831967063054,2.020525837417258,-0.5363743210100086
-1.3867164820599147,0.6829744282164463,-0.5629220385524,1.0946177963506742,0.3543298596875533,-1.6307128688400885,-2.0167110835327553,1,2.016711083532739,1,858,2,0,0.5115533094748875,-0.009152525289587463,0.8198577838302473,-0.8198577838302563,-0.47987997387697573,0.649502679174102,-0.649502679174132,1.9065157955508967,-1.3750602242291998
-0.6189532490017661,-1.648298310558638,0.2448060913574874,1.7701058827208176,-0.718328771666267,-0.9188921409572631,-0.9347161209351933,1,0.9347161209351909,1,858,0,1,1.7210338737364177,-0.5659410068242369,-0.776213725806391,0.7762137258064014,-1.3637444310986035,0.6143172111338591,-0.6143172111338744,2.153364006384838,-2.4449167758811394
0.763681201962279,0.4883834630747875,1.5904478066644794,1.6316130245111187,-0.5329770841429586,-1.542017887066314,-0.8322915433458885,1,0.8322915433458483,1,860,2,0,1.4969876813977854,-0.7835934250904841,-0.07327197594253314,0.07327197594250606,-1.2692963642640827,1.6683267891230096,-1.6683267891230573,3.137987968026432,-1.0973499806885518
-1.5526821283664685,1.2724554660572422,1.098793466885042,-0.42579990879303514,0.543079581525407,1.319401593135365,0.37689153248797586,1,-0.3768915324879841,0,860,1,2,-0.6702934879701773,-0.6741524448320115,-0.8674841809451989,0.8674841809452223,0.2776007611799771,1.9007560586025862,-1.900756058602613,2.1563307317349687,1.1452821763055216
1.0862777378846635,1.3071012788884837,1.0367226467100004,-0.766794964099628,-0.7002977305895557,-0.6241991679892692,-0.10972032331489202,0,0.10972032331491632,1,860,2,1,-0.04543367726804845,-0.6600470746263076,0.34942179630624765,-0.34942179630622444,0.7341166731082527,1.5602195481184344,-1.560219548118472,1.5305923307052067,1.5926740116599616
-0.9984575396189836,-0.9361937825242446,0.05844560715428644,0.4177894666447404,0.6362041793616803,0.8379136720933363,0.3064124558103541,2,-0.3064124558103677,0,861,0,2,-0.1515019191058433,-0.46584704457757764,-0.2983896351829881,0.29838963518296113,-0.4851088681181406,0.5258370979014853,-0.525837097901489,1.2160914688845392,0.9952187397080372
-1.0713232068743743,-1.2879701384309883,0.33961670309162395,0.2338503309074561,-1.5537583579283991,1.6208398028841666,0.9509212505673931,2,-0.9509212505673752,1,865,0,2,1.2371363950130259,-0.5801338436509951,-0.4622727399725992,0.462272739972622,-0.49009320468029705,-0.31375243383175133,0.31375243383175533,0.5022417764049029,1.0857714342733822
-0.14319275107720902,1.4709726525218778,1.5888670795618338,0.2647343651879919,-0.01556249680775331,-0.3880875865894854,-0.388438935895394,0,0.3884389358953904,1,865,2,1,0.193806405101438,-0.7555365706107717,0.9613557756522115,-0.9613557756522275,-0.15829854318709408,-0.511380041599706,0.5113800415997258,-0.13290379521763288,-0.1478476709307555
0.027778980474119655,1.0435164953128258,-0.3599267703104915,-0.10913725888362753,0.18467460479829942,1.0307076807410656,0.9229080658814071,0,-0.9229080658813931,0,867,1,2,-0.2032813813384082,-0.14077562640502142,-0.9407972271278865,0.9407972271278996,-0.16654079179805562,-0.7544966516746859,0.7544966516747026,0.014239390036145447,0.42461896263932136
-0.675050428789586,0.37312265931192407,0.1262829153195097,-1.2011298027268758,-1.2102637331844261,1.4405030667889662,0.8305111964237939,2,-0.8305111964238249,1,868,1,2,0.007251495046437805,-0.430771720730351,0.06653230049750761,-0.06653230049753983,0.8930539779579405,-1.173139468850714,1.1731394688507286,-0.18758236456794955,0.31568221391987583
0.4086005245343608,0.9944013682196057,-0.1484896700659178,1.4142713747125386,-1.362807319046766,0.5196968491990371,0.8137410758957512,1,-0.8137410758957406,0,868,2,2,1.9210980281074772,-0.27159711245493107,0.01226238784742196,-0.01226238784739217,-1.5109298706002032,-1.3990300907749889,1.399030090775003,0.27545147299642553,0.2921684371642662
-1.599310276658068,0.026708492930493054,0.9864062085068924,-1.0569471010887719,1.2036330806968842,-0.541065424412526,-1.3752454566818844,2,1.3752454566818888,0,869,0,1,-1.5638731208616563,-0.6924537598111979,1.5710494123819656,-1.571049412381971,1.3620204770950215,-0.36329265472887023,0.3632926547288566,-0.3243415424275807,-0.6494990810007342
-1.5199295539485536,1.1022257995217013,0.5223883616821072,0.49557903447957424,-0.4661542812483768,-1.3048305325954972,-1.8540870980318458,1,1.8540870980318398,0,869,0,0,0.6652931787926534,-0.5371605663386217,0.3438458742204365,-0.3438458742204443,0.022306648666387954,0.289294567358952,-0.2892945673589531,-0.21707527674030952,-2.415327409028519
-1.6169880385635875,-1.593406418018763,-0.22514062452441277,-1.59922436363221,-0.6838577918863177,0.015260433270874195,-0.9443724820887945,0,0.9443724820887502,1,870,1,1,-0.6323459169794156,-0.3722821788254824,-0.6525849899872465,0.6525849899872195,1.7756320069271347,1.1207106310083357,-1.1207106310083608,-0.9094719422801558,-1.9356390929316178
0.8976911810717696,1.4616224279214434,-0.3938300005851772,-1.6623018850488036,-1.1058950537474492,-0.6148790884020937,-0.2884323541774629,2,0.2884323541774238,0,870,2,1,-0.3838383152870098,-0.09178035529418477,-0.47047588846887234,0.4704758884688763,1.655330325261286,1.6189258795407744,-1.618925879540815,-1.123764120920037,-0.5532889815726344
1.4291863574199672,1.6706075632944428,1.0011248532435295,-0.8090329670212824,-0.691302581266824,-0.6328704343143032,0.045182889197420015,2,-0.045182889197416684,0,871,2,1,-0.08086271081455529,-0.6401361643600381,-0.23917487954867567,0.23917487954870625,0.7320434952670429,1.9611302809976592,-1.961130280997714,-2.1568638019997537,1.3690038984512025
0.4902348878495017,1.6462197715989118,0.28726603357952524,-0.2918505172095045,0.6891294504165112,-0.13534270949754584,0.087014195091495,1,-0.08701419509150941,0,871,1,1,-0.6787726331996692,-0.43558257063156425,-0.029790117887914386,0.029790117887901677,0.23056907239946905,1.310051810206386,-1.3100518102064151,-1.801347455468244,1.5137194649234063
-0.9398758335974743,-1.3780450649129201,-1.6028852501514612,-1.4537291681773934,-1.195325570534065,0.37167362633173967,-0.28042228048200285,1,0.28042228048200457,0,871,2,2,-0.17773275492570853,2.268286344164855,0.26390129507301185,-0.2639012950730004,1.447243234258781,0.6093696285529147,-0.6093696285529403,-2.70712973848242,0.5281808916945615
0.32868545370540436,0.7889792339059911,1.647815876977045,-1.4777254557180797,1.6022016972742494,0.5687431242112218,0.5114266106290188,2,-0.5114266106290251,0,872,1,2,-2.1306695556381716,-0.7835703859661208,-0.5680043001966644,0.5680043001966589,1.2507645295323684,-0.0388322457972005,0.03883224579718871,-2.650673012940411,0.3946670094894146
0.08127961126430414,0.27253161469542847,-0.3349169658641778,-0.6163854627210832,0.020766069903275744,1.6507079896031653,1.449089572291134,2,-1.4490895722911303,1,874,1,2,-0.4405360760366708,-0.20299903892983637,-0.6726407811240522,0.6726407811240598,0.16458984089318468,-0.8124726300337439,0.812472630033715,-2.1646685096162455,1.0037407409721966
1.0587965170942968,0.8851262294300721,-1.1122824645043081,-1.4208336850739078,1.6789720492773164,-1.6785434884662178,-1.1346674170961064,0,1.1346674170961293,0,875,2,0,-2.144472799870701,0.7386937681288707,1.8543375149535752,-1.8543375149535628,1.6520853614150064,-0.2871383419320042,0.2871383419319965,-2.4489530831855166,-0.2236919504753061
0.7396991137830147,-1.0449250860754702,0.13424444765657867,1.5289438396286235,1.738638080464886,-1.619478994931403,-0.9240994436029364,2,0.9240994436029026,1,877,1,0,-0.14632563551400382,-0.500122469114889,-0.1508759022313617,0.15087590223132127,-1.1549247483693614,0.16306509552108553,-0.1630650955211352,-1.6028871469789219,-0.9141006252514547
-0.9764570214536357,1.4104366611364973,-1.3788719491984096,0.5985857894436447,0.4659196433590584,-0.3172139274810868,-0.6957929276756819,1,0.6957929276756741,1,879,1,1,0.09136352208652634,1.5667462781683905,-0.1636051172519722,0.16360511725199087,-0.38174561837776916,0.34801096710996654,-0.3480109671099969,-0.6492408609558511,-1.4908457669373996
1.57472322588809,-1.352871512103113,-1.2454969389125945,-1.258248055214519,-1.7090168355928343,-0.7783768868846854,-0.061609527622432395,0,0.06160952762240072,1,879,0,1,0.3129791717470474,0.7862806091039594,-0.45486321521341916,0.4548632152134023,1.1952650303637904,0.6031581922614077,-0.6031581922614494,-0.5472566079643724,-0.8049450352809708
-1.302109635230039,1.03579945540591,-0.29134715871612077,-0.10977811522155931,1.416833795127112,-0.04438741773461738,-0.6859853044858549,2,0.6859853044858465,0,881,1,1,-1.0565799702393652,-0.1860647049471803,0.4482814731814268,-0.44828147318141043,0.2696232088154341,1.5538110288565095,-1.5538110288565192,-0.31185208897429434,0.5457575299709723
0.2189156275132319,-0.591620191955202,0.3412678731759255,1.4234161056000718,-0.2107361366582449,-0.9138185969451305,-0.5586209197488722,0,0.5586209197488677,0,881,0,1,1.1299990821704315,-0.5508929930360055,-0.09116883353023948,0.09116883353024247,-1.1578961476093343,1.297323426163862,-1.297323426163885,1.0097814348305747,0.2287683574948945
0.11247354190561429,-0.24460029516808493,1.0043923848586818,-0.309024146191382,0.2842609979688495,-0.6724433035262949,-0.5788469148655483,0,0.5788469148655306,1,881,0,1,-0.4104111746079149,-0.7052635506720707,0.014742330654783545,-0.014742330654793004,0.42763434189154315,1.1435979997838803,-1.1435979997838612,0.1557354527566082,-0.08349114429747315
-1.218673053313013,-0.0029976409467588967,-1.6709463033438077,1.2493071579801505,0.3532364148589859,-0.8515537021471316,-1.222177231948384,0,1.222177231948367,1,881,1,1,0.619260783837612,3.1509662611171523,0.46188329074716683,-0.46188329074716655,-0.8285402894593457,1.377973261016558,-1.3779732610165534,0.4581052298886797,-0.6903143042818516
1.4486187154087007,-1.600439868213221,0.5156752861432972,0.15813575696195556,-0.05821793944238193,0.9741685843965773,1.5933127307635964,1,-1.5933127307635735,0,882,0,2,0.14962976162317998,-0.642919531290419,-2.020173350770402,2.0201733507704316,-0.5937285268571991,0.641110794790589,-0.6411107947905853,1.1162542908062127,1.209909934220194
-0.4928591375142303,-1.592453400472944,0.7794604148769863,-0.08270386742736159,0.6877027469927812,0.4803237649306478,0.18017010946225676,2,-0.1801701094622375,1,883,0,2,-0.5331832811255893,-0.7054215464473501,1.0143022046668109,-1.0143022046668142,0.009933979661415463,0.2554507366080341,-0.2554507366080191,1.1288348432014117,1.1336096392098474
-1.5641705292737702,-1.2223121567301098,-1.267106212071293,0.008537001390850292,0.15449889101983583,1.3017780150830756,0.40167999600299814,2,-0.401679996003007,0,883,1,2,-0.10103608446325908,0.8566516197951687,-0.15872784183898225,0.15872784183896216,-0.1346291414291663,-0.17212808016983766,0.1721280801698037,0.47138497280490194,1.0445430226345478
0.5044703039541545,-1.1641521012413474,0.5313565020265427,-1.6587626514180192,0.390319914403913,-1.5101806239322246,-1.2796892070655763,1,1.2796892070655639,1,884,1,0,-1.4170165807577695,-0.6297059054077685,1.2067821587702436,-1.206782158770247,1.9282945871706845,0.1399254783880974,-0.1399254783880591,-0.15579610767786847,-0.4080848533633731
0.9825306614284455,-0.03370228183014385,-0.79908778873365,-0.12436247509715477,-0.2584687001300221,-0.7221462740657559,-0.17956688530295722,1,0.17956688530296366,1,884,1,1,0.09291964220790333,0.17148394775554524,-0.7892219565235595,0.7892219565235735,0.14613384415673591,-0.32430202683085746,0.3243020268308937,-0.7940972314611998,-1.5586519962417706
-0.7174330944854819,1.2235869799715795,1.342024413581911,-0.9457825992636554,-1.5252006111844365,0.6685885116069066,0.1472530427436779,2,-0.14725304274367185,1,884,2,2,0.40178370588214407,-0.7219034271418945,-0.23429854710662754,0.2342985471066274,0.8351883262094576,0.3195633285505141,-0.31956332855050784,-1.3070534112999628,-0.20292293972264167
-0.6468641604907759,0.7759010974820301,-0.9535179888353904,1.1420893834570658,-1.337797476771065,0.24574546554545967,0.025602305619957074,0,-0.025602305619945854,0,885,1,1,1.7156033041689338,0.44508381318220225,0.08752493690449988,-0.08752493690449618,-1.062708513886083,0.38838542128703896,-0.3883854212870223,-0.7379304652751608,0.20824587205942013
-1.6401275637982227,0.6249386895167609,-0.2008818832163111,0.034868292910423655,0.6905070134376199,-0.45592641622592717,-1.203094393233409,2,1.2030943932333895,1,885,2,1,-0.4538361106841875,-0.2628066330488029,0.8819434263032073,-0.8819434263032299,0.2742704257071311,1.1029192963357586,-1.1029192963357821,-0.7256951413203313,0.10982049451880922
1.534579865566302,-1.249018072157516,1.3635648118497907,-0.5133241352548968,-0.5200764000987516,-1.3624072414633555,-0.5238947392836314,1,0.5238947392836363,1,886,1,0,0.005070833162387413,-0.8002327814577183,-0.4871669728306344,0.4871669728306521,0.6058799535090716,0.7663980049774485,-0.7663980049774299,-0.19344584754091185,-0.6358822202787987
-1.1446846615189399,1.0256813592546445,-0.7932293889168729,0.2841699105691183,-1.2029862221097039,1.284154898682497,0.6196733138384639,0,-0.6196733138384732,0,886,2,2,1.0291351964438273,0.24900069395104243,-0.8203987038950236,0.8203987038950138,-0.4470927725510959,0.41053228303068406,-0.410532283030685,-0.003613682227265302,0.12132462937315003
-1.3258365638007974,-1.164124838858401,-0.5569208534367323,-1.4776495549827435,-1.2935642639044802,-0.8803633784217729,-1.5898084694352532,1,1.589808469435221,0,886,1,1,-0.12627383502103895,-0.13874016617484025,1.5857568469968548,-1.5857568469968724,1.8346816016806768,1.1839676654870739,-1.1839676654870666,-0.25075554761026925,-0.4396245779472205
-1.0561154206237338,-1.2964598635597564,0.17242778513803214,0.27013561528790647,0.03610683152093656,-1.4959658279315133,-1.822748896771654,0,1.8227488967716408,1,887,0,0,0.16177715529317907,-0.525553446134464,0.16738665054671284,-0.16738665054669935,0.22225835201803737,2.006955342729545,-2.006955342729557,-0.6559250706946915,-0.7186901886004782
-0.24662901840187693,0.722856635126948,1.3116049354340027,-1.478485523226689,-0.0783343418819044,1.4851443935517452,1.0497562433870884,2,-1.0497562433870882,0,889,2,2,-0.96798950219712,-0.7318168349965792,-2.061087560935002,2.0610875609350128,1.1018899530479238,1.0038622561951622,-1.0038622561951567,-1.359133046078208,0.21760630527915284
-0.5227601114683047,-0.9821613766002008,0.086028972420011,0.18816015000058567,0.4869989203394744,-1.669040110668418,-1.7261384673570046,0,1.7261384673570046,0,891,2,0,-0.2069908432938408,-0.47889872900368124,1.992215944245101,-1.9922159442451026,0.272445025958066,1.5391673280701361,-1.5391673280701443,-1.0331753362962361,-0.6399432153576359
-1.571373652656955,-1.5380387708722756,1.4204592143250765,-1.3890519722437549,0.47884912363462495,-0.17085606467918582,-1.0661143862594638,1,1.0661143862594624,0,891,0,1,-1.2918180736590466,-0.8173583925540253,-0.47340654178691494,0.47340654178691416,1.601738086560786,2.2897727875912066,-2.2897727875912564,-1.8106689799066942,0.3541948209046915
1.527094426842122,-1.0494748337362365,0.05176982285436124,0.704387539065469,1.7568989124874508,-1.48662973734103,-0.5091939543085442,0,0.5091939543085491,0,891,2,0,-0.7290548513938298,-0.46866367146393484,-0.39941914827473407,0.39941914827473884,-0.527697424515285,1.808623735047601,-1.8086237350475995,-0.7967448923895725,0.1573741632859875
1.229375362785803,-0.8004203775784644,-1.341778529734979,0.8452220296524672,-0.8434658162106204,-1.5222495713606181,-0.6711734689014925,1,0.6711734689014907,0,892,1,0,1.1681939843836109,1.126249215585251,0.11646495166805672,-0.11646495166806158,-0.6119623895023238,1.2958789788962155,-1.2958789788962226,-0.529520302340877,-0.6937103296640114
0.6467514402264638,1.0924743709019604,-0.006899764296244014,-0.21089807505748098,-0.8434560171394292,0.8191104902491206,1.0247266125987136,1,-1.0247266125987167,1,892,1,2,0.43799663584159276,-0.33798915118970324,-1.2167533186077801,1.21675331860778,-0.09960814727127995,1.3070235480009003,-1.3070235480008972,0.05948776275515959,1.8325200915146485
0.008087710225210527,0.29947234425980307,0.0023344488559455456,-0.4504034977324137,1.0039037974387188,1.1344944685828982,0.9697969881880203,2,-0.9697969881880227,0,893,0,2,-1.0062698169468847,-0.381633314996563,0.03964572736411589,-0.03964572736411545,0.13921627109162948,0.1066447154046674,-0.10664471540466873,-0.23723270346207292,1.7420266137139453
1.5706942360798266,-1.3232620237070403,1.6163615032047536,-1.3585035708298916,1.7388724131309345,0.3532905956724292,0.9369482573794273,1,-0.9369482573794128,1,893,1,2,-2.1428392408023615,-0.8383195519958327,0.023800432095132752,-0.023800432095120474,1.0162545026552008,-0.7852290098519449,0.7852290098519614,-0.2230378210225664,1.4084276201864512
-1.2003242172988928,0.008234461009617732,-1.5031584958507371,-1.4966735750963394,1.4682434520563772,-1.0423156094080785,-1.6753610075801948,0,1.6753610075801546,0,894,2,0,-2.051049094404288,1.917138905572173,1.8748266874117903,-1.8748266874118307,1.8773266494540457,-0.2659872590380975,0.26598725903808396,-1.2458017730347508,-0.6536588956641516
-0.8219891850275303,-1.5294461975855942,-0.3145459035500056,0.9863398214899068,0.07736507908778045,0.28149122352890793,-0.044359704790095336,2,0.044359704790100575,1,894,1,1,0.628395919669455,-0.32085218663038034,-1.1701818197458986,1.1701818197459317,-0.905244775051212,-0.5450792428137995,0.5450792428137768,-1.1802287684733308,-1.4895090355223517
-1.461338972307328,1.2741275483636951,1.4002551515951598,0.33948719956077134,0.8824642655539281,-0.8948084489869964,-1.4757453101818856,1,1.4757453101818618,1,894,2,1,-0.3760915214460236,-0.730496937280409,1.0273934080714082,-1.0273934080714295,0.064830147099417,0.5682684678791846,-0.5682684678791795,-0.9244820220626842,-1.8282632367059677
-1.4859385227031539,1.013576152810197,-1.6987727328152649,1.6671659846211329,0.2721547180655897,-0.21951169995752504,-0.7433168236196731,0,0.74331682361966,0,896,0,1,0.9642858578448769,3.7109432075886284,-0.5253640940507613,0.5253640940507694,-1.3237781837033515,1.3310410161954032,-1.3310410161954234,0.05948599159106566,-0.9848542698303093
-0.45721652121077944,-0.30560667492708105,-0.14857682002948233,0.4654288894722582,-0.8409736734440505,-0.5901414740548596,-0.7007198612358244,2,0.7007198612358126,0,897,2,1,0.9038839477923858,-0.3409398854791154,-0.03033955458071338,0.030339554580714388,-0.25880909101570215,2.0602209898331822,-2.06022098983319,0.90701010589187,0.387267848331684
-0.26589452464398106,-1.4844369727581883,-1.1549474576767873,1.4232573470353087,0.16452842579239188,0.24473942778347,0.24025802896276058,2,-0.24025802896276763,0,898,0,1,0.8701449187567468,0.5714789161992091,-0.67501958075067,0.6750195807506738,-1.3679300691593241,1.207281970816561,-1.2072819708166254,2.2638102739141037,0.4164866894423682
-1.0727926327324615,-0.959996204385109,0.8475562124535275,-1.0655103419308263,1.448189335998658,-1.2911711977828273,-1.7897607428989744,0,1.7897607428989737,1,898,1,0,-1.7390665491308108,-0.6974250378144157,1.4569738159779058,-1.4569738159779022,1.484649950189944,1.9844305691734567,-1.9844305691734878,1.3103799631541098,0.1089449373528207
0.07478479055713325,0.4273202790547018,-1.1273383708375027,-1.1555346031178182,-0.1744248638157805,-1.6518078063956598,-1.5622173844127896,2,1.562217384412814,0,898,1,0,-0.6781942179439238,0.7216187677827803,-0.16305747388171854,0.16305747388173675,1.5098482533618358,2.022932695514844,-2.0229326955148186,0.6156902985128708,-0.8498354375022354
-0.48305206219711877,1.248167393077071,-0.19051528831875936,0.05328903575376707,-1.0725542751151145,1.0362683506511725,0.6961444595648097,0,-0.6961444595648271,0,900,0,2,0.77922631561041,-0.23457931131760773,-1.6203770516222127,1.6203770516221836,-0.2555035433610799,1.3820053131019583,-1.3820053131019712,-0.13422761865206126,0.3066831655818048
-0.7201498497385415,-0.06833012364123955,-0.3055223593982771,-0.3598880614118416,-1.686245238594248,1.4299269185786059,0.8884355804520969,2,-0.8884355804521094,0,900,0,2,0.9183343551964975,-0.24113357501798396,-0.13776039470944063,0.13776039470944412,0.07648063975315822,0.6744258530730884,-0.6744258530730802,-0.5177264778694763,1.174829731279041
0.4749672815973469,1.5833072897189482,1.425777679540603,-1.6037446047571964,0.2782345562742052,-0.8220553572410056,-0.6733697327531863,0,0.6733697327532141,1,900,1,1,-1.3013962860460613,-0.7256721240754922,1.1209828622140328,-1.1209828622140046,1.7046128319083025,1.0812232130693884,-1.0812232130693635,-1.9242791896704208,1.4551413469941832
1.4878427176966864,0.4300882413353567,-1.6150424189772976,-0.6305942188858698,0.6561156084445093,-1.261956811866462,-0.4693766150852779,2,0.46937661508527484,0,903,2,0,-0.8901255671887268,2.7378534443092626,-0.14615777198808028,0.14615777198805827,0.7025421035305723,0.49331553350543517,-0.493315533505436,-1.7221873304588384,0.25222246273926135
-0.9132489711713498,1.2454850696814903,-0.09245102922157646,1.2117925677636092,1.587795503663229,1.1984064656531168,0.7543913639530988,0,-0.7543913639530889,0,904,1,2,-0.2611930469076404,-0.2879719141071168,-0.8779503378820507,0.8779503378820604,-1.3170994100227926,-0.5381661732343103,0.538166173234267,-0.6221647652432696,-0.3877612864030652
-0.9033173837979777,-0.8464954789462891,1.2161668860008092,-1.1521458653198577,0.1317434845611979,-1.6053724368969147,-1.9971048716208148,1,1.9971048716208055,1,904,2,0,-0.8877698077152464,-0.7640438075554004,1.974707547612627,-1.974707547612642,1.626639586267414,0.6610166489693574,-0.6610166489693126,-1.1822924942658986,-1.3526430676544803
-0.7945860010283172,0.1358704163881128,0.500507037004031,0.007662137681679319,0.5284790974446987,-0.20527172763057452,-0.569891651471179,1,0.5698916514711753,0,905,2,1,-0.36049637135329643,-0.5692737584369522,-1.0239430669160448,1.0239430669160492,0.12862701980501007,1.310344190027039,-1.310344190027024,-1.0115034635710791,-0.4124754706163455
-0.18538234600178957,0.736374684443817,0.5529278113203165,-0.33253381951426814,1.4734328039866962,-1.4331473104179195,-1.40622891923469,1,1.4062289192346853,0,907,0,0,-1.249766733569802,-0.5606471755418454,0.600385480813094,-0.6003854808130951,0.6747377067481931,1.6366534319328618,-1.636653431932908,-0.4208117475663286,-0.9963859266416045
0.3978629621997647,-0.06291562146059687,0.817469306453337,0.6515393740722877,-1.3467243638494,1.6542219752472946,1.7412143745897237,2,-1.7412143745897328,1,908,1,2,1.3826209432671357,-0.6588247219529996,-2.258383753020759,2.2583837530207576,-1.0803244351636963,0.6523766659309296,-0.6523766659309698,0.17495545403671714,0.7960505589561941
0.10209712506951521,-1.6525486470210935,0.7070877501202074,-0.5023672332012015,0.24462744519106652,0.10445285151463554,0.08973307009455889,0,-0.08973307009456936,1,908,0,1,-0.5166536991362125,-0.6915903225097437,1.1853345404627869,-1.1853345404627884,0.42811141541026837,0.9483191170813634,-0.9483191170813886,-0.6215607540481365,2.015452769618866
1.1176460891498874,-1.0696848695229286,0.14482765049000348,0.9107933444565394,-0.5067680173574876,-0.8038850772487814,-0.07679163330338752,0,0.07679163330337033,0,908,1,1,0.9804794195256136,-0.5051696730521795,0.11972658862742663,-0.1197265886274315,-0.8289377825145542,0.09328998109468713,-0.09328998109469434,0.3370222881838713,0.7704323845752926
1.3708312087865566,0.8500545044695442,-0.48998670493235075,-1.1729961965100666,0.8646716822874151,-0.7758224038982113,-0.14965098250902006,1,0.14965098250902192,0,909,1,1,-1.4094915929856162,-0.057811321962509016,0.052512135245402956,-0.052512135245389294,1.1366611235855122,-0.09382429220166817,0.09382429220168713,-0.21159254858040127,0.21457980995451256
-0.2227568372391564,0.9833458664390567,-0.4525014661871537,1.7459896227761582,-1.5505802400050261,-0.8753152576359889,-0.7052300153395534,1,0.7052300153395232,1,910,1,1,2.2804141546245473,-0.0781605445678976,0.3989127862799248,-0.3989127862799481,-1.4026857790824194,-0.40594758290517685,0.4059475829051602,0.754231996912271,-1.5980479843101691
-0.9884858762679342,1.0510512613405496,-0.8804706167304751,-1.1440145332397478,0.8657687828214623,-1.1472607248100257,-1.6284200413333785,2,1.6284200413333456,1,912,2,0,-1.3902133422594796,0.36312145170602356,0.6627112011342602,-0.6627112011342624,1.5168592760006407,1.094399103118951,-1.0943991031189393,-0.0801054953443715,-1.2659918701873671
0.7683085168079138,-1.1897964290975305,0.7284197033268621,-1.4804174931217817,1.541275042144968,-0.7592322002879833,-0.4611580825735588,1,0.4611580825735802,1,913,1,1,-2.0903596011771555,-0.6793208449015946,-0.8374014999625092,0.8374014999625486,1.5237245505507777,1.3396861619642328,-1.3396861619642193,-0.5345747250567187,-0.7007360611398782
0.8485769946681755,0.9540841108006809,1.0486573263770274,-1.5749586637577586,0.8904567219313926,1.0810258310535972,1.2122360471618976,2,-1.2122360471619422,1,913,2,2,-1.7052517649858407,-0.6742860048491387,-1.2006030007154251,1.2006030007153783,1.1510506253829293,0.7657400984266977,-0.7657400984267554,-1.6896255917890721,0.921505046097232
0.30145966924314893,-0.6182497984261229,-1.2473173091647338,-0.08404268361041936,0.20323551845818122,-0.13184256441765074,0.020203668569076808,1,-0.02020366856910315,0,913,1,1,-0.198778435682902,0.8797926034518456,0.8556330336699446,-0.855633033669932,0.05446543416615409,0.6901114600063264,-0.6901114600063505,-1.1836231045137842,1.3332367303415082
-1.3119726469521782,1.4386902550013618,0.7250238480530653,-1.3850322096174759,-1.2446703286329657,-1.0870633093008941,-1.7579043470973545,1,1.757904347097346,0,914,2,0,-0.0960817490654633,-0.5814476301833681,1.2762021323096997,-1.2762021323096875,1.7897019623206072,1.1588200052574413,-1.1588200052574782,-2.6385105869791734,0.06752818425693795
-0.3460887004539435,1.1544610354963334,-0.4743487993209442,1.283929725716115,1.586775366339584,1.6196417627009945,1.4148776615075187,1,-1.4148776615075036,1,916,0,2,-0.2106120569353762,-0.05049147684231088,-2.276566867557147,2.276566867557165,-1.5549560941307707,-0.1962236165270862,0.19622361652700965,-1.5103211652599013,0.24157322963066213
-1.0459289131245668,-1.663270912361136,-1.4479815716492972,-0.7895997646633868,-1.0206178330125943,0.07212659047151601,-0.5292223052315072,1,0.5292223052315015,1,918,2,1,0.16051317297056197,1.3832273804643254,1.3953183023532447,-1.3953183023532603,0.870986882126558,-0.16591767876148988,0.16591767876144858,-1.1893198693248517,-0.6511982551704246
0.03856191275424542,-1.3768043670072372,0.3381603923239134,1.1559904496741307,0.3056908432002319,-0.9374942857916317,-0.6960880665447033,0,0.6960880665447318,1,918,1,1,0.5876518775890684,-0.5834870112682161,0.11997133249825864,-0.1199713324982342,-0.8842619750828863,0.6837732391404806,-0.6837732391404636,0.07966638917866364,-0.0650713237074614
0.5167657458460699,1.1431652299579813,-1.0092639299256225,1.4248892172977639,-0.908853874595914,-0.9113753077609005,-0.41110566275763566,0,0.4111056627576307,0,919,1,1,1.614229130835058,0.5698059377882241,-0.20427585250186728,0.20427585250184346,-1.198004860973076,0.8758158900730039,-0.8758158900729778,0.780819639472584,0.17958086231672296
0.45423936313621993,0.4431286034534281,-1.3574555845936227,-0.4012840888249953,-0.2139553721482208,-0.24256234788557857,-0.03795763085469665,2,0.03795763085469399,0,919,0,1,-0.12935160708869517,1.3500830650942646,-0.2675436909891165,0.26754369098911834,0.36746619038942924,0.11000095666104935,-0.11000095666104481,1.2379364861301676,-0.8687199691005045
1.6630481733555509,1.2462235665677523,-0.36275466276941165,-0.4884108118008115,-1.4439028005470254,0.12827525243916682,0.8733272647216865,1,-0.8733272647216549,1,921,0,1,0.6617344804989911,-0.12670617384968494,-0.6537118259247883,0.6537118259248133,0.20124482311796044,0.3511289969294952,-0.3511289969294962,0.4143855175544956,1.0755947867571738
-1.3954455005147002,-1.3309002449080978,-1.0572621366205412,0.2918664819681605,0.1799674737212743,-0.3394146467041949,-0.9524293027367616,2,0.9524293027367685,1,921,0,1,0.07722658002387388,0.41047815501637447,1.310394832382853,-1.3103948323828718,-0.03174002794801908,0.5395640429418129,-0.5395640429418312,0.916908907412244,0.23840652801616058
0.8197150411197923,0.36430870268913235,-1.366239753255723,-0.28714680346934796,-1.2667387937892776,0.9350717191007659,1.204545990699728,2,-1.2045459906997067,1,924,0,2,0.6782599003996579,1.370597348321062,-1.5476218516480214,1.5476218516480325,-0.07740833268065221,-0.3067028386094693,0.3067028386094821,0.24632836295375546,0.7190061406204292
0.189595526302998,0.4264529195792335,-0.05646679799411297,-0.7903480845880219,0.10219557606886566,0.6798323000227732,0.6159062354780241,0,-0.6159062354780395,0,924,1,2,-0.6171745662783882,-0.3479938275891207,0.4226372295716793,-0.4226372295717059,0.5576395625804432,-0.7639850561532188,0.7639850561532721,-0.7830228181397825,0.508149030073006
1.0319572365936873,-0.6535363020640962,-1.178474435783134,0.9568084679235519,-1.3802838142627223,-1.059354393536279,-0.3419373291565767,0,0.34193732915659886,0,925,1,0,1.6169094751835624,0.7127373550436112,0.6875786526864484,-0.6875786526864219,-0.7998392103692069,-0.6286365652871048,0.6286365652871215,-0.15195987236263805,-0.26983401876037055
1.1080416242901354,-0.5676186214914288,1.5614334382121835,-1.607666738167711,-1.7010741072235325,-0.022358608851214126,0.3493287928269218,0,-0.34932879282693474,0,927,1,1,0.06589702621002405,-0.8093934097248611,-0.49582589544013195,0.4958258954401071,1.4235426497013366,-0.3953236079307126,0.3953236079306989,-0.6720429392065088,0.32714401344878874
-0.2768743901237852,-0.47495544422205493,1.5986013725715886,1.7041608070567467,-1.0417935810873071,-0.27518013073641867,-0.19981618588336444,1,0.19981618588334188,1,927,2,1,1.8993306330881539,-0.812002984537491,0.3942956956336497,-0.39429569563365685,-1.4984141575140555,-0.7304283867736167,0.730428386773579,-0.015794134464875126,-0.9582243322029523
-1.5511024872503427,-1.2816625449640555,-0.7631687246226602,1.3514256146614723,-1.4470649146171686,-1.0868808310242772,-1.5836304082948245,1,1.5836304082947923,0,928,2,0,1.935967141412372,0.0344919597697524,0.9932560844983367,-0.9932560844983441,-0.8242253385258567,0.5110211902233314,-0.5110211902233674,0.7455989914428672,-1.3257782879920295
-0.3183974198425822,1.535103432396071,-0.14711399509284104,0.8473141071763833,1.1328981417519144,0.7643090612710831,0.6177383125758341,0,-0.6177383125758501,1,930,0,2,-0.19832639224307894,-0.243499767154659,-1.5794786676978108,1.5794786676978232,-0.9565792589309372,0.5102054486730873,-0.5102054486731115,1.5065691637534806,-0.0058802671381689145
-1.2720882166487666,0.5200185207104134,-0.34635780622495344,0.5527015348248286,0.19005740825031522,1.5782791719336853,0.848905394197238,0,-0.8489053941972254,0,931,2,2,0.25058136636788986,-0.1809979552668758,-0.16565786515597017,0.16565786515599074,-0.7529137924264172,-0.020023268459223212,0.020023268459204116,1.3187933672195555,0.5634419075075066
-1.4004110166039785,0.569829422326319,-1.1987130243103639,1.5322874228741405,-0.8840754173043748,1.1947696515274233,0.5477361304667033,1,-0.5477361304667181,0,931,0,2,1.6713324028323373,0.8984486624502703,0.21634780574296048,-0.21634780574298015,-1.5443153667104712,-0.10836513430204472,0.1083651343019903,2.7778314221929707,1.2200504193214075
0.07017590008287293,-0.8466659921033118,-0.2578609504391783,1.2157205214352915,-1.7197448048714101,1.223261425328828,1.2563499052270137,1,-1.256349905227014,0,931,2,2,2.0308810800592156,-0.31315059053961464,-0.5082746072280305,0.5082746072280411,-1.4531341778038644,-0.7567304165338704,0.7567304165338357,2.550868566127799,1.7433377353911588
-0.8837383045718326,-0.31112908012074336,0.4130671601423975,-1.688506135079449,-0.9117806628526839,-1.1584434687390393,-1.6451925859238576,0,1.6451925859238306,1,932,0,0,-0.536314542768566,-0.5614402093747342,2.0823810533351357,-2.082381053335156,2.0599463786604852,-0.729319547047979,0.729319547047912,1.1383077834180755,-1.282686830988296
-0.9723675910468713,-1.5045852673124875,-1.5680159178924107,1.171086130061154,1.2279735683338657,1.2843147326621247,0.7980134231828585,2,-0.7980134231828698,1,932,0,2,-0.040281480876791356,2.013059315847834,-1.7530216097637457,1.7530216097637579,-1.292639976192647,-0.8095879475289304,0.8095879475289117,1.288754470948019,-0.7154210142234079
-1.1442258911939187,0.12059802298726345,-0.0897328967873881,-0.2486228409357705,0.5186854643280168,-0.8308732617869145,-1.3265219620444297,0,1.3265219620444293,1,933,1,1,-0.5309103722145752,-0.3476693451366186,1.5247991347168286,-1.5247991347168217,0.5737400133637579,0.15903203367728852,-0.1590320336773338,0.916404207648445,-1.3101947771386464
-0.3125225408172044,0.8978306570908514,-1.6876212345239312,1.1635472628603336,1.1355339538214946,0.2847398206736499,0.2256859341340177,0,-0.22568593413405771,1,934,1,1,0.018489542809008008,3.5497672759122763,-1.1136395069433271,1.1136395069432994,-1.1346755621478704,0.3024265047563804,-0.30242650475641375,0.7450622394973488,-0.5437034462150735
-0.7469792709959616,0.35339855788007946,0.1731372097975344,0.9153025757520136,-0.5318521995200134,-0.13458394187845502,-0.38711717783246086,2,0.3871171778324441,1,935,1,1,1.000959408688315,-0.4501395559091846,0.439976904732088,-0.43997690473207157,-0.7505713320044454,1.0341884965042198,-1.0341884965042583,0.6054674579597101,0.602981396676847
1.6999927694349337,-1.4145708392525413,0.13526742727121696,0.13027040753622338,1.1738987114374548,-0.9717224741341411,-0.025822423128070007,1,0.025822423128058127,0,936,2,1,-0.7224621172297421,-0.5177388007464487,-0.25903775456730355,0.2590377545673072,-0.1318704058656546,0.31315577980476106,-0.31315577980481935,1.4505957792880555,-0.22195489556737583
1.5652070935555784,0.03900345856158879,1.6948871523079452,1.7118907544291697,-0.5719167423799444,-0.9930221740057026,0.05744884283812374,0,-0.05744884283813885,0,939,2,1,1.579443483926071,-0.8109862494814631,-0.059527519603187085,0.05952751960318482,-1.572480197607643,0.6428958871162965,-0.6428958871163324,1.7018906985096522,0.7810924965200736
-0.8488158983928882,-1.234894765951572,-0.13186494331329562,-0.8938465726889544,0.09222742983462297,0.32942423016642686,-0.21431886329225797,1,0.21431886329225383,0,939,0,1,-0.6818327691784848,-0.39848149460670446,0.1952491867315512,-0.19524918673154343,0.8846609757505964,0.14768185870026979,-0.14768185870030628,1.4020755004790235,-0.1370928246018546
-1.641894717009923,1.0226304640547024,-0.9792941362723846,1.7714692592355985,-1.2263336123716493,-0.19036621144814247,-0.7822104912817408,1,0.7822104912817388,1,940,1,1,2.0735988613016727,0.5083441213946469,0.4077483302274368,-0.40774833022743545,-1.4048020154182526,0.5964528157460031,-0.5964528157460448,1.684557753937342,-0.3060682112805087
0.045072300047821215,-0.9358365385966941,0.7041324158851967,1.5252479052921426,1.6122796174578178,-0.17099705668929638,0.03119029945236751,0,-0.0311902994523721,1,940,0,1,-0.06142026176130792,-0.6642482506629185,-0.5834699882838068,0.5834699882838053,-1.4025200216113716,0.4101993057754365,-0.41019930577545066,1.9679801867530684,-0.22735691860175175
0.042400378434828065,-0.9487026789131854,-1.5635725465199757,0.409915309223082,0.21753261803616952,-0.2737580398166912,-0.18040154041629458,2,0.18040154041629178,0,940,2,1,0.13284310528606652,2.0922145836015376,0.15206685968596703,-0.15206685968596584,-0.3474163335117919,0.4790264358806706,-0.4790264358807155,2.0979223873439987,-0.07324891869587004
0.38664019399126387,-0.33252692968447917,-0.5406133985335758,-0.3404270258979405,-1.0117712795493379,1.5522856885369416,1.5392955504666865,2,-1.5392955504667039,0,941,0,2,0.4649433189990426,-0.09565300364173562,-1.2338301021376576,1.2338301021376479,-0.11871414296921867,-0.18077327012899883,0.18077327012898683,1.1442747896980954,1.2764743108276344
0.34238735319746577,-1.272628528221735,-0.36434266097206197,-1.5333935200699436,0.538462753773903,0.0017417565503958106,0.005563400812964305,0,-0.005563400813005814,0,942,2,1,-1.4328767071515096,-0.27666046902783714,1.1008375015404057,-1.100837501540424,1.446101820212518,-0.2786769550827235,0.2786769550827055,0.8470974150254259,0.9575269851198723
0.5315766791263551,1.5791336192642995,-1.457468353499482,0.43976661122850236,0.7255892465801317,-1.591639289077545,-1.1163573749512445,1,1.1163573749512428,1,943,2,0,-0.19817622060136833,1.941890333825019,0.8053208013563102,-0.8053208013562821,-0.12393567342460261,-0.12989637307363297,0.1298963730736387,0.22829703078461658,-0.6576954014732795
0.36003976686444056,0.475249005718063,-0.4950533429537853,-1.4734778943613793,-1.3444988509528033,0.026224524083739723,0.04240752173731428,0,-0.04240752173733072,1,944,1,1,-0.08813453433865481,-0.07811404502343425,-0.8313039905109803,0.8313039905109703,1.376946798947217,-0.13489089776215854,0.13489089776215984,-1.1651166414306935,-0.6890818509825982
1.4712737220357714,0.07973061269076569,1.1896801186980404,-1.4167706741156196,-1.1659037812485873,-0.4748256290181661,0.1423597131767604,1,-0.14235971317675372,0,944,0,1,-0.17254471869121013,-0.7300958713269295,-0.07149778648850118,0.07149778648851784,1.2935767736436308,-0.27860197066576664,0.2786019706657942,-2.0139202313829028,-0.8592246942091343
1.5294060205916522,1.111750295120795,-1.1681126395001078,0.18796701443150488,1.4087795055707795,-1.0294169569743024,-0.15439123091663762,2,0.15439123091664275,0,944,1,1,-0.8451471688220785,0.886324434402055,0.21317721036288212,-0.21317721036288334,-0.15050205852396825,0.47552059456064644,-0.47552059456066487,-1.768392120677613,0.2903699511309315
-1.3001239167738712,-0.1628883851563052,-1.4668648195644702,0.19668730041989455,-1.6992674640121268,0.46605813900332915,-0.1963700640365129,0,0.19637006403650548,1,945,1,2,1.312158337507864,1.7065145644028696,0.03035221254228693,-0.030352212542295937,-0.14724572470820535,0.5654324862936526,-0.565432486293668,-0.9644779149884632,0.5094645939991167
1.0820348869689516,0.1738304966969075,1.1713336172962978,1.0670701571623933,-0.668508540217758,0.180266784869562,0.8018128173285147,1,-0.8018128173285239,0,945,1,1,1.2004784706307,-0.7237337076009019,-0.7160700016361008,0.7160700016360999,-1.2014592904828763,-0.28864244765686886,0.2886424476569198,-0.6729896643339938,0.36541824418845537
1.5044032340059696,1.670465442550633,-0.6973669500703956,-0.6233562620814881,-0.6043635315422257,-0.681119188656203,0.0584556324207798,2,-0.0584556324208127,1,947,0,1,-0.0126637780130223,0.18967221469211365,0.5336627795703507,-0.533662779570368,0.5513417070205537,-0.29578794972303024,0.2957879497229903,-0.27796484892684226,0.24358411227563115
-0.3601437450404927,-0.08729840178583348,1.4016547152328316,-1.3095357434492876,-1.5072167665196832,1.6199320898835794,1.1328094934967952,1,-1.1328094934967956,1,947,2,2,0.1378407681447257,-0.771340466687099,-0.7707304554292332,0.770730455429257,0.914406892189705,-0.7367907002155306,0.7367907002155458,-0.22813614549994227,0.8783874643493245
0.2727243700468954,-0.624363201918215,1.5679284132426932,-0.6650448602279794,1.7373160540679629,0.8267317391923702,0.8009918697576686,1,-0.8009918697576699,0,947,0,2,-1.662311773740345,-0.8119302647464837,0.23834113276124838,-0.23834113276124916,0.38782518057647963,-1.16217983507444,1.162179835074393,-0.6245039657420834,0.7217710478270483
-1.3663761066019071,1.2369857618800522,-0.16660689485627045,-1.5716095932170853,0.2114878445746925,0.09558729467676017,-0.7475141692193559,0,0.7475141692193374,0,948,1,1,-1.2329788383395717,-0.2486600171059363,1.1114392753099702,-1.111439275309983,1.6934362971962622,-0.916780147848628,0.9167801478486004,-1.4461759800403975,-0.7345211474491008
-0.850725001839578,0.68878301713223,0.5595974135268076,1.0439039968366315,0.7203707864307436,-0.7711384863243953,-0.9928000509557112,2,0.9928000509556937,1,948,2,1,0.22313017444056774,-0.5644377330412439,0.17624577435401645,-0.17624577435401595,-0.7054214576466393,-0.11771973437980857,0.11771973437973213,-1.456940566964074,-1.240513784810375
1.4120160924515754,-1.1621480516002693,-1.4824478832137744,-1.381046086849439,0.08531295387738051,1.6200292616526044,1.9890720526659997,0,-1.9890720526660253,0,948,2,2,-1.013891549525665,1.6153426771354056,-2.139569521854356,2.1395695218543516,0.7463269750392599,-0.9773364139847828,0.977336413984755,-1.809015225224619,-0.02692565569571141
-1.435207031715583,-0.8895455567105447,0.5870704843987574,1.133470027100707,0.06140279523726375,-0.04944282467232766,-0.6233182819250156,2,0.6233182819250329,1,949,2,1,0.7411687377214876,-0.6335241600033442,1.8748848631483102,-1.8748848631482806,-0.8834043960526725,-0.19541168184222343,0.19541168184220412,-0.6738271922345452,-0.03649585990942707
0.04268565063174101,-1.6983278036798406,-1.244636503405528,-1.5183359612501635,1.7449718603382047,1.706139279051135,1.3840026776257277,2,-1.3840026776257424,0,949,2,2,-2.2575675239947883,0.7424317373103713,-1.4402295897479818,1.4402295897479593,1.047872781243752,-0.4550001788517401,0.45500017885173805,-1.0703247601953598,1.4393027599514399
-0.3786556706891325,-1.226286267849387,-0.6831102416976768,-0.5767980508974315,0.18339060155730183,-1.1551573461908369,-1.2779879064753843,1,1.2779879064753852,1,949,0,0,-0.5257284975730332,-0.037975184643637326,1.9104781055716202,-1.91047810557161,0.8721808446352002,-0.21880407699750992,0.21880407699750523,-0.6080670891185425,-0.36727130620045756
-1.0400637768018173,-1.3376451006276606,0.8129717745892214,-1.625317908728162,0.617120090567131,-1.5300132123704255,-2.0466816554686784,2,2.0466816554686793,0,949,0,0,-1.550876013457812,-0.7034617873501741,0.5518443507636326,-0.551844350763633,2.1087783662440125,0.25044201252516574,-0.2504420125251258,-1.8483706533258206,-2.715936799927886
1.407238907668051,-0.48128324805301814,1.647277707896142,0.3578367075932864,0.8656960877751967,1.6914156391901034,2.235232468195031,0,-2.2352324681950293,1,952,0,2,-0.35179854141051137,-0.8189017956810101,-3.072482384932802,3.0724823849328042,-0.9479549826663274,0.14083784836888327,-0.14083784836890215,-1.04036644686039,0.7095456788182634
0.6601232593541279,-0.05047000023060206,-0.24945768961179207,0.5992535559903842,-0.3359718725432163,0.9801597203668703,1.261199369867564,1,-1.261199369867565,1,953,0,2,0.6468651754800527,-0.27294386070961696,0.699196295806008,-0.6991962958060103,-0.9051416593540674,-0.6982531225269439,0.698253122526927,-1.2886000582341772,1.0147482197144988
1.1192647385676617,-0.5510050192017433,-0.8082263498722888,0.909370284060644,-0.7798123050377678,-0.9101576538055841,-0.17111080885921795,0,0.17111080885922048,0,953,0,1,1.1684867955923464,0.14043349801320576,1.0280568838235808,-1.028056883823579,-0.802609541917932,-0.005831014415240952,0.0058310144152688165,-0.16052123397841003,1.7158646757452167
1.4625678416646373,1.5394861131667175,-1.187945882588625,-0.5447040783491379,-1.3071785785419663,0.016453633708948603,0.6697161804858011,1,-0.6697161804858058,1,957,0,1,0.5281783918372308,0.9824514957035249,-0.6031510855676013,0.6031510855675964,0.30985910467880995,-0.8730560636427869,0.8730560636428327,-0.14560817318783645,0.9397346477660731
-1.4262755441622694,1.0300806796557598,-1.2795748788744392,1.6432742005025154,-0.26412499726735206,-0.5849684092256797,-1.0433180558033741,0,1.043318055803342,0,957,2,1,1.318960521042688,1.1730582961888931,1.2295050526043432,-1.2295050526043636,-1.2242329600759398,-1.3198087572054988,1.3198087572054826,1.3732038950657355,-2.225224402400793
1.4908390218943137,-1.1019640864851412,-1.1728071847263615,-0.49889371815559264,1.6093365108583237,1.6707094136625722,2.1664770587251363,0,-2.1664770587251323,0,958,2,2,-1.4588538277989436,0.6503548261911746,-2.303127549509196,2.3031275495092225,-0.14157718603464362,-1.2891950650325779,1.2891950650325514,0.9751081809530042,0.2902269627157762
-1.0818478876786415,0.11288744645848704,1.151814807156695,-1.064196024866858,1.7492925528302492,1.1008149578672435,0.34325932930597114,1,-0.3432593293059373,1,958,0,2,-1.9465704733132354,-0.7220576632534943,1.3085729569145568,-1.308572956914536,0.895269886448608,-0.8804776411727493,0.8804776411727511,0.20215541905822978,0.7839130798505642
0.31896585702141644,0.4439484553208356,1.5771972163771204,0.3020203322589239,1.3318598411014664,-0.7916773688317782,-0.5198335566404994,0,0.5198335566404818,1,958,2,1,-0.7130509019422362,-0.7828888488295567,0.619585368184154,-0.6195853681841913,-0.15731773110545008,-0.7252070822947521,0.7252070822947673,-0.08006102325790723,-0.3103728580117465
-1.3095088209404597,-0.5372210143575517,-0.3663500670648533,-0.19833433151173427,-1.6264651701954702,-1.5863749599764372,-2.0767991498833878,0,2.0767991498833482,1,959,2,0,0.9886533645789936,-0.23129652812998722,1.1175098690822198,-1.1175098690822363,0.72978053025487,0.49769269417990564,-0.49769269417992557,0.08088611667091039,-1.4801595073492049
-0.0639757675593009,0.9373399352711766,-0.5311353684228274,0.7538819003299602,-0.8283427373752899,-0.15769279187730628,-0.09200757218388554,2,0.09200757218389667,0,959,2,1,1.0945747176363632,-0.01887523223658483,-1.4240624583766224,1.4240624583766595,-0.6836500632586,0.07411691256585774,-0.07411691256580043,-0.3323865443928808,-2.1594194650809193
1.120537005392771,1.5444814571054442,1.62005419480498,0.08283820788316618,1.6455602349088778,-0.1784821418807836,0.39548409575731525,2,-0.3954840957572998,1,960,0,1,-1.0817231003573349,-0.7582828911606851,-0.3495969225206691,0.3495969225206724,-0.2016564201813323,0.862660444292818,-0.8626604442927773,-0.06207399384217313,0.16391752135505774
-1.1268668444040952,-0.9675835275171027,-1.033942366147285,-0.8673175543842976,0.021534475052710195,1.2683147924848452,0.4918938390806056,2,-0.49189383908058276,1,960,2,2,-0.6145598024020129,0.40811809143131716,-0.06895571833732841,0.06895571833733374,0.6651909525830692,0.7964801806074013,-0.7964801806073782,0.029409246328346846,1.3967579547799283
-0.34576699456156496,-0.421801008310007,1.6388038161968614,0.32435348779058126,0.8878030178656885,0.9457581125235165,0.7109782269508331,0,-0.71097822695082,1,962,1,2,-0.3902501029464291,-0.8160825849614726,-0.15698729893787963,0.15698729893787275,-0.5083588614952882,0.2484550382049123,-0.24845503820486503,0.03978676209358248,1.9142597521675484
1.7021728032513408,-0.9023819131603574,0.6378586297268966,-1.4644523242409793,-1.0388762470582504,-1.3302140527301853,-0.5144711250197983,2,0.5144711250198019,1,964,2,0,-0.2934351319200686,-0.6468991230752865,0.8796131234121798,-0.8796131234121871,1.522817813517105,-0.4471793794369851,0.44717937943700214,-0.5485384932233849,-0.1663283560146163
1.230827393192399,-1.115818922165468,0.8194381685530032,-0.8168856369984296,-0.23583353735331025,-1.2210648509130149,-0.577898816006971,1,0.5778988160069475,1,964,0,0,-0.4015509727826933,-0.6969164517100657,0.04574395765071289,-0.04574395765073232,0.9105348380531585,-0.23083385720668279,0.23083385720669863,-1.2784248211558187,-0.9202228731410065
1.5038787144639991,-1.2823168349237486,-0.5681370205255645,0.6531190950782352,0.9816283790598233,-1.2254774470239795,-0.2926097627721645,1,0.2926097627721867,0,966,0,0,-0.22788742921862226,-0.13809926771140998,-0.20449590478461463,0.20449590478464755,-0.5389756636642833,0.07554339708531277,-0.0755433970852716,-1.0134332086140823,-0.8905963064049912
-1.0858362231788679,1.2369899560977722,-1.453300602146814,0.4959602888585575,1.1385434262404042,-1.408540083642633,-1.7351312545917363,2,1.7351312545917652,0,967,2,0,-0.445156263854036,1.8667214680694348,1.0353845433809852,-1.035384543380981,-0.00988338959555533,1.0671375306193283,-1.0671375306193283,-0.3799608231021175,-1.4543686202370187
-0.5457647268330907,-0.30624358763217185,-0.1324286830483666,-1.0048764414031421,0.4577613577409403,1.1728345529467314,0.6752046174155999,2,-0.6752046174156435,0,967,0,2,-1.0116068873652109,-0.3490521600961779,-1.7294339308746505,1.7294339308745992,0.7466801378166873,1.0830659103449483,-1.083065910344938,-0.9976122125923886,0.3784942938021648
1.1920636093278079,-0.07240540203379785,1.0395921459634527,-1.1276004787747669,1.1025207503039312,0.10462830857889012,0.5547402675596242,1,-0.5547402675596186,1,969,1,1,-1.5427358832604336,-0.7065287479841638,0.08667358292857608,-0.08667358292854072,0.8981462413905328,0.6069941555173716,-0.6069941555174089,-0.8410877424198195,1.0040103495954005
1.435193140541917,0.40704198055300367,-1.3342457781068888,-0.3030390718802,0.437039715914554,0.5819791109540525,1.187352893991276,0,-1.1873528939912712,1,970,1,2,-0.5120209943163648,1.265177872118459,-0.4537360247887996,0.45373602478879926,-0.0579175948046906,-0.17899305442405594,0.178993054424088,-0.6023193864269696,1.6313089746172325
-1.5921908591011709,0.13893490040174203,-0.030493173451970557,0.7626806686455089,-1.2898593938804404,1.4822446515421053,0.6293784818776437,2,-0.6293784818776392,1,972,1,2,1.4201030384107716,-0.37473935610851944,0.4006317154458543,-0.40063171544585485,-0.8837152736907816,-0.5895129615323624,0.5895129615323397,-0.5514095651369714,1.6286248855730427
-0.7247137857912573,1.2336401004385915,1.1215531871777173,-0.1258254583118435,0.9966827619534603,-1.2702864467171144,-1.5016290232365055,1,1.5016290232364977,1,977,0,0,-0.7768617659828647,-0.6800350526493377,1.5294435414365606,-1.5294435414365704,0.5055254208750036,-0.6934810054654065,0.6934810054654027,-0.8403338680512178,-1.332645344973548
-1.0855196035585901,0.7689676886230439,-0.3711495807756949,-1.693969756720565,-1.5830932455042686,1.5928286055759002,0.7142007470332677,1,-0.7142007470332521,0,979,0,2,-0.07543402781100077,-0.14962880455537855,-1.589855946885759,1.5898559468857767,1.406896559601188,-0.7108442284794961,0.7108442284794937,-1.160533883373196,-0.7388582058699582
0.020924235710009016,1.2522539187552837,0.6928539898633651,-1.5359105623763551,-1.720333220075484,0.1353282319705528,-0.03202630296263854,1,0.0320263029626339,0,979,0,1,0.12883896054414196,-0.5798140378643595,0.5357222007388844,-0.5357222007388994,1.4590389401742418,-0.44958345924217186,0.4495834592421185,-1.350262751901144,-0.7338425556081891
1.2870499630281687,-1.673669450423098,0.027628112226841594,1.1405739443117289,0.458988366491036,0.7235978943752741,1.3950258416358325,0,-1.3950258416358388,1,980,0,2,0.47088612798009566,-0.4895041629925058,-1.0238274787648267,1.023827478764826,-1.4235219168108735,-0.5420508845814842,0.5420508845814968,-0.6794611353004434,0.9317857440685973
0.620965998443101,0.14795466506049385,-0.3265173293404362,-0.020384609548878545,0.5416520463089048,-1.5539015161841798,-1.0879455108820142,0,1.0879455108819989,0,981,1,0,-0.3890054368151277,-0.21561934261841992,1.782013531882628,-1.7820135318826356,0.29476286050188577,0.22259626799718368,-0.22259626799715554,-1.043326969582195,0.4674777141284305
0.6872849106134793,0.9342027653097662,-0.7680120549733304,0.607112718309,0.3091017820962884,1.3380873829068467,1.5950895931346492,2,-1.5950895931346545,0,981,1,2,0.20580253858114197,0.21221265841522133,-1.9251234681134703,1.9251234681134786,-1.0014056148154675,-1.1562332844511058,1.1562332844511336,-0.7027536246267988,0.21791074044390263
0.14796517929980316,-0.06561777292286332,1.3345850114309978,-0.5177910425238483,0.9904923716862502,-0.2363664286464054,-0.19407840108244112,1,0.19407840108246996,0,984,1,1,-1.0435779733670367,-0.7597868710255067,1.2841387959684354,-1.2841387959684116,0.5201351087495705,-0.751817421584599,0.7518174215846332,-0.1562203265440955,-0.04023045561018393
-0.4378989139433847,-0.5778236729950799,-1.5746954945289569,-1.2981889013835395,-0.2811238549862265,-0.3027915047756081,-0.6218813510061472,0,0.6218813510061163,1,985,0,1,-0.7029707932921917,2.2354854937238304,0.3072204028800923,-0.30722040288013525,1.389385363363632,-0.48918149218391094,0.4891814921838971,-0.045758538858343266,-0.9783323970011287
-0.5899254665249007,1.2159489720252257,1.5995689717856858,-1.494166695679281,0.7106776033581796,-1.5299772691603388,-1.813315999731211,1,1.8133159997311927,1,985,2,0,-1.5249565022923801,-0.7643967956165305,0.8552041014710732,-0.8552041014710646,1.9131934120814915,0.939348863091682,-0.939348863091697,-1.2700397422044347,-1.1424943115191817
0.48487978864402603,0.08270069753759585,0.010496004442438272,1.0245058002288212,-0.2906391637745837,-1.5539516609229211,-1.0433324437386942,2,1.0433324437386853,1,985,0,0,0.9095025562002372,-0.39598810715760663,-0.5523136901447435,0.5523136901447506,-0.6746118104573435,0.9194846703693079,-0.9194846703693199,-0.7845119946794263,-2.1466831344802415
0.17959280844635836,0.7894878318860764,0.977088852253943,-0.7786837260181639,-1.364870771518176,-1.597478876806403,-1.4225596212458915,0,1.4225596212458955,0,986,2,0,0.4063396976745921,-0.6646504202720313,0.27236232735434823,-0.2723623273543393,1.105470176812422,2.263108173555423,-2.2631081735554277,-1.4284480666790538,-0.8969819689948413
1.6124241849575225,0.3626931683832808,1.54381539579793,-0.2885562374197867,-1.5732749020773065,-1.6668142197864606,-0.7340723035283632,1,0.734072303528375,1,987,0,0,0.8894585104253888,-0.7802115028269933,-0.4938318197073666,0.4938318197073727,0.45052385936059414,2.5035431768837797,-2.5035431768838268,-1.321929854304813,0.05010350158568585
-0.8632921927027786,-0.8914364030615668,-0.32008409228182094,0.5065175582439609,0.6619706198931103,1.4471242469364305,0.9260618238413896,2,-0.9260618238413888,0,987,1,2,-0.10799081752307876,-0.2804146366731471,-1.1910875953817828,1.1910875953817752,-0.7317329332528045,1.814313686123188,-1.81431368612321,-0.4833394585204449,1.7987227150932197
0.02394576005640995,0.5855247386860987,0.7153750566138627,0.3285320590926582,-1.3942557691520403,0.2880366319128995,0.303935294638179,0,-0.30393529463821567,0,987,0,1,1.1921965111561563,-0.6105113633194581,0.446667408372622,-0.44666740837264907,-0.40288537481269726,0.8715968893168966,-0.871596889316894,0.3636113915781201,1.5670333470137912
0.41598571914120264,0.9679412431555,-1.7238930629449178,0.09650217728001567,1.7037775445474288,-1.1899098887495958,-0.8502048269430256,2,0.8502048269430318,1,988,2,0,-1.1125718641965157,4.025195271437541,0.8284414710648786,-0.8284414710648483,0.12165854072193215,0.7856058457573918,-0.7856058457574304,-0.06760273818046574,0.6772896582015658
1.2952833821531755,0.6457965069387607,-0.6096145326744915,1.5938099192544695,1.5975257664225098,-1.34572527351136,-0.4018059035249838,0,0.4018059035249749,0,988,2,0,-0.0038051154109707387,0.029347365275900553,-0.3215438875753075,0.3215438875752969,-1.349000448561364,0.3311101145907744,-0.3311101145907608,1.0348205253766078,-0.34745383938884267
1.7216551222359648,0.5498356798712317,1.2651530782884848,1.0911129101460233,-0.03593996023968397,-0.30888029162306785,0.6790609994470461,2,-0.6790609994470422,1,989,0,1,0.7792605568080452,-0.7289415676288125,-0.7754042278680526,0.7754042278680622,-1.19030593053092,-0.29809460210214916,0.2980946021021121,1.6759094350641746,-0.3748291579262945
-1.2080348333820647,0.11727445665125945,0.035277143827783186,0.6801534460363361,-0.657074905811576,1.4349245765370966,0.765573067615753,2,-0.7655730676157952,0,989,2,2,0.9250542970878334,-0.4050944041884457,-0.06185312601809341,0.061853126018060416,-0.8457432323851691,-0.22663617551160875,0.22663617551155124,1.756592577239124,0.7612188398791712
0.9769849500583354,0.9225676986021416,1.254142793253257,1.1325315688347333,0.4581216377570808,-0.1490038338104141,0.46335273484942147,2,-0.4633527348494066,1,990,1,1,0.4659256303006228,-0.7153678319399224,0.21710205507370547,-0.21710205507366462,-1.1699930312042905,-0.2976175932538135,0.2976175932538263,2.1301858912588494,1.1786350681548772
-1.5241479768821646,-1.0657283602134815,0.42745082609943524,1.2648065371951338,0.19683624541735703,-1.3570331320973237,-1.8210803442372132,2,1.8210803442372447,1,990,1,0,0.7382313697161987,-0.596940868635313,1.6395420530827682,-1.6395420530827574,-0.6843355521039025,0.13466961809202135,-0.1346696180919845,2.6730602242847574,-0.9516783651234885
0.27576767965672316,-0.20481438905683907,0.5333300667895665,1.46756223492568,0.789344670791643,0.44934284941822383,0.6917944211709564,2,-0.6917944211709987,0,991,2,2,0.4683019189962494,-0.5922243748993083,-1.8030160544866076,1.8030160544865557,-1.52554205008834,-0.35226143153137796,0.352261431531376,2.614396891528697,-0.7983080881009854
0.8835988445405717,0.7657523776370095,-0.650736843203674,-1.10094723642315,1.2718360726923925,-1.0585405826836742,-0.6320958805523207,2,0.6320958805522932,0,992,0,0,-1.6415019769257282,0.07624438725724307,0.9502545541214414,-0.9502545541214313,1.1998640137879701,0.23153776949432744,-0.2315377694943653,1.5958154063856735,-0.8000840799266925
-0.8279953866164527,-1.4002515298195568,0.4423522018233733,0.1434623051890561,0.9085960040443997,1.5301370189636396,0.978876103333861,2,-0.9788761033338694,0,992,0,2,-0.5297085482661158,-0.6149488784707144,-1.1558087387561495,1.1558087387561637,-0.41475404135785787,0.13656351909901798,-0.13656351909905448,1.3464318937284536,0.6888962332145923
1.713231396997875,-0.9278295829928411,-0.44006938169753385,-0.5844246635798235,-1.0773092410855514,-1.24204822040641,-0.33682662948716885,1,0.3368266294871956,0,995,2,0,0.34160884361673355,-0.20727883725559373,0.9443791376129952,-0.9443791376129705,0.6223603244404756,0.49284740907656266,-0.4928474090765928,0.5486162718005766,1.0110079366789126
-0.5531156817526687,-0.03509900794606518,-0.18261865962266827,1.29011595988534,0.9479772452478774,0.7024199645652858,0.4950688118755049,0,-0.4950688118754999,1,996,2,2,0.23581772777283946,-0.30877289262279917,-0.5967417881207007,0.5967417881206853,-1.3178026533542793,-0.5384296618989084,0.5384296618988534,0.5603767654130594,-0.032187140932966506
0.8808975573214542,0.09865089774565396,0.6354396754821277,1.3280922434341178,0.022583715966705577,-0.539938669721728,0.08798181721417658,1,-0.08798181721417322,0,997,0,1,0.9025976804528846,-0.6081139590290946,0.2923545902084746,-0.2923545902084759,-1.2439935393815449,-0.2695790604670647,0.26957906046707614,0.4955694419056726,0.2958258790115352
-1.210440087686233,-1.4999782428193584,-0.6629905616160584,-0.33456975514244186,-0.579985743849593,0.9226230792542758,0.19886412298244246,0,-0.1988641229824364,1,997,2,2,0.1701268267053948,-0.07573026263441099,-0.07934125931099016,0.07934125931099219,0.24026731822414943,-0.6395681849936227,0.639568184993638,0.8516809812194236,-0.35475784282582434
-0.7927517224712991,1.2976152634549418,1.2313200622420941,0.8643734567839593,-0.28923800296085556,0.43215707319822827,0.09155912173850181,2,-0.09155912173850107,0,998,2,2,0.7978188705086432,-0.6994083587653016,0.07723040693834506,-0.07723040693834893,-0.8319926727146596,-0.2444858322913165,0.24448583229134846,1.186665745481927,0.17271756770204047
1.3898866395754417,1.5361882414799881,0.009641203421107459,-0.8479784015266005,0.109412800320767,1.474405974285117,1.9047904352397482,0,-1.904790435239752,1,998,0,2,-0.6620150725675842,-0.3238155961637075,-1.300950455228856,1.3009504552288536,0.25876026965635235,-1.2425771143917135,1.2425771143916826,1.0642006031668387,0.8764568947936333
1.3138527794882346,-0.6123210795451921,-0.458216004010036,-1.1432178587348165,1.084856398610195,0.6289088058822693,1.0808994321616807,2,-1.0808994321616865,1,999,0,2,-1.541306961047203,-0.17495056699872608,0.591454015334805,-0.5914540153348068,0.7679503840408589,-1.50342114707498,1.5034211470749783,-0.06649317761197697,1.1466799672775336
