SOC (%),Voltage (V),Current (A),Battery Temp (°C),Ambient Temp (°C),Charging Duration (min),Degradation Rate (%),Charging Mode,Efficiency (%),Battery Type,Charging Cycles,EV Model,Optimal Charging Duration Class,temp_diff,voltage_current_ratio,efficiency_drop,degradation_slope,eff_temp_ratio,rolling_efficiency_mean_5,rolling_deg_rate_mean_5,rolling_temp_mean_5,rolling_deg_slope_5,Predicted_SOH
1.1224932426803087,-1.4382452222720077,0.4552579197427247,0.6373288962188941,0.6471905794025827,0.1658625024364731,0.7630151758588138,0,-0.7630151758587947,1,101,0,1,-0.0073190021222093,-0.6201005046284697,0.0002281144048447,-0.0002281144048447,-0.8064439169532485,-0.2423824181890303,0.2423824181890564,0.2453875858752372,-0.0016475057537245,1.1293144
0.5211208259784502,1.2546268083267502,-1.314318169914063,-1.4437194381065064,0.3871543937635663,-0.321118056349281,-0.18627724949716,1,0.1862772494971928,0,101,0,1,-1.2661468597190055,1.3116742813658784,0.6814423373181414,-0.6814423373181319,1.4112577423489947,-0.2423824181890303,0.2423824181890564,0.2453875858752372,-0.0016475057537245,0.5198357
1.043026950981666,1.3254242992984322,0.8287903104814422,0.1007505484963725,0.7243014078080908,0.5752451693636991,1.0330799440682266,2,-1.0330799440682192,1,101,1,2,-0.4316770407956597,-0.6119393551436482,-0.8747851490338754,0.8747851490338576,-0.3901181391121527,-0.2423824181890303,0.2423824181890564,0.2453875858752372,-0.0016475057537245,1.0399839
1.285143181254422,0.6435124054398189,0.0463161503699914,-0.3432261982624124,0.4788513966421789,-1.1159799782212,-0.4072169968805489,1,0.4072169968805545,0,103,2,0,-0.568746475237701,-0.3842793701306443,1.0337882010397743,-1.0337882010397763,0.4132085524724496,-0.2423824181890303,0.2423824181890564,0.2453875858752372,-0.0016475057537245,1.3296872
-1.282187343506042,1.5167037839376458,0.9279862435229496,1.5867555673210196,-0.934301323120211,-0.2398026491758522,-0.6706776950808148,2,0.6706776950808063,0,105,0,1,1.743755651331674,-0.628815362461431,0.1892880605277437,-0.1892880605277539,-1.2722910490772807,-0.2423824181890303,0.2423824181890564,0.2453875858752372,-0.9622753698479588,-1.2584709
0.1168997879922276,-1.1285587254079132,1.5421996389723407,-0.4083070012644112,-1.4827975434081364,-1.6986717000530378,-1.5041937433200012,2,1.5041937433200172,0,106,2,0,0.7440389481778278,-0.8227334394884946,0.5983609678025825,-0.5983609678025654,0.7732935883259279,0.767103765932353,-0.767103765932302,-0.2404865663665956,-1.3514831009184267,0.11480058
-1.333870597027575,1.590096586272841,0.5159072391935746,-0.9487102114703716,-1.0179472344415164,-0.3942176346046295,-1.1031583077744624,2,1.1031583077744709,0,106,0,1,0.048657357724853,-0.5157466761600475,-0.2875557499648802,0.287555749964875,1.1819892708055246,1.17534967259925,-1.1753496725992338,-0.0104713297793708,-1.6718232773666968,-1.330805
-1.1185287330546092,0.3704997235431658,-0.0630872223425487,0.3661226731374167,-1.1382241179080026,1.471256364504883,0.8083064350423436,0,-0.8083064350423205,0,107,0,2,1.0409705337374555,-0.3476786290944889,-1.3714429688399277,1.371442968839939,-0.5725939103511504,1.275431208975828,-1.275431208975816,0.1128387597067624,0.6200092580071034,-1.1567856
1.452630456656033,0.7829162573483396,-0.1400535134648697,-1.239463557556651,0.6266895701801164,0.4076325502333152,0.940602745587357,1,-0.940602745587347,1,108,1,2,-1.2907239316789834,-0.2873700775110148,-0.0947079937690199,0.0947079937690106,0.89971054046969,0.6753076838795771,-0.6753076838795176,-0.3036145852889773,1.7200408013550572,1.4558014
0.2884215123514568,0.6339599082728122,-0.3593462170588122,-0.4116212203127788,-0.9574554110630435,-1.2736337508285247,-1.0411629865481062,0,1.0411629865481062,1,108,0,0,0.3781249292620732,-0.1656599806908344,1.4223473341032389,-1.422347334103247,0.6503686432705024,0.8402681248837163,-0.8402681248837226,-1.2321974982209911,0.922119862389367,0.32530132
0.4902448271666244,0.294211487686804,0.5227943484274374,-1.0166185188856356,0.3725816660630665,-0.7377912432794328,-0.5282670467518371,1,0.528267046751807,0,109,2,1,-0.9607669729384372,-0.5694210333191906,-0.3678270809504724,0.3678270809504511,1.0894723229291057,0.4057318505391405,-0.4057318505391458,-1.514860749965247,-0.2192860720841463,0.4367665
1.7113652123154006,-1.3742893129661773,1.0489486348179018,1.3776339880619806,-0.2508597553591207,-0.8053235945370738,0.2608963474608932,0,-0.2608963474609259,0,109,0,1,1.1261178982639464,-0.751539146305736,-0.5660771820254399,0.5660771820254383,-1.3332240486734812,-0.2016203511915059,0.2016203511914587,-0.4338816840294096,-0.7990867738113633,1.6830117
-0.2219933412712322,-0.0152416496985995,0.3191626501935839,0.1199967249833657,-0.4776037220450814,-1.1821617575588332,-1.1517446065168708,2,1.1517446065168606,1,110,2,0,0.4135443212058343,-0.5189524730465482,1.0139422071498767,-1.013942207149861,0.1811181998541019,0.6711022417239734,-0.6711022417239637,-0.5482486799329488,-0.8982951772070131,-0.22448318
-1.3571454772847498,-1.7026436534730398,-1.5721572041742429,1.369618369153898,-1.5193265118657615,1.358503260969422,0.6978453221900619,1,-0.6978453221900686,0,111,2,2,1.9985622581435332,2.000263066505883,-1.327041473277643,1.327041473277646,-1.4412344986532104,0.779191206503305,-0.779191206503279,0.6641097254365589,0.8862607693023049,-1.3492217
-0.1009543423231925,0.0412352095799742,0.0300259818360927,-1.0740055713807928,1.4054309217205092,0.3432547550653657,0.143419114261366,1,-0.1434191142613607,1,111,1,1,-1.71534425344749,-0.4065441682593916,0.3980855167277256,-0.3980855167277172,0.959845694874762,0.2517500630739966,-0.2517500630740506,0.3563205267221309,0.5521238666776515,-0.0630901
-0.3963010254767575,-1.1021785715624404,-0.8284893755872254,0.6367398383952463,0.2717113965141851,-0.3626670339718452,-0.4495787513399676,0,0.4495787513399309,0,112,1,1,0.2521666811546291,0.1186629751308724,0.4257646186630997,-0.4257646186631301,-0.4822087888937068,0.2167137034345267,-0.2167137034345015,1.1245842140432003,-0.0407735612757197,-0.37158817
0.9613665483585548,-0.9462537109161138,-0.7409515052668455,-1.0540897191991934,-0.5655834093795656,-1.5682852567451162,-1.044682273417884,2,1.044682273417867,1,112,2,0,-0.337310636802457,0.037997720746157,0.4272756421392657,-0.4272756421392521,1.268116025956287,0.7980291565065133,-0.7980291565065152,-0.0053613985697738,-0.291951561897711,0.95786655
0.3177663902964561,-1.615189268713615,-0.295460866899658,-0.8353730343705972,-0.650324441373156,-0.4242975152290601,-0.3129694476585048,2,0.3129694476585118,1,114,1,1,-0.1274375312313347,-0.336414904444687,-0.5248505343670865,0.5248505343671042,0.8555778848395371,0.4245602947315502,-0.4245602947315687,-0.4492917121912044,-1.000038697291939,0.33286726
1.044310863490733,-0.5737739835219839,-1.3374484840761642,-0.4218701201482685,1.167027122687179,1.3456488959829571,1.666566429315955,1,-1.6665664293159272,1,116,1,2,-1.0994501306132685,1.143179529175812,-1.4202909565826294,1.420290956582645,-0.0773237814636134,-0.0067676546417715,0.0067676546417656,-1.2817401324163602,0.9883991127665416,1.0376949
1.6938337509801549,0.524871387484182,-0.8779349617965906,0.7041696520902638,-1.1347517549708113,-1.1483334268433407,-0.1256709339230407,2,0.1256709339230367,0,116,2,0,1.2722892916885704,0.3149509515607617,1.286341381575565,-1.2863413815755889,-0.6297530783936433,0.1130460438792554,-0.1130460438792758,-0.4554779685781818,1.0431940471109546,1.6500508
0.1449799548979011,1.5710140595587387,0.0650204734162416,0.4228749011242394,-0.8516252494916148,-0.70453945323004,-0.5139394889105303,2,0.5139394889105476,1,118,1,1,0.8818351896126487,-0.3477667328239585,0.2788504386778945,-0.2788504386778793,-0.2698750976266161,0.1417029862667957,-0.1417029862667793,-0.5548542862246052,0.3867884898361011,0.14127265
-1.5722163170168548,-0.7132209577941644,-0.4063303831535856,-0.7644003982497682,-0.8439508731424755,-0.7241447135687232,-1.4945508487793504,0,1.494550848779343,0,118,2,1,0.05565334997978,-0.2163265580117427,0.7039168699982206,-0.7039168699982388,1.1114441566439546,0.3420092340307666,-0.3420092340307706,-0.420244759554197,-1.4149618708588196,-1.5599649
0.3307789616101457,-0.8351650234522515,-0.4563831883606833,1.1775192574756097,-0.064987039532043,-1.012220466686125,-0.6181408037881173,0,0.6181408037881096,0,119,0,1,0.8591063411302199,-0.1903371032929957,-0.628685560460121,0.6286855604601211,-0.9240660884388064,0.47788831654337,-0.4778883165433797,0.5150830521714991,-1.848762088552024,0.37553984
1.3868575686155922,-0.5459653714053035,0.6933954576742762,-1.1815300542749414,-0.6350280773537033,0.2905052324586535,0.810042017247083,1,-0.8100420172471001,0,120,2,1,-0.3773545140513292,-0.6471319252311518,-1.0246388545323404,1.0246388545323344,0.8797560362365185,0.8592601226579043,-0.8592601226579091,0.1620929459842006,0.5480501173534765,1.2661959
-1.502890000025077,-0.2648934938145688,-1.6899794629337903,0.2077678812436949,-1.0050887850346022,-1.2058641319022942,-1.7879242855751685,2,1.7879242855751696,0,121,1,0,0.839334255076563,3.288171468711483,1.8645341478890292,-1.8645341478890176,0.2708351854881092,1.599386795064484,-1.5993867950644496,-0.0685693621499497,-0.0773501693920051,-1.4957526
-1.4914655985716692,0.402837790144361,-1.698169749728805,1.153573087533349,1.374719486561417,1.4886651945238432,0.7257305142634954,0,-0.7257305142634956,0,122,0,2,-0.1539619733901113,3.5488437075828574,-1.8035758088195952,1.8035758088195957,-1.258031908318313,1.047417485801497,-1.047417485801531,0.2709631297247754,1.0157328481948211,-1.2994024
1.5765903362010996,-0.8124388348747626,-0.0578807511272684,-1.6342084550858085,0.6151015542854499,0.8234165126415541,1.3306050234191444,2,-1.3306050234191256,1,122,0,2,-1.555625688710471,-0.4105244858282418,-0.4338310940208355,0.4338310940208493,1.176154932556258,-0.2104973877897502,0.2104973877896898,-0.1332093487120351,1.1844473916303568,1.5611247
0.0081117188139199,1.4516022788802692,-1.2501652063261683,-1.1280686425606563,-1.5156566723448026,-0.9721895477670924,-0.9845428074361336,1,0.984542807436166,1,122,0,1,0.2691470472107073,1.1388434860447867,1.6615830229664188,-1.66158302296641,1.323519289736531,-0.0473550512417211,0.0473550512417958,-1.2045436143444306,-0.1480408268269507,-0.00020518512
0.8176635745663654,-0.2713434826474943,1.2672501693585874,1.312120658379573,0.2834438271136598,0.0676212782875203,0.5983329842599288,0,-0.5983329842599131,0,122,2,1,0.7109972668100261,-0.75478100813248,-1.13564685268357,1.1356468526835584,-1.3644296020244908,0.0469094614135372,-0.04690946141354,-0.0458224678015477,0.9508668101070428,0.8549784
1.393376333206995,1.5814771973858912,1.246547178581421,1.3478250064440518,-0.7310374078379714,-1.5037871398687956,-0.5213545539723098,2,0.5213545539723061,1,124,1,0,1.4378696768777277,-0.6934156050286762,0.8037182254489003,-0.8037182254489146,-1.1008784451322815,-0.5170370873422501,0.5170370873423139,0.4839262626573082,-1.0052367538999063,1.3928536
-1.2786633298257897,0.0968787214899545,-0.3932140679597483,1.4150283572802558,-0.5332359082179394,-0.8816797947599059,-1.260732700382018,2,1.2607327003820257,0,124,0,1,1.3474224211076755,-0.1754395415177251,0.5308074132512365,-0.5308074132512287,-0.96574513659906,0.3674456585955188,-0.3674456585954846,0.6054163127246299,-1.4696504473762373,-1.1823847
0.7835486391800764,-1.1044271239734782,0.7732487053404163,-0.6423773479211483,1.6505795540114994,1.416005914173651,1.5789112537996146,2,-1.5789112537996273,1,126,1,2,-1.5866038574371475,-0.6863485739304522,-2.037506305389864,2.037506305389851,0.1535998167109982,0.2568860595748918,-0.2568860595748841,1.0662890692171931,1.0148193505290235,0.80166984
1.1046324384789217,1.2365439577651205,-0.2132813376470247,1.7138103925056298,-0.2945319824243035,-1.4730968578479509,-0.5957944179837051,1,0.5957944179837251,1,127,0,0,1.3887751204614438,-0.2220709919669425,1.5608014369123857,-1.560801436912363,-1.4032065049570035,0.08379388225863,-0.083793882258558,2.3868209773699687,-0.0912268767621083,1.0883716
0.8431337467454771,0.9164250735832667,1.634612974169351,1.674018418707455,0.1762520144796585,-1.4186724670845683,-0.6788492112454559,1,0.6788492112454239,1,128,2,0,1.035403902603525,-0.778075952993536,0.0598284071489648,-0.0598284071490022,-1.34666249305582,0.6524656839888487,-0.6524656839888786,2.5549834973453613,0.1072045989542961,0.8463232
0.2232092597982177,-0.802596511252777,-1.6800069783018898,-0.666995982112321,-0.6547324908522311,1.0259362402782493,0.9546441337426006,2,-0.9546441337425932,1,130,1,2,-0.0079722804448265,3.0509569949409663,-1.171970114420973,1.171970114421002,0.3476331323741361,-0.0047301617160791,0.004730161716041,1.6187594808496932,0.6742649998234278,0.24499321
0.9563176068966468,0.3397971315026625,-0.0328406028321858,-1.4814586701431185,0.1749489878314186,-1.2172624855275378,-0.778891326123376,1,0.7788913261233731,0,130,0,0,-1.1453585586730597,-0.3635349801580203,1.2442167733709095,-1.244216773370918,1.6130634947651856,-0.2192724591362064,0.2192724591362223,0.2728529541934901,-0.9861769048833282,0.9451929
-0.0844495669621514,-1.4352328681383084,1.6147346810287078,-0.358129448302776,1.3179347271279247,1.6787642400745515,1.4208119841451163,2,-1.420811984145129,1,131,2,2,-1.1598332085659808,-0.8412529618655411,-1.5782835655787315,1.5782835655787255,-0.0699756021090194,-0.1488779634699046,0.1488779634698501,0.4049340233170778,1.2217706124443566,-0.081025645
1.5132704112796074,0.7166942430525062,-1.4777334690991464,0.1463852081648947,-1.1505302378876194,-1.2548639301041618,-0.3681147260580384,2,0.3681147260580059,0,132,2,0,0.8975641589721288,1.9039668541355577,1.2839656500571217,-1.2839656500571368,-0.0545330437070872,-0.2502534924119557,0.2502534924119363,-0.3233992181841426,0.3366634137675974,1.5105852
0.1123625132351244,-0.277129430049398,1.567431663668762,0.0389141460959934,1.516405420130985,0.1342714452531976,0.1788748508572749,0,-0.1788748508572892,1,132,2,1,-1.022695507333793,-0.8019706164906626,-0.392292746003678,0.3922927460036913,-0.1025892363576749,-0.6321594487429951,0.6321594487429342,-1.0831808058230423,-0.3564830742083552,0.14492072
0.2277682573045308,1.2155615814777003,-1.662754461958665,0.2633404700573699,-0.3522683099771397,0.9012703225921206,0.944294416236563,0,-0.944294416236534,1,136,2,2,0.4258981243309331,3.353587945721996,-0.5490385609685768,0.5490385609686084,-0.5152884409123516,-0.6275511849241422,0.62755118492414,-0.6508826836128289,0.6840448119487413,0.27214283
1.323700879843796,-0.1061456529912727,-0.8966836066567411,-0.1974223922340711,-1.383972055829182,-1.4917129154125772,-0.7086622285176524,2,0.7086622285176722,0,137,1,0,0.8214390089489697,0.2859315820612901,1.186393247707522,-1.1863932477075292,0.3579113634788835,-0.6588210441578753,0.6588210441579184,-0.0542313640871658,-0.9181725766275088,1.3241568
0.8072129562673446,1.5972663170078236,-0.1447273100321991,1.5741294246711568,-1.6340091138825756,0.8305878585583316,1.3027977236322492,1,-1.3027977236322923,0,137,0,2,2.219338197100317,-0.2415079285186165,-1.4431997394634852,1.4431997394634406,-1.778956618057865,-0.6062746005949307,0.606274600594971,0.8436286310388684,0.7617620748107292,0.8173485
-0.8565699443949315,-1.2689110364597789,0.42122545991695,-0.5662447037988535,1.6448857771335128,-1.533861576443349,-1.8481888228964904,0,1.848188822896488,1,138,0,0,-1.5300255071736186,-0.6035418770130366,2.261382627355806,-2.2613826273557778,1.017814004752928,0.0527358415373095,-0.0527358415373241,0.5124918986725379,-1.1511764140539786,-0.86752105
1.520971779843097,0.5285280016918439,0.8773810434193234,-0.2065374225878557,-1.452031539633066,-0.540525413937082,0.2364294261499024,2,-0.2364294261499009,0,138,1,1,0.8622452552408403,-0.6515665389224544,-1.4956982857899963,1.49569828579,0.1101396045237012,0.0271093771655001,-0.0271093771654722,0.39843826572274,-0.79646355540879,1.5358351
-0.4688644681582763,0.5519566393718642,-0.0346961999549312,-0.9748456555004223,0.4046604624961635,-0.5697553833275262,-0.8411672256880932,1,0.8411672256880744,1,140,2,1,-0.954089414454152,-0.351967109541022,0.7735137176482252,-0.7735137176482403,1.1351993846748116,0.8220951610315778,-0.8220951610315709,-0.1769079284170755,-0.4157745429530766,-0.58886415
-1.4539747478904674,0.75835679738741,-1.1261669382496091,1.1987905755416424,1.3721994521584446,0.3049202403204807,-0.3088960931748917,0,0.308896093174881,1,140,0,1,-0.1209547921592601,0.7543751242849029,-0.3817307596251285,0.3817307596251344,-1.0247129735538103,0.6440972768955595,-0.644097276895566,0.4718683747873663,-0.6910511903737422,-1.4249958
-1.2658621575095947,-1.4983831860147907,-1.728816540680827,-0.9487305109439036,0.8971177294516662,-1.5868088127805955,-2.135619728082589,0,2.1356197280825726,1,141,1,0,-1.2768945738138375,3.4191381958150853,1.3110888019999718,-1.311088801999977,1.4660371316972642,2.1750699558514737,-2.1750699558514657,-0.7004253800389145,-0.3500833055596468,-1.2687
0.4164382960077392,0.6519672285395907,1.5867228072663588,-0.7145784385617472,-0.2888420857687193,0.5828156285857758,0.6478336878565747,0,-0.6478336878565644,1,143,0,2,-0.2941262515410451,-0.7784072308494046,-1.9971838580369308,1.997183858036951,0.476763908002683,1.0637033682615624,-1.0637033682615742,-0.7693514065843408,-0.1483530099879136,0.45069593
-0.3897143623957518,0.4809464446514941,-1.6634825704001843,-1.415320875089589,0.0951338879023898,1.0707235899835437,0.6164296656036369,1,-0.616429665603641,0,143,0,2,-1.044386476391013,3.189466143909855,0.0227637062245674,-0.0227637062245778,1.160559409186997,0.894506348769263,-0.8945063487693001,-1.331035102258734,1.2027196102718527,-0.41108397
1.6315497630201483,-1.624726111516657,1.132306894594697,-0.2738537827229966,-1.303458825277617,1.2658763475875314,1.8972372267537945,2,-1.897237226753832,0,145,0,2,0.7128668202989478,-0.7745218369511337,-0.918882060885146,0.918882060885122,-0.2779111360691546,-0.3247820184791509,0.3247820184790786,-1.0053062010858644,2.2268227875903266,1.5808039
-0.2735480205082597,-0.3793105716430172,1.2211302424169042,0.8139548591246927,1.6437128056370345,-0.455513197503215,-0.4538839381888047,0,0.4538839381888175,0,145,0,1,-0.5749578527361932,-0.7501999168806854,1.6873975624817117,-1.687397562481676,-0.6415385938569425,-0.2602254506352881,0.2602254506352628,-1.1841272686453306,1.433193604097548,-0.28633904
1.5086094604851072,1.1021158561767153,-0.5387701786795289,1.766333432035457,1.2141636747968014,-0.4373667037250216,0.5321361900049939,2,-0.5321361900049995,1,146,2,1,0.3808250777125646,-0.001528854479889,-0.7073419846113081,0.7073419846112955,-1.7439355334670354,-1.4480572023261986,1.448057202326163,0.0774776501916551,-0.4065457446064927,1.492764
-1.6115072102968782,0.4426530049901092,-1.0165253650638286,1.6334883561584097,1.0703496792559246,-0.4833831344755975,-1.0438728398820225,2,1.0438728398820554,0,146,2,1,0.3885201457273707,0.5153864414213792,1.1311754789076691,-1.1311754789076425,-1.2154924149401518,-0.694816355003365,0.6948163550033745,1.1685505236820848,-1.4591427756158055,-1.6348785
-1.2694294737846106,1.4919492410988977,0.940375288403174,-0.140112984634879,0.8373700254676864,-1.5983503264057353,-2.06178001660624,0,2.061780016606242,0,146,0,0,-0.6764695675518356,-0.6325161032921489,0.7306804259041201,-0.7306804259041428,0.670699558912919,0.4976699877859487,-0.4976699877859671,1.7610995689071396,-2.648079808207241,-1.2690958
-1.6616763628672149,-0.7991632396719719,-0.7234652113372779,-0.1786804604529852,-1.423511857865125,1.283753539306071,0.3181630540857605,2,-0.318163054085778,1,147,2,2,0.8617649918315788,0.0318546993076719,-1.7076239933072497,1.7076239933072366,0.0619697293183079,1.20076071203585,-1.2007607120358588,1.8053236218353912,-0.3281961426653617,-1.4947824
-1.313937631152142,-0.1672024018633742,0.6968853641211034,-0.9291431680815038,0.5902516878679872,1.5980003770237508,0.6887278214424609,1,-0.6887278214424835,1,147,0,2,-1.0509506407393134,-0.6338506637408584,-0.2656899349668028,0.2656899349667994,0.6702909509395094,0.6920070742898867,-0.6920070742898771,0.9953607291289992,0.519431702419949,-1.1625824
-0.8434050823921253,0.4503045763511568,-0.1157811483284095,1.39858911210472,0.8236623154616601,-1.5259380090374974,-1.6259882711017808,2,1.6259882711017883,0,148,0,0,0.3968611940900116,-0.3175250956884185,1.661273206654619,-1.6612732066545983,-0.8550280275983321,1.6529228543366368,-1.65292285433662,0.8244814965795569,0.4917661153944558,-0.8277255
0.3712506055506405,0.7711432689198584,-0.8703423105240531,0.4697080518964072,-1.1867637653101957,-0.5482096809830271,-0.2589937014302077,0,0.2589937014301765,1,150,1,1,1.1461857659266883,0.3256709615448946,-0.980730037827682,0.9807300378276546,-0.3810153678914927,1.3034514669537267,-1.3034514669537731,0.2837093500895595,0.515139861798619,0.41260967
1.6978060098536607,0.6355508018053025,-0.8366496207639647,1.096711467470033,-1.092605583409304,-0.5211626071411418,0.4783522552032271,2,-0.4783522552032294,0,150,0,1,1.5145166231619354,0.2707482940147574,-0.5288928808226547,0.5288928808226757,-1.1421526373573745,0.172444786210307,-0.1724447862102892,0.8584228173536641,-0.1967834407863765,1.6630566
0.9289801394538584,0.0293747873394401,1.116245993609562,1.7472009307559273,0.184268315158267,-1.4180449895501217,-0.6286725841689352,1,0.6286725841689347,1,151,1,0,1.0804529478879847,-0.7180572195672715,0.794631446355827,-0.7946314463558263,-1.4237653481648271,0.5940281203998862,-0.5940281203999045,1.7533193970561536,-0.1666479023307883,0.8934536
-0.2448224964965307,1.682385554113238,1.4407823363063463,-0.9041501410584316,-0.1526335878201669,-1.569291333930804,-1.6175654169945797,2,1.617565416994598,1,152,0,0,-0.519472713185142,-0.7253069749466119,0.7098596722519883,-0.7098596722519751,1.2802699542413334,1.6209167944167642,-1.6209167944167515,1.7649328715418862,-0.1113967468888674,-0.32387805
1.6427130382751185,-0.5320936044684053,-0.6987607504882052,-0.77463219626951,1.3833256745157845,0.5118242431886211,1.1757231041923029,2,-1.1757231041923204,0,154,1,2,-1.4930601411193645,0.0278299130404292,-2.0042415500606774,2.0042415500606525,0.3891707656464938,0.373440701088984,-0.3734407010889967,0.7551052026739353,0.2389556842122317,1.6214494
0.5537998226138641,-1.1758288611832566,-1.6673016022659133,-1.086523725398112,0.1752543971426353,-0.5958964854428794,-0.3779287036984507,2,0.3779287036984333,1,155,1,1,-0.8725159975015062,2.837679012118333,1.1151318898070832,-1.115131889807084,1.1157487827073196,0.4263971095534561,-0.4263971095534262,0.031973185779069,0.0269175140828989,0.50232184
1.194013605163884,0.8812218941280665,0.4757168547739193,-0.1133106316081637,1.255248019809925,1.6872929119274451,2.0775750941804945,0,-2.077575094180492,1,155,1,2,-0.9471785543682884,-0.5317892238515782,-1.7618465286172604,1.7618465286172758,-0.4752899051927877,-0.2856649097966532,0.2856649097966117,-0.5302860700465346,2.0675072657524747,1.3988222
-0.4113063329677058,1.156559279758336,1.697015072770374,0.7196004599387565,-0.139261683803511,1.4235095059792724,1.1478983270839769,0,-1.1478983270839709,1,156,0,2,0.593916190596337,-0.7805307166989257,0.6673661000689665,-0.6673661000689646,-0.9831639975675256,-1.0766920510762277,1.0766920510762468,-1.0077797261110475,1.9992773422794785,-0.432645
1.1656611169733566,-1.5382514635407387,0.4958303775833733,-0.5252496995126139,0.3556215753090901,-1.073038500727521,-0.4464192436668363,2,0.4464192436668616,0,158,0,0,-0.6093004763783675,-0.6351827453915049,1.144313725989455,-1.144313725989442,0.596061871355151,-1.5981507801593704,1.5981507801593915,-0.8317165943237508,-0.5361761109616656,1.2055849
0.8894236080439735,1.0578196629309131,-0.9018272657569084,-1.3061697359944726,-0.3924030972596758,1.59585177716749,1.720704539026174,2,-1.720704539026166,0,158,0,2,-0.6314652403197876,0.3936140679390538,-1.5549044286896043,1.5549044286895928,0.7482932091710974,-1.8408065073901667,1.8408065073901627,-1.0787053904430994,0.5188260825347197,0.8631979
-0.5534138582068783,-1.3179784722877843,-1.5950559062052565,0.5726181652377293,-1.6398856289618158,-0.6325243535526889,-0.7740920350785657,2,0.7740920350785901,1,158,1,1,1.5309711331762677,2.225924569429992,1.7904993355390613,-1.7904993355390506,-0.3371488698083479,-1.6644127898545813,1.6644127898546086,-0.3077542768653722,-1.597505266275754,-0.28045827
-1.3601564305742844,-1.5054822634397995,-0.8333729742605239,-0.6376173419373237,0.9047683836679028,-0.5753048524436112,-1.2447317102015916,2,1.2447317102015942,0,159,2,1,-1.0670896350754202,0.0911429446545899,0.3379601261617647,-0.3379601261617805,0.9212666694602012,-0.1851389611106666,0.1851389611106502,-0.5513831337256082,-1.592032261305834,-1.3677256
0.1681067068413134,-1.2926226584048397,1.3079963620355506,-0.9637588904946764,0.7695824556899193,-0.749164518199275,-0.689828502551437,2,0.6898285025514042,0,159,0,1,-1.1990097906515615,-0.792942002995046,-0.3979715839123157,0.3979715839122905,1.0828259307390284,0.6331181606803568,-0.6331181606803296,-1.3335873400643292,-1.0754760690510523,0.16974476
1.1379816413786337,0.0910317048835409,-0.2177267956555507,-0.0885834780472517,-1.640090674106252,-0.6076962138349312,0.0022659174149836,2,-0.0022659174149876,1,160,0,1,1.0739650498635018,-0.2828435897585058,-0.496420283798937,0.496420283798958,0.0635479904340346,0.433338834081508,-0.4333388340815177,-1.1306822650972417,-1.0444825823139865,1.164541
1.046387893721662,-0.0278353890340223,-1.4851315161434944,1.0518152432537131,-0.3570799905637533,-0.5377536189825829,0.141250099618115,1,-0.1412500996181241,1,160,0,1,0.9743719331793448,1.817654511831634,-0.099507224409478,0.0995072244094744,-1.0129281862262898,1.136598874011641,-1.1365988740116222,-0.0350007228427322,0.955669654424239,1.0705705
-0.7249060011516797,-0.6288295352032965,-1.54226932847453,0.2811366357526527,1.0091234760060412,-0.6324023477550531,-0.8885313718923137,1,0.8885313718922985,1,161,2,1,-0.504103371527133,2.0230076607547427,0.7392014445906601,-0.7392014445906648,-0.0390071835913655,1.1875535648017543,-1.1875535648018012,-0.170443032516281,0.4784538333087997,-0.59854275
0.7308482741880029,0.5930992537441386,-0.4589999140297714,0.9371187777749024,1.4242960025706743,0.2504390374125949,0.6795374498691488,0,-0.6795374498691285,0,162,2,1,-0.3379313048209728,-0.0979762563154891,-1.1250213401983606,1.1250213401983866,-1.053328976237485,0.330763034740816,-0.3307630347408082,0.5612873709743715,0.5731550818873633,0.73848027
0.5812759416641259,1.4731051923077216,1.500364367548381,0.1577768050471853,0.4824105108509052,1.5321558157226347,1.669095837461079,2,-1.6690958374611191,0,163,1,2,-0.2248216459901608,-0.7413714338597027,-0.7098810469297383,0.7098810469296953,-0.6138132360871854,-0.7195599021911856,0.7195599021911524,1.0824297749334468,1.2027269593979772,0.579325
0.0961436289493382,-0.1773609398737176,-0.2031664580076828,-1.6492317037328297,-0.372666182528386,-1.53556104591698,-1.5003780396916229,2,1.5003780396916242,1,164,2,0,-0.8823159226657323,-0.3055765993061105,2.2746491743421275,-2.274649174342099,1.9803417483415569,-0.0505001161604813,0.0505001161604973,0.3572455732167999,-0.2273554194296863,0.10841415
-0.8167171173704272,-0.5451515082306407,0.1321315682605996,1.5030468897950136,-1.254171842021963,-1.28818178155023,-1.3894441711252936,2,1.3894441711252778,1,164,2,0,1.9072830028761385,-0.4760010321581639,-0.0793782608823598,0.0793782608823476,-1.0098450167814763,0.6310492132188148,-0.6310492132188448,0.5669187436345569,-0.9913324195099256,-0.69131637
1.3001752620683715,-1.4547327938722965,0.2157430918818084,-0.8294750985687271,0.9604793531183357,-1.4820810830881928,-0.7786590453306622,1,0.7786590453306323,1,166,2,0,-1.2382992071495886,-0.5476714328939096,-0.4380725648396673,0.4380725648396573,0.9777339115971944,0.5821280067331919,-0.5821280067331926,0.0508523612714286,-1.860158580728676,1.3034178
-1.3909654410618388,-1.257914389318516,1.5789475070739625,0.7579009444969693,-1.469897498110414,0.3379280467033557,-0.2955225308252233,0,0.2955225308252573,0,166,1,1,1.5414141745887089,-0.8314682770688762,-0.3464716553382845,0.3464716553383306,-0.6330722755275385,1.0162783714720156,-1.0162783714720218,-0.0324245356102816,-0.9993502830217996,-1.2005143
1.295732547285775,-0.3427888471237419,-1.5934604696054655,0.619479595529393,-1.1698909928071597,1.2449688092374158,1.8097641630095649,0,-1.8097641630095564,0,166,0,2,1.2380575533016904,2.412144312868685,-1.5105300048465282,1.5105300048465102,-1.0698511738834062,0.953645091414143,-0.9536450914141286,0.1821142464391463,2.3978668273793526,1.3037294
0.9071528555988376,1.139705897176552,-1.464720945169459,-1.4252080787223205,1.5266348770200329,-0.7727572182739287,-0.3997043067025554,0,0.399704306702534,1,166,1,1,-2.0420549939060746,1.9074115925151665,1.5857472931573005,-1.5857472931573229,1.4523417297844614,0.463564571141547,-0.4635645711415669,0.2862109871364603,1.4192049455810405,0.8885813
-0.397223392448486,0.5669863035610134,0.893185346200996,-0.9734345409507886,-0.939935160165923,-1.2616714268287177,-1.4243413772360591,1,1.4243413772360491,0,167,1,0,-0.0224338924910698,-0.6537996390921793,0.7355098117278734,-0.7355098117278658,1.2943400687613091,0.4791027278306941,-0.4791027278307243,-0.8645321334873859,-0.4357341330418333,-0.41684547
-1.0559508742716814,-1.171750723954912,0.8824271748583924,0.6476355037772643,-1.2055769960277427,-0.9183371939766908,-1.2664464508693716,1,1.266446450869382,1,168,2,1,1.2822248040504534,-0.7122162229380491,-0.1130776138342547,0.1130776138342696,-0.2740863778583742,0.6962925256099497,-0.696292525609962,-0.178165240948926,-1.6116348784216965,-1.0509744
-0.8664898691002824,-0.9801534212338352,-0.6803270991323047,-1.3020040947082496,1.1370780215942542,0.3796810997850071,-0.2213820549838339,2,0.2213820549838666,0,168,1,2,-1.6872360263111297,-0.0224713263634516,-0.7497122741646054,0.7497122741646218,1.2821892946741231,0.6632811055273916,-0.6632811055273453,-1.1353383994369095,-1.5348304481741095,-0.8851671
-0.6614404823595059,-0.4957540013106989,0.2053740068837649,-1.5719337598887673,0.7709993855067699,-1.4220634329694872,-1.7600101790980325,0,1.760010179098026,1,169,2,0,-1.6204763802108857,-0.5007976232458305,1.1043508630172298,-1.1043508630172585,1.975674808425791,2.2527411011654146,-2.2527411011654057,-2.1536193410514155,-0.4737153658836162,-0.6880812
1.1816995691309224,1.0647367261039244,1.6407983502397547,0.0025168203327369,-0.3676012850284711,1.6820262840716207,2.079170387451134,2,-2.0791703874511454,0,169,2,2,0.2561802628041664,-0.7748461081676368,-2.754775861619589,2.754775861619587,-0.5822311822453856,1.1490096652364434,-1.1490096652364332,-1.4902004333488827,2.0243730670104987,1.1947694
1.5410519244391483,-0.7882021051748662,0.1086355089378525,1.1575360748477868,0.2703571092246206,1.2276508738758496,1.971013911239528,1,-1.9710139112395275,1,171,2,2,0.6131772247329151,-0.4784222241481108,0.0778414271497647,-0.0778414271497563,-1.590768246032364,-0.3627893687674275,0.3627893687674388,-0.5000053339883814,2.727975415731337,1.4228617
-1.268854504921402,-1.4309255240507754,-1.5634239333302802,0.9436155365092258,0.7358222253706519,0.3386332804859995,-0.2156475441238186,0,0.215647544123829,1,171,1,1,0.1430968449237873,1.9991289962014915,1.569380932127169,-1.5693809321271628,-0.8215201563933114,-0.8306628715912241,0.8306628715911996,-0.3624727111793516,1.1624600914288554,-1.266087
-0.6024172580133582,1.2901100071933689,-1.18559976542603,1.4813320998964536,0.1885113178531579,0.2506228029949909,0.0876585022340923,0,-0.0876585022341081,0,172,1,1,0.8936971245524115,0.9483750526858468,-0.2174249366001125,0.2174249366000939,-1.3788238692545125,-0.968264735365532,0.9682647353654736,0.9308561781715978,0.4339859773060532,-0.4872424
0.7250570661181063,-1.2481751361101792,0.4533054736011898,-0.5474028517895356,-1.2812145710701883,1.52727770101142,1.6599138065647483,2,-1.659913806564742,0,173,2,2,0.5083411517073513,-0.6117945911476094,-1.1280255688153251,1.1280255688153418,0.0420939848294664,-2.4910031054678194,2.4910031054678106,1.4069235048733528,-0.8482884445351363,0.7204875
0.3969916169014216,-1.3701384322041523,0.9076903449168784,1.1128094034856866,0.083623915844665,0.5227172708460286,0.7787603890473931,2,-0.7787603890474123,0,173,1,2,0.7115035486633673,-0.7242795357995853,0.6325456432804871,-0.632545643280506,-1.235940132270304,-1.9119890075710653,1.911989007571032,1.9228415877148493,-0.1599557593282514,0.39920893
-0.8585690731282902,1.1299540213467811,-1.1311928732318812,-0.8451013287558347,-1.7235170466278098,-1.0263600185965729,-1.4253190747065216,1,1.4253190747065156,1,173,2,1,0.6086610799496155,0.804776130255269,1.5818801312501694,-1.581880131250161,1.1703141393981558,-0.3997546488468811,0.3997546488468248,0.9922789003916268,-0.5392192849362197,-0.8751908
0.8278925581457219,1.2529921142585645,1.3900474712706063,-0.8378224089017867,0.9281014870223778,1.2319069050099056,1.4152682384616389,2,-1.415268238461635,1,175,0,2,-1.2216596773442951,-0.7293785161201655,-2.0381832617646864,2.038183261764695,0.3835070538316468,-1.1259281108768793,1.1259281108768764,0.1645006521684441,-0.1354037642436914,0.82351416
-0.8876353341318441,0.6227422756051433,-0.5880346942268219,0.0420897679431443,-1.0116900959825148,-1.0178441278832489,-1.3376400441417564,1,1.3376400441417848,1,176,2,1,0.7293552993559214,0.0084935098036111,1.9757208355039475,-1.9757208355039309,0.3038531225694266,-0.4913067583215806,0.4913067583215874,-0.5042700447744064,-1.6684473130467918,-0.91008615
-0.3668535361978093,1.459014304469827,0.6615168154253069,1.320201406213595,0.8890394451269958,0.4292766891839832,0.3449910997900752,2,-0.344991099790075,1,176,0,2,0.2974130843249682,-0.5635118406656806,-1.2072315013541377,1.207231501354118,-1.3047697830686056,0.0941691960325483,-0.094169196032579,0.3635469819406662,-0.2442238839383459,-0.37077174
-1.0910507082931051,0.5802234258877966,0.7122016360072382,-0.639640818885751,-0.0176404360772602,-0.3773556278809776,-0.936909210578357,2,0.9369092105783464,0,176,2,1,-0.4300310116745942,-0.6098982636010548,0.920122448811302,-0.9201224488113104,0.8390237565198224,0.8580797217403991,-0.8580797217403408,-0.4507615820538379,-0.0307175609869256,-1.1414696
-0.9769890410350618,0.7740414976461478,1.2855088000640629,1.1667576823798742,-1.4425281876397082,-0.8740555300258499,-1.1332518750966716,0,1.1332518750966298,0,176,0,1,1.805149478061767,-0.7256343302291546,0.1411240196728042,-0.1411240196728266,-0.7783110176340129,0.7280353308828748,-0.7280353308829046,0.4840860965868636,-1.462440960828252,-0.9185158
0.1095467963416831,-1.0507571157239504,-1.7029005589489838,-1.4800633686872178,-0.6899289556085023,-1.2594044073394024,-1.229123931840575,2,1.2291239318405818,1,179,1,0,-0.5457569946362852,3.2327421201353723,0.0690261021370647,-0.0690261021370298,1.736824754316508,1.9054642562620836,-1.9054642562620736,0.1856568989839691,-0.3939488332629687,0.11216421
0.4272411262434932,-0.8150281970886124,0.9344130737665424,-0.9989963212402028,-1.321951260060048,-1.0187500755403316,-0.8081470826003314,1,0.8081470826003331,0,179,0,1,0.2243105223749684,-0.7105077393301041,-0.3018657499933066,0.301865749993303,1.1494927179151522,1.669704849731884,-1.6697048497318745,-0.2981031002760049,-0.8099117092944588,0.43458453
0.8384308942141707,0.5126606998233032,-0.6317407907737851,-1.59491853239187,1.339285151788867,0.5183634265113356,0.7024189161486178,2,-0.7024189161486252,0,179,2,2,-2.02971442937012,0.0402607945838031,-1.0837571945594968,1.0837571945594908,1.3126252718966611,1.510558315249616,-1.510558315249598,-1.6526677553937346,1.119307292668044,0.85106325
1.734230981512419,0.7161028459332625,-0.7152004000618299,-0.5731565768331014,-0.8624945462046006,0.6683231176769385,1.381566003208038,2,-1.3815660032080308,1,179,0,2,0.2007126109415963,0.1374837833318231,-0.4871292507205631,0.4871292507205737,0.1423146236792914,0.4782455553858069,-0.4782455553858546,-1.6217746167567373,2.163636612699285,1.7131038
0.916430033350927,0.7265502666522313,-1.5243961774106036,0.8796284328983086,-1.262532111985587,-0.6296739297016624,-0.0225154025143053,1,0.0225154025143125,0,180,1,1,1.4820445738191097,2.162751417657173,1.0077998574822975,-1.0077998574822982,-0.815375768076261,-0.0163154503452708,0.0163154503452443,-1.7551945586423072,1.4301002062739148,1.0050642
1.2723979198992492,-1.2850421089788056,-0.7569288946322793,0.5859510490689671,0.3570760865581914,1.0886605326218648,1.655164196104027,1,-1.6551641961040686,1,180,2,2,0.1579655201695872,0.0279408402753918,-1.2036782621173698,1.2036782621173354,-0.9984188280562452,-1.3005592584721215,1.3005592584720815,-0.795182563871715,1.3052933631441006,1.2600043
-1.100449012909693,-1.079119027896871,0.4376569935207462,-1.2193340453819588,-1.030722830001825,-0.7968210403951905,-1.3778667636373385,1,1.3778667636373432,1,181,0,1,-0.1296063747508943,-0.6004305344783291,2.176737452438808,-2.176737452438776,1.5213732542406275,-1.0468887025900104,1.0468887025900075,-0.8975665822302449,-1.2106958213789611,-1.1074373
-1.0508946291817045,1.4320833613935748,-0.3142893805150938,-0.5459306128272314,-0.8172464609470436,-0.9919337676219854,-1.4565223643706886,0,1.456522364370649,1,181,0,1,0.1882172931118654,-0.1483468120228926,0.0566715374219666,-0.0566715374219981,0.8914412123984501,-0.0856092295881036,0.0856092295880653,-0.4101348506331294,-2.1888139297374942,-1.0707453
-1.3304305240122989,1.6611918243480082,0.3626022210359084,0.2122778057832552,1.1702008788006395,0.414531949873432,-0.255525666101643,1,0.2555256661016257,0,183,1,2,-0.6632035420272676,-0.4622156172964711,-0.8616096193429666,0.861609619342983,-0.1457039383394096,0.6433140770946061,-0.6433140770946185,-0.0451681679534145,-1.114498184839365,-1.3462231
0.1213516780579055,0.3303284438772355,0.1448779942166571,-0.9348791635701568,-0.1718125044558583,1.6936487800546154,1.4731594542451465,1,-1.473159454245157,0,183,1,2,-0.5274434985984662,-0.4401781655025758,-1.2402799308133678,1.2402799308133732,0.4600489857269815,-0.0226426819249083,0.0226426819248526,-0.8883128441188134,0.23423257909801,0.13871169
-1.6102720362461211,0.1127907163139683,-0.7033846625764228,-0.8808516196445807,1.5755045523688105,0.2570688220907763,-0.6487324217523868,2,0.6487324217523935,1,184,2,1,-1.6995183442615536,0.0802735730884616,1.5229021469840631,-1.5229021469840518,0.9915191036989176,1.003178884714114,-1.0031788847141698,-1.5698899637285904,1.3632304948045724,-1.2947423
0.7001576684968523,-1.1919759395916527,1.024331264497074,-0.9752154490064676,0.2771790801450722,0.1506686843985277,0.3723039378280758,0,-0.3723039378280729,0,185,0,1,-0.8661071374962811,-0.7408977357878503,-0.7324697052338165,0.7324697052338142,0.8015633883224507,0.2239065697378762,-0.2239065697378993,-1.4564557211343092,1.0137628368528833,0.732258
-1.5390458676218075,1.3257381939845696,-1.2686430231161898,0.5981999875891901,-0.7846879549106519,0.7502428353163315,-0.0162493974288118,2,0.0162493974287972,0,186,0,2,0.956721603042551,1.1773345288238846,0.2790547975927145,-0.2790547975927271,-0.5629298306086988,-0.4173822189538828,0.4173822189538456,-0.924814174713374,-0.1952156978640633,-1.4877365
-0.8366648634298938,-1.0221303439767244,-1.2590999401547602,1.2181251682043588,-1.3559447713860515,0.708571582635006,0.3547133817792633,1,-0.3547133817793,0,186,0,2,1.7807345561671728,0.8607098933514552,-0.2659755491008822,0.2659755491008665,-1.217144956444495,-0.6890942268928075,0.6890942268927847,-0.4574285047327378,-0.5007011553841375,-0.85191745
1.3257811995527025,-1.6963100393708526,0.3603217466605924,1.0560056657282055,0.5776222507267658,1.6377115682823535,2.2217024739504936,0,-2.221702473950497,1,187,2,2,0.3303024570198825,-0.6037328408633513,-1.339527149242252,1.3395271492422764,-1.5677284528823063,-1.0223867744921349,1.0223867744921145,0.4676731305254453,1.778586322121871,1.3191241
0.8579437180367213,-1.488031843364468,0.4436799973243758,-1.4713984044582342,-0.1816462725175554,0.0489560506666775,0.305623780017187,1,-0.3056237800172092,1,187,1,1,-0.8915808030019655,-0.618920495087249,1.37521017858703,-1.3752101785870443,1.3017586908648142,-1.4473186774444249,1.4473186774443425,0.1932645920264575,0.6529885739040603,0.87135184
0.4016842829281319,-1.6093809618895485,-1.0474282420584815,-1.0175900618627691,0.6180195493249369,-0.6770082815908967,-0.5172247335407839,2,0.5172247335407875,1,188,0,1,-1.131321810087854,0.3669679916860269,0.5907059226824881,-0.59070592268247,1.087370830502635,-1.051251558737091,1.051251558737022,0.1735744406576238,-0.3285750193809462,0.39358437
-0.4594652214050723,0.3204212531984407,-0.1036865180135238,0.0680259456024702,0.0593313686140994,-1.0875730070124985,-1.1884943076503975,1,1.1884943076504175,0,188,1,0,0.005965435907588,-0.3304079222435591,0.4819325598194918,-0.4819325598194801,0.2394091062784627,-0.5293036115209666,0.5293036115209849,-0.0727807808979143,-1.813628278440744,-0.44154054
0.5265328545795519,-0.0039878003890215,1.3429046338128017,-1.164892361309142,-1.037502193939548,0.4482473545544069,0.5334230663551238,2,-0.53342306635513,1,188,2,2,-0.0872735272814835,-0.7592934679445356,-1.2354233819338276,1.2354233819338092,0.9400909851616585,-0.6088749981814466,0.6088749981814429,-1.1800941628471833,-1.5166782128969072,0.5116284
-0.7958076227636715,-1.5140323758251308,-0.3759025500680201,-1.2920990218019652,1.4829172743197054,1.363101086131422,0.6928295697114153,1,-0.6928295697114293,1,189,1,2,-1.9197650375349604,-0.2842108201889337,-0.114162324632384,0.1141623246323785,1.019343984592579,0.0718633585932899,-0.0718633585933089,-2.2711846439359986,0.5660397083895176,-0.79382277
0.2029935062685544,1.5686052948155256,1.368805525424831,0.4510317009845838,-0.3521799449721005,0.2701278464982377,0.3882152321136928,0,-0.3882152321136846,1,189,2,1,0.5556047457951429,-0.7162039900828653,0.218819997930177,-0.2188199979301612,-0.537327372062198,0.0350890987919574,-0.035089098791903,-1.3778917683046703,1.1468175348825222,0.2432174
0.7286601933118887,-0.0406472580938282,0.7885302484716392,0.864486636336643,-0.5950290968854861,-1.448708408144043,-0.8474709448247906,1,0.8474709448247862,1,190,0,0,1.009554528150115,-0.6513117552662493,0.8869590903442951,-0.8869590903443046,-0.5824808909575941,0.1821328867858156,-0.182132886785811,-0.5033498532913279,0.1653369650899936,0.7677329
1.3823565618013642,-1.360347859846037,0.7066962331566243,-0.2109944421626085,-0.1164130515134767,-0.2099961870645419,0.4637287078039288,0,-0.4637287078039073,0,194,2,1,-0.0653025300330011,-0.6806377701228292,-0.940691489072118,0.9406914890721368,0.0526501361128114,-0.5535277279371607,0.5535277279371525,-0.6330018618823087,-0.5241171368016867,1.4062848
-0.0622950440837592,-0.1591467237662816,-1.5952832476744396,0.2105436018314261,1.5486944347185456,-1.6946728711903445,-1.5222282734146309,1,1.5222282734146595,0,194,2,0,-0.9263819432905988,2.4626171700293544,1.4253549831805177,-1.425354983180513,0.1967566842821338,0.3617613789968887,-0.3617613789969161,0.0061200199910342,-1.3561524745647695,-0.09179971
1.0048124820779538,-1.1607955438324065,1.3895532745588024,0.1663988564594838,0.6306557582775769,-1.498659305840952,-0.8316539755289666,1,0.8316539755289494,1,196,1,0,-0.3214703844669673,-0.8015331449352585,-0.4953294410256615,0.4953294410256288,0.0518005034307473,1.0405453515820242,-1.040545351581992,0.6838381643780066,-0.9704156633107504,1.0183529
-1.2533229040198366,1.6321581976602892,1.1863026134623422,-0.1661517906128071,-0.2052665463063016,-1.4026875532270393,-1.881866174222106,0,1.8818661742220608,1,196,0,0,0.0272023555116264,-0.6801561780304711,0.7538625769978733,-0.7538625769978939,0.6465267776895605,2.05131052506974,-2.0513105250697534,0.3970523850457473,-1.0480781592586876,-1.2609216
1.089555894097677,0.6480928387519679,-0.5262794683830603,-0.7475428034282137,1.7243579808958127,-0.410749051399906,0.0846449864279368,0,-0.0846449864279328,0,198,0,1,-1.710380898103231,-0.0420114600236949,-1.4109443930026069,1.410944393002643,0.6624488276166624,1.636281214519974,-1.636281214519997,-0.3520070526799294,-0.3493423855162264,1.1024044
1.37294028891817,-0.3522656428398859,0.756336351774711,0.7308098425398298,-0.4837188300672448,0.7026488664790587,1.374646364196221,1,-1.374646364196253,1,199,0,2,0.8400868754293344,-0.6550658409117635,-0.9254795628517052,0.92547956285168,-1.0536500845165555,1.2306905425614023,-1.2306905425614143,0.0856198110389772,2.0855221687060523,1.3974869
0.5519474686879571,0.9515001111842624,-0.7085211458451014,-1.4187287230874974,1.2361627493359992,-1.656504825689645,-1.3617959661572452,0,1.3617959661572296,0,203,0,0,-1.8365210555892408,0.1480717031266499,1.963904833851704,-1.9639048338516931,1.7130623702581589,1.1592572501580474,-1.159257250158125,-0.6714518537215545,0.6814923884265293,0.5529219
-1.3990060043047574,-0.625534854318669,0.8209110833417584,1.0733767785296522,-1.3433439330835169,-0.8780808949159088,-1.3524635459153649,0,1.3524635459153354,1,205,0,1,1.671935170743445,-0.6797166749332103,-0.0064688498110008,0.0064688498109909,-0.6366241617043349,1.3911503330653303,-1.391150333065402,-0.2500077066254714,-0.1222221187479283,-1.3883283
-0.8351432259001516,-0.2402605763740965,0.74363782462906,-0.5340418051038807,0.8272514044596269,0.5794242402740492,0.0539443959706999,2,-0.0539443959706735,0,206,2,2,-0.9418241586827752,-0.6479488231886252,-1.0090131558725297,1.00901315587257,0.4678503924201499,0.5292209320494963,-0.5292209320494913,-0.4209546388600154,-0.869017691535211,-0.83135015
-1.4254259057125815,0.591109963733583,-0.1761146503886332,-1.342673400896209,-0.7611026272546609,-0.9059143738365122,-1.6468427621808914,2,1.6468427621809172,1,208,1,1,-0.4015031742480773,-0.2783078863979067,1.220716523807955,-1.2207165238079565,1.7170870660518234,1.300174568218634,-1.300174568218628,-0.6974931310960798,-1.4409561754462787,-1.4109062
0.6109315347363087,1.0801917369752747,-0.4244387065038602,-0.8850889007258395,-0.6831383040412563,-0.9920427103156424,-0.6826513730228712,2,0.6826513730228534,0,209,2,1,-0.1390980142312785,-0.0929854919694364,-0.6916776359846546,0.6916776359846238,1.004921140596304,2.21619674190477,-2.2161967419047794,-1.4483505126019436,0.3292831444080125,0.6275692
0.3498666935633547,-0.6434543600729238,-0.846303860412499,0.6324658297875048,0.8506247598824631,0.7874769972716569,0.9413380673733108,0,-0.941338067373306,0,210,1,2,-0.1514909723483516,0.1770587805069635,-1.165150092678193,1.1651500926782097,-0.8496620672788566,1.1907147197756245,-1.190714719775605,-0.4952248434661253,1.196213626905874,0.39659026
0.95458632899098,-0.3200486223062483,0.810466207101383,-0.9005503763937056,0.2128901132993626,-1.1593490360749883,-0.6662843111506614,0,0.6662843111506485,0,211,0,0,-0.7699860045379351,-0.6664339528672975,1.1538612837768032,-1.1538612837768167,1.0153275555917438,0.8851899613529031,-0.8851899613528873,-1.4124467801784055,0.3553534311147647,0.97631025
0.5040334078003634,0.1173763476307682,-0.71909183200344,-0.590938436086621,0.3227394722526185,1.365991241246845,1.4034468180009545,1,-1.4034468180009705,1,211,2,2,-0.6319572038818659,0.0965375794443122,-1.4850152575263615,1.48501525752636,0.1530833664751912,0.2843172147110306,-0.2843172147110478,-1.4388848571521329,1.901036976395436,0.5070961
-0.3209471819396809,0.7870616316479172,-0.6226921775992917,1.221364896547142,-0.8896712252144809,1.1187498357379797,0.9729279753507546,2,-0.9729279753507392,1,212,1,2,1.4602369830523616,0.0512371031854296,0.3091693331610459,-0.3091693331610236,-1.3832630793811576,-0.8821488937857315,0.8821488937856966,-0.2474568112287457,1.1720324904870394,-0.33068097
1.3855579157979054,0.9990486654528729,1.5258121991945215,-0.7086299010416641,0.2165769963767037,-1.4305412621165168,-0.67815439812631,1,0.6781543981262995,0,213,1,0,-0.639846089566689,-0.7591534375596644,1.1850482667327442,-1.1850482667327635,0.8342095729492304,-0.8841511944956059,0.8841511944956209,-0.1654618576475355,-0.499258973153569,1.4104906
-1.5443764259501809,1.277417397778709,1.1597223431349737,0.2824743635791508,-0.5402258723978135,-1.458208109011764,-2.025685051309871,0,2.025685051309873,0,214,0,0,0.5692244487283264,-0.6862294990996428,0.9672189195996276,-0.9672189195996196,0.2653449584666696,0.4369307847355664,-0.4369307847355629,-0.3280918967894105,-1.4948193249520323,-1.5319686
-1.1432517342685364,-1.456587603036128,-0.2773478617270054,1.0969928848335735,-0.309357726334528,-1.2304098663006626,-1.5401113733326768,2,1.5401113733326766,0,214,0,0,0.9725756842284352,-0.3371771314616467,-0.3482205689251036,0.3482205689251024,-0.6081640018184311,0.8260066829124042,-0.8260066829124281,0.600103702607256,-2.7655657822045456,-1.048801
0.7045336051381605,0.4676024891684844,-1.276694696217781,0.5982594567868398,-1.1056464449120262,-0.1578953696186619,0.2658617613693733,0,-0.2658617613693678,1,216,0,1,1.1789184424941064,1.0938368213207532,-1.2957419709953355,1.2957419709953402,-0.6383479163638687,1.332522155843992,-1.3325221558439817,1.15268660401524,-0.7096282252263706,0.6888962
-1.5804373123124655,-0.3286796291872838,-0.6981753022665991,-0.0088729323158367,0.6452141437374095,0.8215041517549093,-0.0372335366264833,2,0.0372335366264648,0,219,1,2,-0.4527282762591534,0.0423460686165101,0.2177299319459225,-0.2177299319459399,9.464927938594128e-05,1.782301654083401,-1.7823016540833947,0.5810337336486925,1.1098598818395446,-1.5510355
1.4943292368621426,0.4621026464643268,0.3479426558356709,-0.0034311991848783,-0.9921460745289112,1.6745123740571537,2.224204116375621,2,-2.2242041163756645,1,220,1,2,0.6843549148496162,-0.5081200206581372,-1.6225842585886654,1.6225842585886483,-0.6159585313435292,0.4900119153776716,-0.4900119153777517,0.9087174161345224,3.10969236669788,1.4000287
0.3198710796219515,0.3851239283219476,0.2577138564154863,1.3012987800860587,-0.0206778510906832,0.2797054669112724,0.5440556267208582,2,-0.5440556267208544,1,221,2,1,0.914017029571752,-0.4801835994386226,1.205906172280366,-1.2059061722803333,-1.3405824539817708,-0.6541780572809764,0.6541780572809067,1.3821331154664018,1.9040635475246392,0.34352225
1.287434413835989,1.1716680546196991,0.9441570337808376,-1.670071066733306,-0.298778337940272,1.2076904858506192,1.5292152599814504,0,-1.529215259981467,1,221,0,2,-0.9478665061731752,-0.6443630759566992,-0.7067244916538312,0.706724491653817,1.1559588673587031,-2.0208111913851026,2.0208111913851043,0.0963654262522312,0.9650989475340408,1.2711344
-0.4598900534633107,0.1655445247024002,-0.8425962837187815,0.4543409310921126,-0.745711717843405,-0.829171206978143,-0.9167792411909428,2,0.916779241190932,1,221,2,1,0.8302810074591047,0.2394479670120838,1.755478866291446,-1.755478866291443,-0.1907798956670474,-1.494234331722632,1.4942343317225684,0.0294910086541727,-0.7649925262127277,-0.4360586
0.0513570827277712,-1.6105321858696324,-0.3193377873999642,1.7758845971457191,-0.8660163567182427,1.5902901072304494,1.6346263088546087,2,-1.634626308854605,0,222,2,2,1.8272531599434287,-0.3228916418939264,-1.8306658258466717,1.8306658258466828,-2.040391328816193,-2.2386383438644213,2.23863834386439,0.858811763298796,-0.8228201534186996,0.0625875
-0.6784857430418858,1.429165572519915,1.4952620978150477,0.6812345621629364,0.6219021726972309,1.5729297806190905,1.1471071478340429,0,-1.147107147834049,0,222,2,2,0.0405406330644901,-0.7418136598047705,0.3500728804214068,-0.3500728804214144,-0.948483753713972,-1.75905549664466,1.759055496644671,1.1769544333855275,0.406300744663115,-0.72234005
0.599129814140939,0.0685656101715128,-1.5301795998220988,-0.1524746662894763,0.8020604577949304,0.5443908803284231,0.7622527583633701,1,-0.7622527583633386,1,222,1,2,-0.6605763161821092,2.078938733972859,0.2764004263873694,-0.2764004263873423,-0.0827898609583595,-1.8562088678866384,1.8562088678866129,0.5014315840749003,0.163197707567454,0.619994
-1.3867089370227772,-1.3200621932517915,0.9814632426011468,1.6790028579943623,1.5825859369245878,-0.9927610038355787,-1.384609711041131,1,1.3846097110411286,0,222,0,1,0.0654372085760778,-0.7370567795629079,1.5408210968555929,-1.5408210968556182,-1.1662197375750665,-0.5588136316943468,0.5588136316943901,2.0576410236023563,-0.564039104877611,-1.3594435
-0.9428918448162537,0.0378760394918235,0.7986753408396312,0.7650317029002407,0.7436292259540355,1.2166339215298505,0.708774944203416,1,-0.70877494420343,1,223,2,2,0.0142221010178219,-0.6508543500889953,-1.5019890771484017,1.501989077148394,-0.9069729003219392,-1.2825998155855007,1.2825998155854696,2.202009264712827,-1.365116159255397,-0.94414204
1.0886073432569947,0.102577495639117,1.3478317956389858,-1.3933614315846523,-1.410100124474596,0.7002286348915789,1.008267887938348,1,-1.008267887938339,1,223,0,2,0.0126639643129522,-0.7568801627608664,-0.2146886462107096,0.2146886462107259,1.0303972312075516,-1.003710575659512,1.0037105756595548,0.7293601990472617,-0.1046541360039936,1.1173195
0.2554342920314777,1.147024149788182,-1.6053034068233023,-0.3044123969507491,1.4774727834712622,-1.6553927356056175,-1.386964008915449,1,1.386964008915451,0,224,1,0,-1.2331201975418289,2.8079468485971466,1.7190515156349937,-1.7190515156349997,0.6428777647885118,0.1245973630925195,-0.124597363092553,0.271361021875031,-0.594373283742749,0.25745344
0.9800170410082422,0.0436805884610937,-1.2384712108310658,-0.5765206869118094,-1.564606121529625,0.2928255230318784,0.6780802756888938,1,-0.6780802756888854,0,225,1,1,0.684362642383724,0.9368239676240588,-1.481651968111095,1.4816519681111002,0.3376330063399132,0.1620755847175435,-0.1620755847175154,0.0743201577680401,0.6296751074316806,0.9870321
-0.0739608150181616,0.5803790482869422,0.4262179375012476,0.7002328792892953,-1.235295867428145,-0.3720705690331276,-0.2941244077894003,2,0.2941244077893948,1,228,0,1,1.3391604032909978,-0.5286201930167014,0.6978842214995234,-0.6978842214995339,-0.5812758419685581,-0.3234684859271413,0.3234684859271658,-0.380483502653031,-0.7282592418936341,-0.05148682
-1.6344826045560523,-0.5192123793347307,-0.2656450403858776,0.1743396899943554,-1.410509489276515,1.5699680115536074,0.6246544365297861,0,-0.6246544365298035,1,230,2,2,1.0968397251681583,-0.2902715060462498,-0.6590894991612494,0.6590894991612413,-0.3477071929226938,-0.2860134064329299,0.2860134064329647,-0.6549595240840503,0.0996347690537587,-1.6342124
-1.1753196867369629,-1.6551585144779617,1.6403721521108618,-1.030950195713887,-0.2910095488332195,0.5249008353190742,-0.2133609481028723,0,0.2133609481028273,0,231,0,2,-0.5113621882657681,-0.8507421909159123,0.6015897009758402,-0.6015897009758604,1.0165786897271532,0.2579229823469961,-0.2579229823470075,-0.4865584081550362,0.7118359859014582,-1.1796199
-0.5829179756785828,0.5368620833220656,0.6013686091469699,0.9003401715896105,1.7281405624373307,-0.520368253545394,-0.6534481432423933,0,0.6534481432423795,0,233,0,1,-0.5736697412559785,-0.5821094978420214,0.3160356028493658,-0.3160356028493435,-0.6663696152725744,-0.0686786492745775,0.0686786492745584,0.0732522623752994,-0.8048733901258412,-0.59974194
1.4254384268353404,0.8672416636556307,1.062607288512331,-0.3072114465453603,-0.3568412320959793,1.6852999591991538,2.1679974479154103,1,-2.167997447915415,1,235,1,2,0.0345896132883007,-0.6800393156963586,-2.024447122155633,2.02444712215564,-0.320508000782903,-0.732071770272274,0.7320717702722481,0.1983918058520272,1.1324896762397645,1.4370543
-1.3653644443219892,0.5134088470338953,1.2490672362510324,-0.1685653103054608,1.4068333491185518,0.6433861289556113,-0.1085194702933264,1,0.1085194702932914,1,236,2,2,-1.0903028887984274,-0.7271950097061677,1.6338613995382043,-1.6338613995382274,0.1681779497961027,-0.8147133030053444,0.8147133030053038,-0.2053114190033818,0.2829677863920359,-1.3444647
-0.3153788259283547,0.9163574448715136,-0.9648951640504274,-0.566431969794434,-0.3515745694236016,0.8075008074723887,0.5076348096001567,1,-0.5076348096001398,1,237,0,2,-0.1482781786013815,0.47553840637314,-0.4419254810111351,0.4419254810111725,0.3746449618361795,-0.7626097250522438,0.7626097250521592,-0.549524737493052,0.6163867342580026,-0.32779244
0.1558886771618222,0.8097791562542782,1.1669817286716606,0.0428020370800452,-0.3981150312651902,-0.1034681774689391,-0.0119227817929949,2,0.0119227817929903,1,238,1,1,0.3051535455253741,-0.7026028805269215,0.3730637248299994,-0.373063724830015,-0.0546839682504976,-0.8523010826171633,0.8523010826171329,-0.0505858075249808,-0.119010892697228,0.14972197
1.2359278227604564,-1.3344202720240812,0.5741066778138579,0.4025298618947629,-0.5400005020278089,0.6874300161772997,1.2593967043757257,1,-1.2593967043757048,0,238,2,2,0.6520735909801589,-0.6475134403202564,-0.9120733985037528,0.9120733985037712,-0.7267030511705265,-1.704004880049938,1.70400488004998,-0.2819026194117771,-0.5368439798157573,1.228456
0.4864846943149232,-1.2948314157675391,0.4079555361833602,-1.635998458343242,-1.426915714036916,-1.5849519558992171,-1.35284748797578,2,1.3528474879758088,1,240,1,0,-0.1434536418385531,-0.6007879345482141,1.8747799911726293,-1.8747799911726248,1.926020680872396,-0.1363309488345295,0.136330948834519,-0.8993481991027357,-0.5419108019098855,0.4975469
-1.588710511459356,-1.710204069852306,1.4593281232460047,1.5631092588712725,-0.3025808652192918,0.9597391428672564,0.2492255157510186,0,-0.2492255157510065,0,241,1,2,1.2901530505370926,-0.8280024622766755,-1.1494228120468983,1.1494228120468868,-1.4929084091266798,-0.2956187047159589,0.2956187047159923,-0.0946934284674122,-0.579501096199733,-1.593181
-1.602059082991155,-1.4176870707389475,1.3751973653792509,-1.622531292294288,-0.8268933702552299,0.7579891448796765,-0.2759265691465896,0,0.2759265691465736,1,242,0,2,-0.5494560937317332,-0.8070725978739609,0.3770783450286155,-0.3770783450286358,1.6124618859938429,0.0532659435248175,-0.0532659435247264,-0.5854296055992654,-0.4801001122396493,-1.5864265
0.1796899352907208,1.3516627931668088,1.1745613930627847,-0.5712679955501665,-1.0708647487538745,-0.322668364613262,-0.2614084303435929,1,0.2614084303436046,0,243,0,1,0.3462445866328241,-0.6867741748574128,-0.0101901322582981,0.010190132258318,0.5892555983267007,0.1643506844226541,-0.1643506844226261,-0.8707686583607772,-0.612766813302894,0.15936549
1.0969396174649744,1.3388857930317073,-0.0879852732189544,-0.3659119802979064,1.4039636038031156,0.9316726080122786,1.3282649156422148,0,-1.3282649156421868,1,243,2,2,-1.224760011732973,-0.28543771928412,-1.140524791809062,1.1405247918090742,-0.0375317854403882,0.133686766681926,-0.1336867666819302,-1.2278394413371003,1.507446462029467,1.115008
0.2967463213668376,-1.0063991753407944,1.378483780944186,-0.8556874514921909,-0.4726179704898885,0.7010308835738158,0.6801338852488662,0,-0.6801338852488795,0,244,0,2,-0.2644846270106623,-0.7952180461550767,0.4653282926242181,-0.4653282926242481,0.6023732613172537,-0.7715084235300086,0.7715084235300413,-0.8652534304214047,0.7654077224238289,0.29306415
-0.6114377790737004,1.1551000964685465,-1.702289404016263,0.854039326815774,1.719038040958618,1.5143117557559669,1.1457658347036497,2,-1.145765834703642,0,245,0,2,-0.5993812362821522,3.79046995936281,-0.3339103429756407,0.3339103429756558,-1.1029931417060763,-1.1706975136198323,1.170697513619828,-1.1947359519634122,1.1756592486160389,-0.6017327
0.6643228820056015,-1.5123108998631776,-0.9537394403770224,-1.4767882450239571,0.5766897704886942,0.792826539878005,0.8753434239931667,1,-0.8753434239931812,1,245,0,2,-1.420199745086444,0.2383636343716928,0.1942837999343963,-0.1942837999344122,1.148705590907932,-1.6833062734199642,1.6833062734199709,-1.127013736507679,0.6487623413740683,0.68146574
0.8064041290287367,0.8829702599107988,1.3447357007107164,-1.4946284695999363,1.5605901320130262,-0.1192840377512513,0.1277089387363398,2,-0.1277089387363476,0,246,2,1,-2.113554122466588,-0.7327074344044485,0.5367321792154616,-0.5367321792154571,1.374009094520552,-1.8565627407728684,1.8565627407728424,-1.556070340840364,-0.687796466656317,0.6611915
-0.0096761632599915,-1.7250806463810566,0.7235619705952159,-0.3148734462255226,0.8505439049566469,1.6169240612017368,1.4065964492725576,2,-1.4065964492725551,1,246,0,2,-0.8064156286188281,-0.6979869860643559,-0.9175042285628574,0.9175042285628652,-0.1064620498002587,-1.8914402504332493,1.8914402504332704,-1.5323543374650324,0.1336188521473164,-0.019305937
-0.8305918695447293,-0.0302063932755718,-1.553272207150325,0.6313424503242342,1.1172615354062905,0.0415002075015013,-0.300697888211221,2,0.3006978882112182,0,246,2,1,-0.3368238852472413,2.2014158816851697,1.2253860892587356,-1.2253860892587405,-0.5170525111768414,-1.4547199659110173,1.4547199659109964,-0.8413782580837795,-0.7362495618475359,-0.82568383
-1.0985390803309871,0.6113740655829326,1.296164599180307,-0.5349068541817198,-1.1587761843786455,1.2610099151327323,0.5344825974359386,2,-0.5344825974359487,1,247,2,2,0.4322333844818831,-0.7325293223296431,-0.5990991427457971,0.5990991427457922,0.3375191228194908,-1.1825430273912871,1.1825430273912607,-1.4867779137631247,-0.3469544866337642,-1.0895683
-1.1447672670959146,0.5196689035117094,0.884568128228376,1.1959491406849525,-0.7881316891390515,-1.419580739054592,-1.6993674460924353,2,1.699367446092425,0,248,2,0,1.3723828395561783,-0.6535064177420338,1.60324356134298,-1.6032435613429812,-0.6548355455803534,-0.0361400517008903,0.0361400517008199,-0.2448408163739225,-1.40954892419038,-1.1686969
-0.7026285201931336,1.0629653627148208,-0.6428910599104786,-0.1443577722056198,0.7078568360418608,0.8616363898786232,0.4120887045208473,1,-0.412088704520839,1,253,1,2,-0.5897600790768759,0.0899298724507522,-1.5149572198888823,1.5149572198888963,0.0045257415766818,-0.162761573949935,0.1627615739499084,0.3825875570900086,-1.0553915695214509,-0.7447428
-0.8462046606698488,1.660000004767033,1.1476320987979765,-0.3044023494909298,0.683517481654235,-0.1637584883599277,-0.5911055481332599,1,0.5911055481332594,0,253,2,1,-0.6835664413602633,-0.6715375374942693,0.7201224009273287,-0.7201224009273354,0.4266111930324999,0.7267252965866172,-0.7267252965865987,0.3874531467863935,-0.2203816924231208,-0.7404161
1.1719052526132527,1.4964950171934963,1.390676919399318,-0.6411767837710896,0.7083435553916119,0.1276016495344515,0.6171098042801635,1,-0.6171098042801669,1,255,0,1,-0.933592517467338,-0.7222014742019636,-0.8667897406018245,0.8667897406018228,0.4155004124756269,0.3180668013712532,-0.3180668013712822,-0.2038465642943126,0.3944814834349459,1.146636
-0.7035007186254795,-0.8217571004995071,-0.1075205790279156,-0.7736147318607692,1.480089985588153,-0.3184497406075017,-0.7096096998137298,0,0.7096096998137339,1,256,0,1,-1.5593333922677797,-0.388210057418658,0.9522847956391024,-0.9522847956390976,0.9051135065806464,0.8720051593326797,-0.8720051593326772,-0.3147666158915331,0.677855586782659,-0.6802398
-0.3187527761743919,-1.037452978156968,0.5240270472642329,-0.2162318668048698,-0.8836104124472733,-1.0591542403391438,-1.1247103571242498,0,1.1247103571242334,0,256,0,0,0.4621023103490853,-0.6227183771305017,0.2981052112272807,-0.2981052112272955,0.488439839315976,0.616136197714916,-0.6161361977149284,-0.9709627655049676,-0.9945552808689492,-0.32100132
-1.6475133779316082,0.9018857684272384,1.4307386894252296,1.2136829205569175,-0.0544683537128054,-0.4195213082634431,-1.0489522585887228,2,1.0489522585887117,1,257,2,1,0.8768288759726325,-0.7466764504665395,-0.0541360549962871,0.054136054996291,-0.8424970143908379,1.2666720412439376,-1.2666720412439345,-0.3399239192927822,-0.8282707374230367,-1.6656505
0.1794166098462772,-0.5355032168632262,-0.588783989813433,1.093650834461554,0.2891035022921837,-1.550904239963391,-1.1821512867710326,2,1.1821512867710202,1,259,0,0,0.5560320599688551,-0.0705404067658387,0.0958120146366315,-0.0958120146366325,-0.6999103900661868,1.5298381316255332,-1.5298381316255576,0.3097074745574399,-1.2265257150852806,0.18254976
-0.8938800463052271,0.6201721266705175,-1.5781765823793306,1.154567885675606,-1.7215383711128418,0.4438290350151079,0.0835215015298084,2,-0.0835215015298149,0,259,1,2,1.9898422182838549,2.4940353202271326,-0.9080213163451512,0.908021316345156,-1.0891165751704817,1.767421009444462,-1.7674210094444875,1.1441336079851452,0.4738945027988565,-0.9095449
-1.15878079226005,0.7210578959076113,0.7281443022162153,-1.0265754240249698,0.820481206848818,0.4934147345877709,-0.2329685578522692,2,0.2329685578522597,1,260,0,2,-1.277670748330788,-0.6087506832531431,0.2273420406335233,-0.2273420406335255,1.0177523125484362,1.5551941416319386,-1.5551941416319703,1.0265907212579324,0.905365015750476,-1.1972859
-1.0576382378283498,0.8696417728083269,-1.7292401070872585,1.4831203859366988,-1.293690965720289,-1.2768851455461934,-1.49889474207348,1,1.4988947420734775,0,262,2,0,1.9208597147211737,4.073145341217437,0.9086593825954252,-0.9086593825954206,-0.963452877177206,1.7218016226297288,-1.7218016226298014,1.816226326872016,0.0136866304733604,-1.0603278
1.1804246720874063,0.1865038390933897,0.5459304416900694,-1.079783547849143,-0.5301377075335209,-0.5796561948714024,-0.0572773770101536,1,0.0572773770101812,0,263,1,1,-0.3796093032492457,-0.5802988141359054,-1.0342795113266423,1.0342795113266643,1.0207807330574796,1.2802533896348858,-1.280253389634871,0.7505245097156723,0.2059268929442087,1.2292061
0.6242032888154952,-0.1877056936139162,-1.6227303434570333,-0.902253951055988,-0.5537225834643041,-0.0257558279325224,0.1853935053379313,0,-0.1853935053379311,1,263,2,1,-0.2405425798121998,2.6694396196237853,-0.1739130165332445,0.1739130165332249,0.7828846295282142,0.6713471868924067,-0.6713471868923647,-0.1769097414924396,0.116376328171232,0.61818826
-0.6903042878954279,0.2220727661595569,1.2189203644216575,-1.6730542922642475,-0.0401305586833334,-0.0504660643268073,-0.55926623977776,1,0.5592662397777187,0,264,0,1,-1.128955606590849,-0.7308942666947684,0.534597499490312,-0.5345974994903421,1.741547780538648,0.957551664425748,-0.957551664425732,-1.4908169360268213,0.3192619756405101,-0.67509544
-0.5721185735819382,-1.4754173924630298,1.3349874349184985,0.4414538072050071,-1.6669609990115726,-0.4202672520162486,-0.6074846110853185,0,0.6074846110853075,0,264,1,1,1.4590260270487811,-0.8027138622797844,0.0348297181499985,-0.0348297181499768,-0.2618270672994527,1.124306822396527,-1.124306822396512,-0.8086698713489066,0.396756851417986,-0.54326785
-0.6905206763282578,-1.6477167499666987,0.6028198514745755,1.6452724037870066,0.0398214268605862,-0.1746853575012457,-0.3178929853559384,1,0.3178929853559276,0,265,1,1,1.1099614646925218,-0.6668382535479532,-0.2075834397740051,0.2075834397740054,-1.416060237430356,0.5984598451972363,-0.5984598451972369,-0.7333229227629348,-0.4104030097462083,-0.7077135
-1.523855709001234,-0.4656101582283981,-0.4835518014218647,-1.006198106543982,0.2113316404364331,-0.8331857681491299,-1.5940936527740828,2,1.5940936527740852,1,265,2,1,-0.8419510394628087,-0.1475172649140404,0.9160323731512218,-0.9160323731512128,1.3729212662683494,1.2827350281293477,-1.2827350281294063,-0.6991300799219998,-1.0335918500257777,-1.5120192
-0.5759672040175129,1.14714310965273,-1.3666141660420612,1.459979922440399,-0.6320437615393,1.1106417715132744,0.8667290826095613,0,-0.8667290826095863,0,266,2,2,1.4468926511492708,1.4820459783743352,-1.7656634092561865,1.7656634092561676,-1.564894906477129,0.9793669325877884,-0.9793669325878708,0.3985257900079273,0.578581991209334,-0.5754051
-0.4336669267376893,-0.0905026276859785,-1.0842083748758544,0.108518957661007,0.5963398756665217,0.6388157274486771,0.370948887812924,0,-0.3709488878129145,1,266,2,2,-0.3377357521903254,0.5826468472028776,0.3560010154764685,-0.3560010154764439,-0.218741783638651,0.5651839644370655,-0.5651839644370545,1.2263669099882022,0.975516961466612,-0.4281823
-0.7497057411820196,1.6335434144963883,0.0347536006775731,-1.3910023988058708,-0.9899544028471352,1.4674983447053167,0.798076014912838,0,-0.7980760149128453,1,268,2,2,-0.2765145202923701,-0.330847967707232,-0.306279202203581,0.3062792022035692,1.0864201892749663,-0.0606489797117741,0.0606489797117491,0.3748820788354563,1.3038290273652426,-0.74623865
0.4150729835932688,0.5930976676019281,-0.8359375197836271,0.8678017989976607,-0.6853086890024084,1.4438664909619994,1.584616644169501,2,-1.584616644169469,1,268,0,2,1.0743348278551887,0.266367318001418,-0.5641950804266725,0.5641950804267012,-1.2319325821292753,-0.9077509692626288,0.9077509692625864,0.0136159135247925,1.954482227810029,0.3908908
0.524096737811447,-1.0147626993668004,-0.2766385290440868,-0.7628147753512672,0.3846071870984778,-0.9382573025772236,-0.663929272644938,1,0.663929272644971,0,269,2,1,-0.7936133036190224,-0.3123325474743215,1.6137893506416208,-1.6137893506416212,0.8822287869889096,-1.3219113418507005,1.3219113418506945,0.1267085014874605,-0.5763612380317128,0.5446594
1.6211561574430753,1.4170155182349595,0.3324034475933985,1.3275961030149948,0.3154808459177507,-0.1438380645814034,0.802664772408524,2,-0.8026647724085161,1,269,2,1,0.699521977690053,-0.4619479701883645,-1.0522028289430148,1.0522028289429972,-1.431910457373487,-1.293386385241607,1.2933863852416507,0.0651938995226004,-0.187834616681966,1.5638874
0.4447942925942494,-0.4580324286777638,-1.0297864181243293,0.406752256994135,0.7006322505274872,0.8764349516508765,1.043117637029042,0,-1.0431176370290498,1,270,1,2,-0.2037276856814125,0.4507873399862269,-0.1723213623892289,0.1723213623892178,-0.6725513693522056,-1.5926729044467247,1.5926729044467594,0.2037735445333847,-0.0924336412286579,0.46079946
-1.332690168718788,0.5473390402830443,-0.7365888409182949,-0.1679130548879997,1.4941716503089546,-1.502748722283842,-2.0101447261908465,2,2.010144726190837,1,270,0,0,-1.1503043025359303,0.1474664111557787,2.1912555497404558,-2.191255549740457,0.6829557284834284,-0.3422984832249259,0.3422984832249181,0.7721047385201552,-1.706979105624726,-1.3246732
0.0408863509981891,1.3008584485408785,0.2122622543796503,0.7835911052489357,0.9398046816721332,-0.6173612499477237,-0.448465077093867,2,0.4484650770938324,1,270,0,1,-0.1087315917780002,-0.4222515783306078,-1.1204364565783096,1.1204364565782918,-0.6155601807170947,0.5629413874564585,-0.5629413874564373,0.7329746746677775,-0.7425348794378254,0.04306056
-1.2911979341443691,-1.399179536611756,0.7432152436621148,-1.5282549515190105,1.2751403447292298,-0.2847379122041927,-1.0460955630739237,0,1.0460955630739304,0,272,0,1,-1.939225227542016,-0.690383905291532,0.4290889967020558,-0.4290889967020264,1.7336166823343642,0.7331028520490791,-0.733102852049081,0.3772986715939846,-1.6157252053718412,-1.365392
1.6411925662438511,-1.1419274563734507,-1.3454551979675315,1.0863453970774368,0.6455489014544644,0.7395107699458957,1.5760974891118555,0,-1.5760974891118622,1,272,2,2,0.3042626926497129,1.0913396736289576,-1.88146308491504,1.881463084915031,-1.423543843740488,0.3887280415696369,-0.3887280415696584,0.2651970475896059,0.6297895267255088,1.4785564
-0.1223169794609802,0.1283088278825246,1.520112065337862,-0.7451212026183414,0.2070923987810031,-0.1803774364180288,-0.2999365924332931,1,0.299936592433277,0,275,0,1,-0.6585109083227841,-0.7833783228952237,1.3464740812778926,-1.3464740812779004,0.7655219236340767,0.9867296980111832,-0.9867296980112068,-0.270042362252877,1.6920206018537964,-0.16871439
1.110348073084277,-0.5060335300800985,-0.1927044941963801,-1.4038611021819234,-1.216670336880958,1.0777168934417984,1.355043659607917,0,-1.3550436596079114,1,277,0,2,-0.1284804212959146,-0.32911445697713,-1.187389163704493,1.1873891637045093,0.9443824923132806,-0.5116373707192706,0.511637370719251,-0.8443485917341286,1.3524139764334793,1.1195334
-1.1698768976553064,1.4931273645668532,0.257175379049598,-1.1495050128711568,-1.0988740592695443,1.297594016856064,0.4671180349057209,0,-0.467118034905714,1,277,1,2,-0.0341555133942533,-0.4309787770191522,0.6374053932707154,-0.6374053932707149,0.9435167267485116,-0.9193053602722908,0.9193053602723248,-1.7425976283769955,0.8709677138448636,-1.1501956
1.5002572822618894,0.4081683363849199,0.0655355389728922,-1.1129230686688871,1.53706341382486,0.2892426635410015,0.8714736464987085,0,-0.8714736464987196,0,277,0,1,-1.833362605020226,-0.4039640964306798,-0.2899383152163169,0.2899383152163041,0.7965605108149304,-1.7731127036472645,1.7731127036472885,-1.5496059503325543,-0.2014025340625105,1.4845659
-1.5745550347232693,-0.3769778483056948,0.3730244187432241,-1.478635431786148,0.1610706874598976,-0.7494874804753758,-1.594200900165769,0,1.5942009001657658,0,280,1,1,-1.1338005490259524,-0.5518131668050171,1.7696013079529418,-1.7696013079529374,1.8368793765151696,-0.3615213869206282,0.3615213869206688,-2.741471960996696,-0.95722798265437,-1.5390018
-1.3666520523214647,-1.5937489747347038,0.8736065704546918,0.9496466375568662,0.3671667305770318,1.6482944074240733,0.9075374453349992,0,-0.9075374453350222,0,282,1,2,0.4024365306556084,-0.725199768379248,-1.7950245363509305,1.7950245363509172,-1.1250232279617003,-0.8991552805160786,0.8991552805160672,-1.9539665878799544,-0.9212184166762498,-1.3715706
0.6786019736546343,0.7564688262688603,-1.5514364505045546,-1.379499062087244,0.8163183097864538,0.2366161673440818,0.3956506092061074,1,-0.3956506092061164,0,282,0,1,-1.5187971127564917,2.3369667189027368,0.3675591748653064,-0.3675591748652965,1.186841836885303,-0.4719806953554852,0.471980695355445,-1.942646313196984,-0.0348898927087181,0.66596466
-0.5262221781788791,-0.6683969923354458,-1.2971364034931114,-0.603554123307131,0.5896779880203524,0.2287823993159635,-0.1161738979678003,0,0.1161738979678226,0,283,1,1,-0.8254446335890775,1.0085593128006574,0.3675144474773186,-0.3675144474772965,0.5802558678048101,-0.2122670260220893,0.2122670260220788,-1.688960086212002,0.0028802887173084,-0.5176391
-1.2981863746800504,-1.6320507664943644,0.2686889181601369,1.5761241233817878,1.298783979854114,0.7111809042326236,0.1701203828752772,2,-0.1701203828752718,1,283,0,2,0.1907452412685866,-0.5729030539460306,-0.2052172582114105,0.2052172582113985,-1.483534461979806,0.1000140451342076,-0.1000140451342207,-0.4394443341987533,0.7775147744552637,-1.1214603
0.5443784535724251,0.4938152793160427,1.3007626347805217,-1.1670091588024707,0.0889757018029343,-0.8884463403139398,-0.6524698817580282,1,0.6524698817580337,0,285,2,1,-0.8684438414157428,-0.7369457258794258,0.5905206027158975,-0.5905206027158978,1.2697528431065008,-0.3192964313725315,0.3192964313724973,-0.2946413950813687,-1.0422838130263918,0.38470578
-1.182780899316425,0.6521425256324255,0.7214716004782222,0.7511393018768342,0.7605762146428412,1.4196912745926602,0.7718109223383776,2,-0.7718109223383954,0,286,0,2,-0.0071130474938474,-0.6095981648321235,-1.0218387590446416,1.0218387590446254,-0.9112796888467952,-0.2588635137772335,0.258863513777261,-0.3868815177373145,0.0655472545179206,-1.0308305
1.0733729738614777,-1.4228363073311605,-0.2136872593151202,0.8673005649155983,1.4761499525040014,-0.1481228649831224,0.4829478127029297,0,-0.4829478127029392,0,286,2,1,-0.4220943051363977,-0.3686514757692163,0.2075168839163506,-0.2075168839163447,-0.9386553052169428,-0.2977330330778394,0.2977330330778435,0.6571356842875414,0.5582244126337313,1.0592309
1.1262178465053754,0.7618410405847779,1.2399277376600626,1.3281600681203058,0.9615399703613802,1.12158029841867,1.692166050736106,1,-1.6921660507361094,1,287,1,2,0.2527334104128166,-0.7177811713098189,-0.8675094134127271,0.8675094134127321,-1.6668323973988974,-1.1029054982040083,1.1029054982040465,1.554742583010439,1.2983944900093152,1.1152389
0.5768565818871226,-0.234217932070234,0.3791972908748627,1.4578983921835278,-0.2789452330673393,-0.729815476721628,-0.2160826161910247,0,0.2160826161909995,1,288,1,1,1.2010516208610238,-0.5477389532737487,1.3695913348883626,-1.3695913348883793,-1.278382416859785,-0.930946668770366,0.9309466687703324,1.4998067998593605,0.5561079254237212,0.723329
0.1282386198318712,-0.6162916901087313,0.106636245049647,1.2145441167386382,0.6108621197454895,-1.690491763234372,-1.3189794298148163,1,1.3189794298147823,0,288,1,0,0.4169068885426983,-0.4695334165350175,0.7916691664753202,-0.7916691664753271,-0.7719509180757214,-0.6341799373691561,0.6341799373691509,2.606439788988133,-1.5197682688214036,0.103805944
0.0168510415216586,0.9714498190270312,0.2024482864197587,1.6773462542605362,-0.7139508773217436,0.3226169309494516,0.4746460985088862,1,-0.4746460985089201,1,288,0,1,1.6538706034446355,-0.433312801526818,-1.286881302923843,1.286881302923844,-1.6516315924921463,-0.5018658036671731,0.5018658036670904,3.036819062378663,-0.9434329417513244,0.14936297
1.0946145994668388,-0.9963545215351912,-0.815144230704922,-0.7435421503593548,-1.0409053024462778,-1.3665081789843116,-0.7664569394857359,2,0.7664569394857063,0,291,0,0,0.2063991772981393,0.1122931892990316,0.8908462411278006,-0.890846241127798,0.8918455378132387,0.0544379515980623,-0.0544379515981517,2.288311058241741,-1.316311477431856,1.1269497
1.3781753682010798,-1.0427777776098568,-1.5412285189054895,-0.0221915929019887,-1.1595731151544877,0.4306849350842522,1.0542084900889552,2,-1.054208490088953,1,294,1,2,0.7872710432466138,1.9408564420176608,-1.3062851924170256,1.306285192417049,-0.2825251760572919,0.338491766877822,-0.3384917668779214,1.660845063523409,0.9604669392705064,1.3857353
1.6128359998721378,0.7149875694453511,-1.3059028990888464,-0.5792405363692538,-1.4441854642060536,0.3905106365702153,1.073518647467447,1,-1.0735186474674514,0,294,0,2,0.5991313936090994,1.213902603389038,-0.0136288947754341,0.0136288947754294,0.2321880111294433,-0.2357096874636541,0.2357096874636582,0.7142506014437268,1.6670057614968492,1.4960588
0.0978847932842813,1.5779920332653192,0.926659127925033,0.3047246586299893,1.5372922581576136,-1.5285890585171125,-1.2857511901188052,1,1.285751190118804,0,296,2,0,-0.8533739609465065,-0.6263949293831296,1.693245066953905,-1.693245066953904,0.0459320436331479,-0.250504728455356,0.2505047284552676,0.2914860818192242,-0.5244685497779837,0.11878055
0.006369162488716,0.3426771736315862,-0.4976843294629344,0.8774920830745386,1.6829859665931408,1.4300426671952848,1.3740869944465752,1,-1.3740869944465808,0,296,1,2,-0.5582123153402042,-0.08467829486621,-1.9084773103691357,1.9084773103691333,-1.1846124996884946,-0.6509853150488122,0.650985315048807,-0.0801810236019485,0.6021430698591865,0.0030015747
-1.539365996083055,-1.71423429893028,0.5981225365097312,0.957113489190136,-0.6250708625685404,-1.020340559703405,-1.5603383517436211,1,1.5603383517436038,0,297,2,1,1.0943895914661956,-0.6682588774169568,2.105977858644516,-2.105977858644526,-0.4767939387111399,-0.297505619937444,0.2975056199374452,0.7100602249150522,-1.5346720472975592,-1.4828911
1.0683211234684586,-1.3578211342311717,-0.8391074231397324,1.657575855187674,1.692022710528435,-0.5609444659213931,0.1955627424444532,0,-0.1955627424444636,1,298,0,1,-0.0251253309890107,0.109710031845182,-1.2598101703643332,1.259810170364339,-1.5613216369723215,0.0848107215207136,-0.0848107215206812,1.490595387076527,-0.6332369858727274,1.08399
0.5158311696360225,1.6581031738142225,1.0379444604649466,-1.0996603765793342,-1.0021660254892957,0.092903508700201,0.2176280390934299,1,-0.2176280390934278,0,299,2,1,-0.0666312075725785,-0.6486299753894669,-0.015605988458073,0.0156059884580821,0.964175327415667,0.4659003233495629,-0.4659003233495872,1.248772636652122,0.5670272427096641,0.49720982
1.0605096040196045,-1.1879920596498488,-1.491756068941381,1.382267033878989,-1.3403805659216266,-0.0632449852457203,0.6072179303464861,2,-0.6072179303464929,1,299,2,1,1.8834475784610445,1.65521293186787,-0.2793424035262435,0.2793424035262373,-1.428484159792194,-0.3769537065164719,0.376953706516445,1.7494727267493226,0.0743200291139534,1.0839783
-1.6341657009657409,-0.4617468301931932,-0.3784393544829826,0.1438717345901426,1.6100386362433363,-0.2805102883919299,-1.0318718990166176,2,1.031871899016619,1,300,1,1,-1.0149383975501118,-0.2190625782812436,1.1764423920822025,-1.1764423920821976,0.1266292457525388,0.6943116021057163,-0.6943116021057169,1.408582397959799,0.4551588277301394,-1.6288071
-1.2743248885742458,-1.1761710996409127,1.1014970745762616,-0.4261550948251387,-1.507200533971644,-0.9482143066848184,-1.5136380520466544,2,1.5136380520466295,1,302,2,1,0.7485898172383132,-0.7545569966205677,0.3459445098971992,-0.3459445098972181,0.7928369766859258,0.6735180585819587,-0.673518058581949,0.7658209432327592,-1.4536046551419683,-1.2907646
-0.6139712319180345,1.498798379540247,0.1249310536331978,0.7360483458221166,-0.9606683420475548,-1.0500122333067676,-1.159283842891341,1,1.1592838428913288,1,302,2,0,1.17383572349733,-0.3774903589224042,-0.2540572046160685,0.2540572046160779,-0.3831613224547087,1.276770320837408,-1.2767703208374577,0.3376160600050751,-1.5179233028394226,-0.60172504
-0.1467310596088808,-0.9326520845308948,0.5644179683080657,-0.0148231916145871,1.598657066232288,-1.5272853742104595,-1.4377572208083171,0,1.4377572208083316,1,302,0,0,-1.1167805291994672,-0.6293069888602374,0.2000611907813193,-0.2000611907813004,0.3840993282285679,2.0138389408189274,-2.0138389408189923,0.8417058190060807,-1.3134637960861857,-0.1457036
1.325190321877875,1.2997603769138737,0.973341698260908,-0.0678018586728442,-1.308016972076167,0.6372826605223121,1.2081380218925604,1,-1.2081380218925772,1,303,2,2,0.8584839813930133,-0.646509230300932,-1.8984718262278577,1.8984718262278364,-0.2820012168095124,1.746276245098596,-1.7462762450986429,0.1679043594764033,1.4154716249208212,1.3312528
-0.4478401290652861,0.3184565297010039,-0.9120343236928764,0.4821138693880695,1.1149472240347094,1.2433595544961356,0.9438974991832692,2,-0.9438974991832384,0,303,2,2,-0.4383971079123464,0.3437093929690444,0.1898476642207441,-0.1898476642207099,-0.7143861635909519,0.8665549747645979,-0.8665549747646452,0.3250748534245961,2.2635818843242297,-0.45900664
0.3446554906977768,-0.7532404409608131,-0.6102723627306823,-0.281840767518085,-1.3864908694932472,0.9361580419143868,0.97453064069448,0,-0.9745306406944996,1,304,0,2,0.7648164441532572,-0.0676948897053053,-0.0217542917880219,0.0217542917879855,-0.0198792190279906,-0.2413146608202826,0.2413146608202588,0.392133187597541,2.066621272379914,0.32010496
-0.1096048668953562,0.3970270675332794,-0.7137502468378061,0.7053838001380076,0.9404201204505878,0.1567983188963344,0.1616057867914527,0,-0.1616057867914776,1,304,2,1,-0.163229301468658,0.112043864627165,0.583584683831578,-0.5835846838315821,-0.7074421122042301,-0.829447417636033,0.8294474176360364,0.377884336564397,0.9206566976309024,-0.111293316
1.6491094109859554,0.2923893286422297,1.2245646560884331,-1.4734490245126026,0.2179295641472359,1.5018230745589545,1.989199195686138,1,-1.989199195686178,1,306,1,2,-1.1695703544429723,-0.7297012553417145,-1.3112567248161084,1.3112567248160982,0.8358953195284194,-2.3553170129666934,2.355317012966589,-0.2998932643224105,0.240919879079082,1.6364745
-1.5862137996934182,-0.7172515943749139,0.3053899318141321,0.2328143247057869,-0.4590816746743958,-0.1742915473204561,-0.9041432639606446,2,0.9041432639606116,0,306,1,1,0.4787249645426809,-0.5447579151109434,2.0764966936376434,-2.07649669363764,0.0098315655935204,-1.414813137470615,1.4148131374705282,-0.1602063679555062,-0.8357046750276181,-1.585538
-0.6866818638718131,1.0574299474401472,-1.2449511738856327,0.5144586139143162,0.2435382006291311,1.6315851417163507,1.177807280672866,0,-1.1778072806728392,1,307,2,2,0.1871231569733268,1.076333207924773,-1.493783935543348,1.4937839355433915,-0.8062847221087746,-1.5189626451524942,1.5189626451524747,-0.1451767813049392,-0.2066912511493088,-0.69360775
-0.2791946003270927,1.1425880855820234,-0.2855404553731324,1.1766430361180449,-0.8951935966529525,1.1467735880694725,1.013568195103513,0,-1.013568195103522,0,307,1,2,1.4331391326821503,-0.1835781882316026,0.1180864245100126,-0.1180864245100383,-1.3545230723250716,-1.5363443127635237,1.5363443127634495,0.5325348230458122,0.2759760730721471,-0.23007013
-1.116440125771926,-0.6874438374458648,0.8434229649462895,-1.187034919252992,-1.3037510247004849,1.1174764582724317,0.3282381917957753,2,-0.3282381917957889,1,307,0,2,0.081705034883282,-0.6868743215182421,0.4920223531162425,-0.492022353116246,1.0182328870330273,-1.610538229899095,1.6105382298991089,-0.3468127043140697,-0.4384291159959311,-1.0768039
0.5564877399099528,-1.7041476321549045,0.0155396350229128,1.4878692272392724,-0.527357254845767,0.2331335682057614,0.6375897635403104,1,-0.6375897635403284,0,309,2,1,1.3937148598192444,-0.4862227711409879,-0.221763218217384,0.221763218217381,-1.5290698826774127,-1.0087273263968957,1.008727326396874,1.0292188555733262,0.6932091985140068,0.55981404
0.3796636230281971,-0.8812011413392542,-1.5042898858025662,0.6413389058040485,0.6474139554777376,-1.0954736095269777,-0.7256553121946278,2,0.7256553121946312,0,310,1,0,-0.0047011355303698,1.7697564767384806,0.9784956219738824,-0.9784956219738676,-0.4126941910322295,-1.0881999854075903,1.0881999854075743,1.2190473943494002,-1.3027453924782768,0.41102666
-1.4236930046958003,-0.5218229848137322,-1.1623610018865584,-0.8363376778288811,0.6269779487845245,1.4602011530824155,0.5219627838670194,0,-0.5219627838670322,1,310,1,2,-1.012206454366763,0.6925847423303854,-0.8950652315654439,0.8950652315654328,0.6273114238477471,-0.7961819217625297,0.7961819217624597,0.5913747937034252,-0.6352915905081685,-1.3807968
-1.0347412349906189,-1.48546703605965,-0.3988080028145341,1.3708579173481406,1.0539713719040935,-0.7742552688259281,-1.050547712150626,2,1.0505477121506512,1,312,0,1,0.2182766296007174,-0.268463654488316,1.128664923711502,-1.1286649237114754,-0.9819011929263562,0.1228760764536498,-0.1228760764536438,0.6816203476266781,-0.8953599152824039,-1.0312848
-1.5920688957064923,0.7731178303791058,0.9567373555057204,-1.5661463092608816,-0.6774692120951398,-0.2865824514115839,-1.1984165510851494,0,1.1984165510851608,1,312,2,1,-0.6138980319538916,-0.6607889833608642,0.1063391014066521,-0.1063391014066621,1.8135624547374825,0.8026267857177856,-0.80262678571772,0.5054591947161381,-1.2448902774575732,-1.5785477
0.7068508587120147,-1.4921071231153469,1.6479332662612898,-1.1100245855196824,-1.2963058375664416,1.6117919598914403,1.666793819787013,2,-1.6667938197870478,0,313,0,2,0.1297959005659853,-0.8471638992735556,-2.0558528192915246,2.055852819291492,0.5742942619801967,0.3443684987844628,-0.3443684987844521,-0.7017004455818007,0.951575295239038,0.7101488
0.5469594509287797,1.64237470762501,0.0132872648035946,-0.0184405810819132,-0.5442593112460359,-0.5733780089379835,-0.2476905945743433,1,0.2476905945743602,0,313,0,1,0.3639667531701321,-0.3203078131852627,1.3740661202435145,-1.3740661202434783,0.0658600171419893,0.1315523022471394,-0.1315523022471231,-1.008279245744298,0.3647818209879703,0.6642717
1.0252416213617532,0.0007447634140935,-1.6489022548618564,0.4657582342255084,1.6137745684628542,-0.6538482165158881,-0.0350407778036322,1,0.0350407778036513,0,315,0,1,-0.7949752616149734,2.9383326683297715,-0.1523698373061787,0.1523698373061803,-0.4373838905963932,0.3795609419699547,-0.3795609419699117,-0.4032361815862181,0.925826741870046,1.0334355
-0.2162693684764614,0.1501147127490399,0.5697000095685818,0.4063498389509004,0.6357762198797725,0.3871248976190485,0.2836550162662236,1,-0.283655016266228,1,316,2,2,-0.1591149420099115,-0.5883766787983886,-0.2284686516329076,0.2284686516328909,-0.4685698566818495,-0.2144995390737144,0.214499539073742,-0.8514127849809368,0.3909952898485691,-0.24005789
1.0587777492037855,0.4925976262082787,-1.7161319828179118,-1.2131262446925677,-1.5058403809092635,0.5960921402187535,0.9198247816304652,2,-0.9198247816304636,0,317,2,2,0.2035446191398777,3.7941994923398665,-0.4562886351004699,0.4562886351004743,0.8799667817717924,-1.1576571554374748,1.1576571554374484,-0.6873754513265391,-0.3010632076656535,1.049593
0.260788928508558,-0.5906855031123986,1.530605252422171,0.3421635062068118,1.61522014597842,1.5154076455817094,1.5175073187307535,1,-1.5175073187307813,1,317,1,2,-0.8814279598288017,-0.8056410445532102,-0.4286701198847187,0.428670119884698,-0.7411159030698453,-1.0911865893518706,1.091186589351862,-0.0125892665163922,1.3934991781564532,0.24750642
-1.0204673175741528,-1.4427942333731911,-0.7508089271118873,-0.4127934952239642,-0.3096977189439169,0.5665717734780336,-0.0349897639294649,0,0.034989763929449,0,317,1,2,-0.0710397428804511,0.0096827593401648,1.1143032565750268,-1.1143032565750188,0.3775102039641627,-1.1858927049069146,1.185892704906888,-0.1958326768698731,0.3821756750422949,-1.0347354
-0.3927295699329984,0.1802174371494694,-0.1029583601597126,1.2732808926057564,-0.9951437806724106,-1.1046544881254603,-1.0432075033387362,0,1.0432075033387451,1,318,2,0,1.5691354118680756,-0.3380843085309047,0.7237272654926117,-0.7237272654925941,-0.8971269667762637,-0.7370013953724058,0.7370013953723535,0.1793977336400508,-1.1240886752059076,-0.4020019
0.5005418983427182,1.5822468589381409,0.10540483015352,0.9010401554646792,-0.2361872251381137,0.2738230205052488,0.5843452777913432,1,-0.5843452777913459,0,320,0,1,0.7864500411291173,-0.3651476630836129,-1.1677071534154366,1.1677071534154286,-0.9958073695357078,-0.870885247955003,0.8708852479550224,0.4092647827121811,-1.0068640670628108,0.4767697
-1.0784065188181222,0.3123093206533017,0.7294316210638696,1.6913644341678369,-0.3217294330800683,1.0088863042554654,0.555491008111648,1,-0.5554910081116601,1,322,1,2,1.392081296185192,-0.6241532188653036,0.0209339984639184,-0.020933998463925,-1.6849860410485278,-0.7086638012833745,0.7086638012833765,1.7588903547513564,-0.4074754709271628,-1.0884699
-0.962039867659951,-1.5301643823822966,1.340543137728157,-0.9424637472666518,0.9437643585330604,1.4276276257502545,0.7066000876615106,1,-0.7066000876615265,1,325,0,2,-1.3048488878057412,-0.8052259723456354,-0.1082080760157243,0.1082080760157216,0.6781404627848161,-0.3476032746403372,0.3476032746403338,1.1619644274467833,0.9569749247555812,-0.9208911
-1.252071299016956,-0.828543213071901,0.565158223498231,-0.921449445482516,-1.677477157258563,1.1153237402629497,0.2884168563871179,2,-0.288416856387117,1,325,1,2,0.5240076513246368,-0.6254257570562324,0.3003172727283616,-0.3003172727283497,0.7729877851614126,-0.4916017003263266,0.4916017003263186,0.9256079871127494,0.864787173849392,-1.1769826
-0.7956228833897695,-1.385092338685278,0.5189057091326532,0.0860169390527965,-1.2589381574291445,0.8751381316153121,0.4032965930521919,0,-0.4032965930522325,1,325,1,2,0.9308621546065275,-0.6351867313664294,-0.0822098240538592,0.0822098240538295,-0.2066984966158328,-1.1356649307720534,1.1356649307720097,0.3739237265510659,-0.1973521672809348,-0.7950171
-1.4127885915950118,-0.1490299299437917,1.2500357691272457,1.381958537177659,-1.2590351288885409,1.351101497612443,0.6654213383370453,0,-0.6654213383370282,1,326,1,2,1.826929951894708,-0.7480171806985407,-0.1878731491215825,0.1878731491216239,-1.4435372731348175,-1.1717644548571435,1.17176445485712,0.5973913901753791,-0.0276025133558582,-1.3845564
-0.1295142793342961,0.324829004513747,0.5508172458417028,1.1106515201550191,0.8559211088734188,-0.0827916009103912,-0.0191299501163346,0,0.0191299501163168,0,328,2,1,0.1754557513193917,-0.5762330313389394,0.491463545713767,-0.4914635457137922,-1.022897984425274,-0.915911580633338,0.9159115806333238,0.3275523425002159,-0.3358583865492062,-0.13132949
-0.1184960156744952,-0.9227150497527826,-0.7456133579159674,-1.417200097787156,-0.8125919423373302,-1.183539674072876,-1.2658104978333762,0,1.2658104978333966,0,328,2,0,-0.4173911451785387,0.0444753975661934,0.894848673729059,-0.8948486737290321,1.684907271704546,-0.0376858385640825,0.0376858385640869,0.1069572745585911,-1.0999329445446486,-0.11259382
0.227899663446105,-0.2626709427959421,0.2387598774401368,-1.21368206812263,0.5720825212492707,-0.0619427006960421,-0.0731831201566281,0,0.0731831201566326,0,329,0,1,-1.23510187412116,-0.5022006637313391,-0.8556037774429532,0.8556037774429424,1.1550794279393328,0.1233183712428332,-0.1233183712428037,-0.0288340445080351,-0.8987791396608498,0.18324806
0.8688264919048417,-0.0642923102837092,-0.1883885402748311,-0.706940763875824,-0.8563973670697161,-1.1198166773389218,-0.6521964562835283,0,0.6521964562835416,0,330,0,0,0.1039953572340148,-0.3072963545988464,0.4157292911662777,-0.4157292911662717,0.8254849171229155,0.5932819646846514,-0.5932819646845862,-0.3972965777869536,-0.8381544496438775,1.0040532
-0.235733095224255,0.817399680058776,0.0691995198285588,1.235698066669161,1.506817969745706,-1.3814846494151165,-1.2180316639781936,1,1.2180316639781892,1,331,1,0,-0.1886153450606469,-0.3858596115164922,0.4062726387379513,-0.4062726387379644,-0.8174942020921566,1.4318988950413225,-1.4318988950413103,-0.465259223566282,-0.5566220526849877,-0.2521836
-1.388462256622766,1.58501841605394,0.1765943870661771,-0.5184976796446196,1.3262868465275994,-0.1319336298952756,-0.8497131696286656,2,0.8497131696286541,0,331,0,1,-1.2764911839216393,-0.3950726842573522,-0.2640780047752637,0.2640780047752589,0.6996873004814025,1.8017202545851896,-1.8017202545851976,-1.2222736759519384,-0.0988989247216128,-1.3764226
-1.523368123958424,-0.3795479583036604,-0.0653921011918734,-0.4730303783084772,-1.635720335961541,-0.9455225787814588,-1.6375986085131495,2,1.637598608513154,0,332,2,1,0.8051374333515467,-0.3849783497678871,0.5656163474281252,-0.5656163474281142,0.8712583285218104,1.9672607824019688,-1.967260782401996,-0.7835476690041554,-1.0363125006983762,-1.5230567
-0.6748345269925359,-1.6013824826968943,-0.4068409195516257,-0.6202182638336857,-0.2744036058971826,-0.501612905547761,-0.8430042013740286,2,0.8430042013740537,1,334,0,1,-0.2388803857900379,-0.2705810572101714,-0.569974488220504,0.5699744882205192,0.79479176500572,2.310027494000741,-2.31002749400077,-0.5077836831950264,-0.2508563970078534,-0.71102685
-1.6631475056898628,-1.3204558265235928,-0.9421748402499068,-0.4463663635166952,-0.7155938900014942,-0.1818987644358903,-1.0205812117024953,0,1.020581211702499,1,336,2,1,0.1866947997257185,0.2400335418594263,0.1276577471155398,-0.127657747115555,0.6777301526317611,2.474052660755639,-2.4740526607556133,-0.386702945459129,0.1232737940426016,-1.456172
-0.6976760313733428,-1.6224082078720905,-0.0700951728232443,1.436719524711941,-0.5184577463848711,-1.3899660575547774,-1.42941398434043,1,1.4294139843404274,0,336,2,0,1.3521905680304067,-0.4465881168979682,0.2936073641229657,-0.2936073641229703,-0.940602471734131,2.5681717029700657,-2.568171702970074,-0.2932945891239717,-0.1703568625572052,-0.71542734
-0.951800563322426,-1.601097351799215,-1.2499976850057128,-0.4798967462208307,-1.0488493667980203,0.4734778606048974,-0.0918299955753229,1,0.0918299955753149,0,337,1,2,0.3941794857513025,0.7671555323162419,-0.959624943672805,0.9596249436728016,0.4563719906529869,2.2307204046300786,-2.2307204046300857,-0.2753579480348818,0.7775758089948519,-0.964527
-0.517915378578321,-1.5794731184904516,-1.347254479374837,-0.4747755117223439,0.4362819224549474,-1.0159553861670758,-1.210647805643111,2,1.210647805643079,1,338,1,1,-0.630233283621773,1.0370669476804195,0.803094106705434,-0.8030941067054517,0.7565309858967351,2.0406184104332024,-2.0406184104332143,-0.2761688567078246,0.0585297382043621,-0.5234814
-1.5612386388157369,-0.6446458606511403,0.0722309928596097,-1.3168385763338466,-0.0921771809699362,-1.060165842044726,-1.8481225185527967,2,1.8481225185527792,1,339,1,0,-0.8466469608104212,-0.4573204382497898,0.457681296988505,-0.4576812969884949,1.74739157781841,2.488152400801717,-2.488152400801769,-0.5998664311552068,-0.4484156958029137,-1.5219884
0.8149552077543549,-1.6359535263232552,0.8481795682907579,-0.6914428461586318,0.2499058223843502,-0.9433481191429371,-0.5191290945770721,1,0.5191290945771008,0,339,1,1,-0.651032130664867,-0.7214885843450737,-0.9534603364757906,0.9534603364758244,0.7742319131615346,2.264878321402003,-2.2648783214020343,-0.7137457734048942,0.0183460227404099,0.8116638
1.6406175570529953,0.9957286598870136,-1.2996470005163818,-0.0065634397144733,0.3477047667601731,0.9264169635053427,1.6267337718773622,0,-1.6267337718773949,1,340,2,2,-0.2452064118372186,1.2305219257539906,-1.5396475508856706,1.5396475508856275,-0.4516508009660109,0.9041131486658494,-0.9041131486658612,-1.3843940253189495,1.2825735514688112,1.6061639
-0.7137260919380014,0.2942488676779147,1.0187444134786674,0.7283975826140359,0.0404352134605667,-0.9001026220975452,-1.0747705441464075,2,1.0747705441464108,0,341,2,1,0.4756188133715613,-0.6900961103054916,1.938833241952296,-1.9388332419522716,-0.3987304425922384,1.341772375921609,-1.3417723759216262,-0.8229376100464172,1.163740908066197,-0.7242096
1.3594797107976253,1.6578040146586257,1.1003983434217963,0.3232138335417855,1.2395626297233118,0.2710374798825957,0.9391362126130014,0,-0.9391362126129954,0,343,2,1,-0.6345131807706604,-0.661909857698079,-1.444955571550754,1.4449555715507567,-0.5685837582870257,0.3845702200389487,-0.3845702200389277,-0.4521370306464408,1.5594807370613442,1.3730718
-0.5936292411779285,-1.3074462213252571,1.1251244228032482,-1.3032172927013177,0.041254669295674,-1.436572130955994,-1.711379066623551,0,1.7113790666235793,0,346,2,0,-0.9295859901053593,-0.763015485635545,1.9022434028844395,-1.9022434028844248,1.6960859316933057,0.3236845097173716,-0.3236845097173434,-0.4458076480637174,-0.9572276326541328,-0.61045843
0.6072140213574627,-0.7973347456317665,-0.7950892583718544,-0.9099071189805684,0.8759635951857762,-0.4953483108671723,-0.2432917578358907,0,0.2432917578358812,1,347,0,1,-1.235410362638952,0.1061460708404789,-1.053274398110886,1.0532743981108597,0.9080733421945646,0.2008665470013806,-0.2008665470013584,-0.5473211324495959,-1.3630134500653348,0.59821606
-0.2971790596718324,-1.0100283030780504,1.5582257140570868,0.466650164296203,0.245879151427501,0.7330457869104996,0.5597119533067046,0,-0.5597119533066824,1,347,0,2,0.1524485666819818,-0.8215692319314128,-0.5760090222997293,0.5760090222997523,-0.5974736084698007,0.6759633829794927,-0.6759633829794317,-0.3274336369730369,0.6473726872689146,-0.30084887
-0.1266055668446051,0.5106924096723583,-0.7569885169296595,0.4241579949884256,1.0959176811379552,0.0676382910170775,0.0437812245031406,0,-0.043781224503157,1,353,1,1,-0.4652956494144111,0.1668967640882142,0.3704610806767351,-0.370461080676763,-0.4205283921721275,0.1779225773331879,-0.1779225773331597,-0.4688042154619589,0.1477756744050434,-0.07738937
1.40470474504982,-0.5517469271384455,0.5793799892772854,1.6149688352485918,0.0204197886829713,0.923202389283341,1.681113385453417,0,-1.6811133854534268,1,356,1,2,1.1024389934776726,-0.6183774014106748,-1.1747248567561943,1.1747248567562,-1.9136031700317744,-0.152446493897832,0.1524464938978743,0.1314337525238927,2.19812576486566,1.3998673
-0.7808196436179344,1.484921085433696,-1.642564440878132,1.4453428765685372,-0.165275166263545,1.5699543939487188,1.175733141783183,1,-1.1757331417831949,1,356,2,2,1.1136926055355785,3.212144447867425,0.3628900305561786,-0.3628900305561804,-1.6333477598006627,-1.4379477380665835,1.4379477380665582,1.4086033154127553,1.22994521095135,-0.79740953
-1.2610593981397498,0.1111956200784958,1.1985397155584123,-1.0861345938995626,1.2976619856235831,0.9124629346793682,0.0852824031875935,2,-0.0852824031875987,0,356,2,2,-1.6491364203774213,-0.7307084816411312,0.7827378370954747,-0.7827378370954701,0.987605055906397,-1.5842470372650692,1.5842470372650688,1.3267159441164258,0.0553037652108757,-1.1595296
-0.4772113464218909,0.4523384843775427,-0.6486069347565527,1.306315142071887,-1.099094879930664,0.6324771213458201,0.471290625382898,0,-0.471290625382899,1,356,1,2,1.663926099194885,0.0517494760290446,-0.2767721903456181,0.2767721903456213,-1.3258195031579365,-1.5448769959046755,1.5448769959046662,1.7168818806779464,-0.2320781469309544,-0.4093576
0.573155309011007,1.5197936575040898,0.6928064828099928,0.0857644131563648,-0.6500041534622658,-0.6868533917645421,-0.3252466464113294,1,0.3252466464113073,1,356,2,1,0.509205723861268,-0.5698052087491758,0.5718249207559396,-0.571824920755955,-0.0099574637402686,-1.3805654787381074,1.3805654787380837,1.5596410140508017,-1.468927373011891,0.61697656
0.593445230643228,-0.2566068240723523,0.8668993508768702,-1.5984713770731869,1.6030030760388043,-1.2252282772392658,-0.9753062528504872,1,0.9753062528504488,0,357,0,0,-2.2147067274532035,-0.6767956260428669,0.4667122428141708,-0.466712242814183,1.7835025436258976,-0.1977812626863916,0.1977812626863342,0.0664562996587743,-1.4675106145171397,0.5960146
0.028033872317152,0.6907437133441335,-0.1538784366705183,1.7782072804339195,-1.134582716783886,0.2846962830461442,0.4569272018658523,2,-0.4569272018658704,1,357,0,1,2.0147508469754265,-0.2849328936926669,-1.0275455977040755,1.0275455977040908,-1.7345661630365918,0.1222707004444506,-0.1222707004444989,0.2211279309874587,-0.2204121966451559,0.040929887
1.3846156837028842,0.3854628893378533,1.0820741921135624,1.0229682616530582,0.3604324855499196,-1.1198038663850527,-0.2170329670100102,1,0.2170329670099916,1,358,2,0,0.4577915445995406,-0.699814660123131,0.4838633362313713,-0.483863336231372,-0.8922321822808783,0.2568781408441968,-0.2568781408441921,1.2011617691512997,-0.1865592495115404,1.3929313
-0.3904122646186307,1.4983950056875943,-1.530857216750942,0.3589473864937788,-0.5578349999279152,0.1603064118818033,-0.0089268326690998,2,0.0089268326690622,1,359,1,1,0.6342855031285282,2.340851570905331,-0.1491092813248051,0.1491092813247916,-0.3467537005224448,0.4706973813986843,-0.4706973813987658,0.7609497352964562,0.4309978568267035,-0.3723842
-1.0259513795386486,-0.8723907791616511,0.0122266066626912,-1.4443083097123697,-1.0538002703887166,0.9129789537201024,0.1622928041882365,0,-0.1622928041882271,0,359,0,2,-0.2691779048027715,-0.4438698313132397,-0.1226394538531616,0.1226394538531953,1.3150215608725164,0.2536179868043601,-0.2536179868043568,0.049973009189873,0.5611514429275006,-1.0287116
-0.7168777790683689,-0.293313242990028,-1.5504456507130595,0.5522330923803134,1.2957811861546102,0.8256972216642235,0.4470226190884768,0,-0.4470226190884824,1,360,1,2,-0.5150840510737168,2.134506477654574,-0.2040945941902309,0.2040945941902203,-0.6450371584751182,-0.3796811032589678,0.3796811032589248,1.0493378103922195,0.110180625764943,-0.7182101
0.6090202331444982,0.16459055248427,-1.207490013665233,0.8420629674915444,-0.3742958440651353,-0.1194540912232136,0.2795523017061556,0,-0.2795523017061211,0,360,1,1,0.8412675533198257,0.8731297423934208,0.1204051631934589,-0.1204051631934302,-0.861938697483901,-0.3007040360789271,0.3007040360789077,0.6143409577385914,0.4491032473231855,0.6108082
-0.7517755244937123,-1.0050067049694906,1.528422494946868,-1.0777035885185702,-1.262221446652036,-0.9055314190533456,-1.2900104683698563,0,1.2900104683698514,0,361,2,1,0.128550336837878,-0.8172526542918926,1.1265496294321962,-1.1265496294322253,1.3587347219751114,0.1770445976412671,-0.1770445976412448,-0.3617752570901135,-0.7621394101526788,-0.76888317
-1.4042297438930784,1.2362509733524654,0.7255774339147566,0.8179726164570492,0.8067432911582179,0.4912046352743014,-0.1586507936219805,0,0.1586507936219876,0,363,2,2,0.0071396569205165,-0.5890702907355735,-0.811637946129444,0.8116379461294532,-0.7237116194927435,0.2437099449479556,-0.2437099449479245,-0.1484806532965641,-0.7416139109560538,-1.369342
0.8591493415879051,-1.3901050017547978,-0.1528590753479786,-1.0638944069476832,-0.2630589154380834,-1.235359699894171,-0.7980690252131666,2,0.7980690252131982,1,364,2,0,-0.5534858824362343,-0.3967884359691939,0.4590759700449618,-0.4590759700449445,1.2096536979801495,0.6713158838348631,-0.6713158838348329,0.0282857363727914,-0.9125260925539508,1.0207664
0.4906761902556474,-0.5886051110737962,-0.516405836904346,-0.6611893574058205,0.1910494547065781,-0.5960703405634507,-0.3636723810217384,1,0.3636723810217157,1,364,2,1,-0.5893769558682064,-0.1312204701043983,-0.3114958228193195,0.3114958228192807,0.702804464267693,1.0322819135750234,-1.0322819135750236,-0.5355535556026062,-0.2487802807988694,0.50027746
0.7730220351602897,0.2853352687053163,-0.0167483347201368,-1.1251119980084252,0.3726984529158861,1.2750281859246868,1.3965377481479824,1,-1.396537748147997,1,365,1,2,-1.0358590828797436,-0.3736915427952508,-1.2629023428478827,1.2629023428478892,0.6633762689405348,0.5349385207764062,-0.5349385207764173,-1.449637962014171,1.6058892379292349,0.85242337
0.7120252949597567,0.04131052099154,1.119039390695255,-0.7119200317229029,0.3669559000989163,0.070172446933976,0.3341302835512825,2,-0.3341302835512967,1,366,0,1,-0.7462076269066741,-0.718200183164852,0.7626139252271812,-0.7626139252271813,0.5601450117057954,-0.1882183247456862,0.1882183247456566,-1.2796698344949724,0.98754838538664,0.68956715
0.0535362796110357,0.0178213552631728,0.2310753645388366,0.3648464040661729,-1.5135300912815433,1.6155816153455922,1.508407033992526,1,-1.508407033992544,0,367,1,2,1.2998611969450935,-0.4869361924531769,-0.8424353290930928,0.8424353290930906,-0.7592773719036815,-0.9304842142595842,0.930484214259602,-1.4902233501440312,1.6502700274349742,0.0042108498
0.7600318944885263,0.6391676349415383,0.7719208868391433,-0.910705331606844,0.5011705868751833,-0.362253191327425,-0.0499677955513469,1,0.0499677955513298,0,367,1,1,-0.9765442317750292,-0.6226929601110277,1.1185211399888977,-1.118521139988898,0.8556973164151847,-1.2635800526181964,1.263580052618133,-1.4190411993656542,0.228306068564027,0.74011457
-0.5704873453430487,-1.1374277462434017,0.0982069596657893,1.1750939009264243,-0.4359390709157905,-0.918820910154987,-0.9742315863857612,0,0.9742315863857808,0,367,0,1,1.1141888977505965,-0.4909571458626836,0.6634817370217936,-0.6634817370217675,-0.8277917873930035,-0.9917254929481992,0.9917254929482024,-0.5657780572284602,-1.5959838212219348,-0.6718459
-0.0967520397435059,-1.507874236832769,1.5455405804310849,-1.2979607516871454,-0.0040058775473882,1.7328680556879832,1.363330055886553,2,-1.363330055886541,1,368,2,2,-0.8946239773095851,-0.8340658000938695,-1.6772109919435725,1.6772109919435678,0.8393380698304622,-0.976939600805234,0.9769396008052724,-0.6460954429091164,-0.1336076500388228,-0.00037436179
1.2423416584741334,0.3753992505193535,-1.333680859317789,0.4925643870712775,1.6577328903663306,-0.080803010820899,0.5856526139647147,0,-0.5856526139647458,0,370,1,1,-0.8068681055563162,1.259031150694598,0.5582910675325837,-0.5582910675326151,-0.6279688735212946,-1.0889311845550618,1.0889311845550105,-0.0864093731417355,-0.1360873244442837,1.2397876
1.6415836549718772,1.2590043529596446,-0.1518096699122731,-0.995446227712954,1.5360277967147526,-1.0410254399314756,-0.2357887145573824,0,0.2357887145573835,1,370,1,0,-1.7514235105207516,-0.2556554387919048,0.5896961237679501,-0.5896961237679273,0.9884578705373184,-0.3123192474415341,0.3123192474415631,-0.7184946246688318,0.3679569049626963,1.608189
1.0445886700665,1.676733464408759,-0.943694194188011,-1.3899772684969167,1.2201428686186722,-1.3867988623515315,-0.8776344636283742,0,0.8776344636283807,0,372,1,0,-1.805554220653908,0.5109598813627366,0.4608179616477929,-0.4608179616477892,1.5503546316386223,0.0562035028942143,-0.0562035028941864,-0.9411972371080556,-0.4389622506392625,1.0570874
-0.1997030162164191,1.3986636445550982,-1.6541640376410185,-1.4738175262555655,-0.6865752244497544,0.2120053121192766,-0.0644544014216027,1,0.0644544014216066,1,372,0,1,-0.5437600134864444,3.307567198301393,-0.5833115930325562,0.5833115930325546,1.406977984109772,-0.3488793684200147,0.3488793684200246,-2.17206316007748,-1.3450335644936813,-0.2124381
-0.8954322494297079,0.6471746276503536,-0.7761751042016063,0.3460111878781695,1.382369390456755,0.927629458720394,0.4291670283743218,1,-0.429167028374328,0,373,1,2,-0.7175969392653173,0.1991258790204337,-0.3539956524030372,0.3539956524030301,-0.4524918713158606,0.0670614220440917,-0.0670614220441136,-1.4081610461885374,-0.0457038440165937,-0.9077592
-1.3813299403145765,-1.6122820825475528,-1.0103059656198137,0.974603396120211,-1.536525988334408,0.8414443668326036,0.1820952823292677,1,-0.1820952823292775,1,374,2,2,1.7373578213777034,0.3094589292585264,0.1775273143039634,-0.1775273143039661,-0.9548141594763246,0.2467473554138036,-0.2467473554138634,-1.1841726622464257,0.6648016609388302,-1.3799037
-1.441465258778685,-0.9227178094434672,0.7805344745083255,0.7133533052954432,-1.0801620308834177,-1.1347579356279611,-1.6407470333775451,2,1.640747033377565,1,374,0,0,1.2408537653532346,-0.6813895509240013,1.30830355925215,-1.3083035592521297,-0.2341860088611279,0.8723121192597684,-0.8723121192597233,-0.3901472022846831,-0.3996923051320474,-1.4395458
1.3699287952967545,-0.1997087086344208,-0.4373948763110932,-0.2341219667304908,0.2434452504588415,1.4413897801083688,1.930765640072421,0,-1.930765640072427,1,376,0,2,-0.3303734119664135,-0.1635055003336612,-2.562696823668749,2.562696823668732,-0.3238584469017594,-0.3781421640613722,0.3781421640613732,0.1469424445146306,0.5957347378380883,1.3926803
-1.4512773111684132,-0.6976425597177964,0.9567739114798364,1.5544459028151836,-1.0111513333041626,1.0278972815854794,0.3761927036787796,1,-0.3761927036787708,1,377,0,2,1.7746098471150635,-0.7110218198550087,1.1157928935405457,-1.1157928935405357,-1.5186537196372234,-0.5743425057718168,0.5743425057718439,1.5540813251766574,0.5093233266543064,-1.4453435
-0.4609173519847481,0.2765066959610374,0.6841460137632064,1.0371957147510296,-0.970025725942388,1.3806178809408267,1.1191275454757628,1,-1.1191275454757574,0,378,2,2,1.3885227523400578,-0.6140438025428367,-0.5329034764641742,0.5329034764641721,-1.25899579798463,-0.8815508991895163,0.8815508991895122,1.8752530608117053,1.2086546880008655,-0.5075385
0.7459676255872398,-0.0602387170358972,-0.0510604501325983,-1.5315008796361085,-1.5259016544178612,-0.2356613597884331,-0.0096508854430431,2,0.0096508854430681,0,379,2,1,-0.0026906458036511,-0.3753217238891601,0.810241868987689,-0.8102418689876755,1.4484715633089231,-0.7961749527617346,0.7961749527617468,0.7107451347320404,0.7606007276011876,0.5964796
1.617140002438058,1.0877262320672592,1.0899358814975222,-0.4164964160970859,-0.5280505250031504,0.26708430238066,0.9826188515761044,2,-0.9826188515761174,0,381,2,1,0.0775359186842489,-0.6783807837451596,-0.7118267169295809,0.711826716929554,0.1038992450609536,-1.9642418187456696,1.9642418187456765,0.1857394641505851,-0.7115093901556876,1.6232346
-0.0909552863927423,0.3301946515482321,0.0305296253730415,0.5890437608134533,0.8404186102888135,-0.0831328858653267,-0.056045781898932,1,0.0560457818989253,0,381,1,1,-0.1744482204281339,-0.3926274280550667,0.7455760201304074,-0.7455760201304031,-0.5439842864239746,-1.0796040317432056,1.0796040317432145,0.5682387174638803,-0.3130054648658609,-0.08902611
-1.637384913448473,0.2054450860862459,-0.9453657233226014,-1.6456666924406227,1.440477468714312,0.6530695080116435,-0.3893503131474057,1,0.3893503131474087,0,384,1,2,-2.1348428038930227,0.381419059248588,0.2394081406889174,-0.2394081406889106,1.666989693167498,-0.7387421498498721,0.7387421498498902,-0.9187530719731762,-0.954506900672982,-1.6219993
-0.3356693255739233,0.5496867765978717,-0.9294134783088832,0.2930458556835141,-0.8299323641464798,0.685778861942728,0.4802770828781587,2,-0.4802770828781438,0,385,1,2,0.7770577028850306,0.3888219591888155,-0.623818317426219,0.6238183174262278,-0.4177624268005954,-0.4542907654819102,0.4542907654819214,-1.264536133539384,-0.1236148612297771,-0.2829226
1.700839911579226,-0.7525526725323703,-0.592680134173839,0.6483457036862105,1.2306352462492425,-1.682965475737941,-0.6058915600609374,2,0.6058915600609349,1,386,1,0,-0.4035411453033288,-0.0822795249183411,0.7796649963277829,-0.7796649963277957,-0.4510320044446389,-0.1888116037045015,0.1888116037044646,-0.2516299075402956,-0.8230402146532724,1.6775236
0.6220603736977105,1.2542832905601171,1.213733195322997,0.8420276803292638,-0.0874346141840382,0.4439995297150461,0.7893631133522953,2,-0.7893631133523012,0,387,1,2,0.6426883089312763,-0.6974328217829314,-1.0010095471712654,1.0010095471712634,-0.997481805036728,-0.1027635134341477,0.1027635134341754,0.333166702731812,0.4569282279491965,0.6009192
1.3256657216190415,1.455298334553445,-0.6830968558116599,-0.8396067966038793,-0.623951129157831,1.5116060853507631,1.90761678021017,2,-1.907616780210184,1,387,0,2,-0.1486193525747151,0.1586994350398274,-0.8022330475525686,0.8022330475525635,0.2500436212572475,-0.9770941540544074,0.9770941540543928,-0.3306823293315207,1.5234436335140826,1.3514749
-1.2035613141471382,0.634900896118044,1.101884026600939,1.6101837464613116,0.2824021997602583,-0.646294622814893,-0.993075746783011,2,0.9930757467830268,1,388,2,1,0.9177959932241196,-0.6955729594653192,2.0817711172841555,-2.081771117284136,-1.208329097115637,-0.7082823656469213,0.7082823656469248,1.1822090850079818,-0.1363941238735943,-1.1666051
-1.4861858621950903,-0.997597589045016,-0.0464941626650742,0.7220660040646565,-0.273093486217778,1.6536646053003174,0.8299001206473731,0,-0.8299001206473764,1,390,1,2,0.6882543192075707,-0.4249948629878197,-1.307943167437631,1.3079431674376178,-0.9006224866947943,-0.8639537831739672,0.8639537831739866,1.3815612700190965,0.3371323798488262,-1.495235
0.807677541590689,0.6918251324638884,1.4778154893699196,-0.9438359942799676,1.1662797902383326,-0.2270352148562599,0.0905564669778651,2,-0.0905564669778657,0,391,2,1,-1.459814685354008,-0.7604737485946284,0.5307826611889743,-0.5307826611889727,0.848912256424957,-1.1740507730485674,1.1740507730486098,0.6417244543778012,-0.7716022703291885,0.7848379
1.0603012778301315,-0.518841059108928,-1.104165005340713,-0.7838298670392978,1.3492676494841631,0.5174389875434787,0.8958886941997063,2,-0.8958886941997023,1,391,2,2,-1.4758455972251794,0.5760059370140759,-0.5776799702912168,0.5776799702912204,0.4746470986536046,-1.221481824157857,1.2214818241578804,-0.1137604705324955,-0.2939810323806412,1.1827871
-0.212583094773926,-1.2866990379575396,-1.5102281891543234,0.0340067684472753,-0.8484640534186862,1.0355994222220888,0.8253283553678544,0,-0.8253283553678841,0,392,2,2,0.6107877024321293,1.7297289859364733,0.0508623606096333,-0.0508623606096575,-0.272581302657986,-0.7395874548870962,0.7395874548870894,0.2921803080194107,1.1501124924238653,-0.2734208
0.5776453393786471,0.0045994536170572,-1.0247713632979898,1.3583394954357075,0.7045627489089007,0.5909140298697301,0.9538286141413448,0,-0.9538286141413798,0,392,0,2,0.4514693857293806,0.4871650077845356,-0.0919839391061879,0.0919839391061843,-1.4987491233817491,-1.6064564220710744,1.6064564220710311,0.1751561964155938,0.3040005488420312,0.58164966
1.6580573670804502,-0.4356591086415551,1.6464239730497734,-1.0257569420881498,-0.8119968767365371,0.2450802727023697,0.9181859161625724,1,-0.9181859161625908,0,393,2,1,-0.1471632604852044,-0.8175133252898129,0.0258053887595293,-0.0258053887595175,0.6998105274482493,-1.6457661169442872,1.64576611694425,-0.637002217688945,0.5312453280245691,1.6649117
0.3589880688676345,-0.8482309113180118,1.1585480546923053,-0.4038926735182122,-1.292984892021218,-1.5519947216522196,-1.2546689604830348,1,1.2546689604830457,1,395,2,0,0.6157095967936306,-0.7541078020216249,1.5594733024642062,-1.5594733024641865,0.7011665528766686,-1.0467977236643686,1.046797723664291,-0.3861075191947731,-1.3106318296608277,0.37034371
-0.4513519557102432,-0.9887676265406208,1.6610535458663402,-1.171821364251959,0.9574749961358738,-0.0517778762296307,-0.3907294129300825,0,0.3907294129300776,1,395,1,1,-1.4729143842759398,-0.8348671296466786,-0.6197367055079027,0.6197367055078918,1.202125904222931,-0.4739245347839699,0.4739245347839591,-0.566394978949138,-1.4451165560912749,-0.4403546
1.5769573316843193,0.1194466266647198,-0.8791793021843585,1.069706861986328,1.0860250641360116,-0.0865899146634066,0.8048813665550079,0,-0.8048813665550105,1,398,0,1,-0.0121225021875745,0.282145273274575,-0.8577446727984951,0.8577446727984972,-1.2046130605696166,-0.4648204100873674,0.4648204100873581,-0.0851376826605817,-0.5014478975376122,1.4292063
-1.429815233613167,-0.6817038730186483,-0.4023484504673997,-0.9132291947280996,-0.5029100635940461,-0.9946183238165522,-1.6826257593809992,1,1.6826257593809706,1,399,2,1,-0.283301317328035,-0.2169914549823911,1.7852684123407678,-1.7852684123407876,1.3069580976886914,0.7090741713176092,-0.7090741713176626,-1.1406642902004198,-0.978993613997336,-1.3240567
0.8298726016761958,-0.8010665719164617,0.976839145107974,-0.751314210006404,0.1079443095593035,1.060904812416684,1.2726279413264112,1,-1.2726279413264188,0,405,2,2,-0.59416601028628,-0.7185593512344046,-2.120468100446008,2.120468100446024,0.340474565698687,0.551257075394905,-0.551257075394941,-1.01313937439551,1.1687446805877033,0.83671945
-1.502708700878207,1.1764141841717812,-0.0282012600180813,1.037248338498873,0.8191884141128454,0.4325921024740279,-0.2357308378825099,2,0.2357308378824787,0,405,1,2,0.1501305746046766,-0.3236138585049015,1.0826295180270389,-1.0826295180270564,-0.9000469184910107,0.0975697470950655,-0.0975697470951094,-0.3434864204752717,0.2402707427692385,-1.5191209
-1.1287159202993575,1.450391909376931,0.5136634407639711,-1.151388144268271,1.2026118725537829,1.1624063745741389,0.3661871165295179,1,-0.3661871165295592,0,406,2,2,-1.628461842786159,-0.5206257644366067,-0.4317094641748991,0.4317094641748921,0.9732132637510676,-0.239451147873615,0.2394511478735428,-0.3339917450714884,0.1754982449532983,-1.1118264
1.2050441980858528,-1.3888208879079162,-0.4945815691339809,-1.3598822897481435,0.3587440456517617,-0.1387337338220618,0.3189447399705972,2,-0.318944739970591,0,406,2,1,-1.1885181151370907,-0.1992655400951241,0.0341293422842587,-0.0341293422842246,1.1889635614169265,-0.0230854187403971,0.0230854187403061,-1.4629454967896272,0.961585315444176,1.046282
-0.4863196517819649,-0.1891826967294006,1.4691221494693594,1.2985264084668802,1.2732789912014215,1.6466858210429156,1.3722423838519644,2,-1.3722423838519435,1,408,0,2,0.0164706594103028,-0.7848691455083564,-0.7556204700858291,0.75562047008584,-1.5565243201410617,-1.383280837353556,1.383280837353566,-0.435212151697922,0.232855507755933,-0.47110328
-0.1668750376030402,-1.719185237696944,-1.3295299350395624,0.2550071823695037,-0.8971446836053083,1.6774813666167163,1.4446177209456852,1,-1.4446177209456827,0,410,1,2,0.7972800640861641,0.9646870025768088,-0.051708578335446,0.0517085783354328,-0.6421892683792398,-1.4598601525049553,1.4598601525049109,0.0323937851107563,1.356636791414754,-0.17250988
1.4175155304558464,0.4000839419798966,1.036306880233547,1.0011460748198953,-1.2417915115491909,1.169049942832095,1.841827863470938,2,-1.8418278634709535,1,411,1,2,1.5517047354955946,-0.6901495582973978,-0.2848107117210056,0.2848107117209928,-1.4186057884560797,-2.384903622463168,2.38490362246314,0.0156181973547765,1.2664947554194204,1.440204
-1.1095304297499495,0.4422626892707526,-0.7859259372365509,-1.5357381540527295,-1.0733221881492696,0.9384769650625658,0.1346268005707676,1,-0.134626800570755,0,415,1,2,-0.3188792005898644,0.1941850642148942,1.2253191552231633,-1.2253191552231435,1.412499266188614,-2.281800226135733,2.2818002261357297,-0.1629771775913515,0.0297530055438628,-1.11217
-0.3327456778709568,-0.7971480072179536,0.330265883839563,-0.4753120009402265,0.5123033359951193,1.3349894752772389,0.9801718701507528,0,-0.9801718701507546,1,415,2,2,-0.6832234476082029,-0.556196929099598,-0.606536789777455,0.6065367897774449,0.1597935327793458,-2.576214934386243,2.576214934386281,0.2480548462778541,-0.6530301100546562,-0.37304983
-1.1966095726699637,0.2581988142247455,-1.321394207296706,1.1637965560973162,0.5282411183041298,1.0987444312140764,0.5221296588800871,0,-0.5221296588800795,1,416,2,2,0.4390077817756284,1.2032248004586432,0.3289201598461961,-0.3289201598461895,-1.2132614005179787,-2.1976979642273986,2.197697964227352,0.1854501165059667,-0.8435491249049341,-1.1677703
-0.806927923781551,0.3854581552459402,-1.6688649316134998,-0.7290444397051518,1.1377262204163516,0.546957684093174,0.0179741474749435,1,-0.0179741474749606,1,419,0,2,-1.2915462798676782,3.221814321969187,0.3620111601301948,-0.3620111601302128,0.6630603329658085,-1.5624777315873406,1.5624777315873546,-0.271807757662759,-1.0157385939553034,-0.8156739
0.4301277584066712,-0.2791498445188871,0.5719464232451626,0.7893318355109379,-0.4918692362203314,0.1351864074189796,0.4142840088474716,1,-0.4142840088474713,1,421,0,1,0.8861897917135368,-0.6057593610962868,-0.2841646680894544,0.2841646680894671,-0.8504041804432979,-0.9268566442321908,0.9268566442322028,-0.3702311803902007,-0.1269649087234449,0.4375933
0.082118503690547,1.1557586135147395,1.648343737532649,0.5285888951139619,-1.1783321348469156,-1.5417316592407233,-1.281400297762446,0,1.2814002977624244,0,422,1,0,1.181059308559333,-0.7734258230084867,1.2170547069064723,-1.217054706906489,-0.1612453928111754,-0.2963634505892999,0.2963634505892512,0.5889967472066181,-1.4421232697962183,0.10709538
-0.565336212944969,-0.1356501973185083,-0.0158098533458378,0.6626137447393436,-1.5145195477982212,0.0223039550353501,-0.1852398258378831,0,0.185239825837883,1,424,0,1,1.5064193359018128,-0.3951675432422265,-0.7863789248226374,0.786378924822653,-0.5762363766155417,0.2225419735919634,-0.2225419735919881,1.1177550925608053,-0.8458761926301335,-0.5297109
1.28245560201759,0.1100655986806103,1.7052185256115655,-0.1768299539327781,-1.0929779701918425,-0.7120196102453945,-0.0299046158535626,1,0.0299046158535797,0,424,2,1,0.6342609500159003,-0.8104432949806315,-0.1112407560234106,0.111240756023423,0.1545943314403085,0.4683380132913228,-0.4683380132912826,0.4948080699867299,-0.2179157234053298,1.2685047
-0.5109406491827981,1.5613231924240567,-0.678401020657007,-1.3268671455334522,-0.3188429787832775,-0.3822579784116056,-0.7315340483024073,2,0.7315340483023915,0,424,2,1,-0.6966908386423976,0.1615695996698827,0.5037188574385082,-0.5037188574385321,1.4478597911616986,0.8020603103952586,-0.8020603103952532,0.2170186395699296,-0.3251846087565116,-0.5278149
0.4707384093965487,-1.6945971634220098,-0.8346873991787807,-0.6163764533688255,0.6330751916864014,-1.35421249160395,-1.0460475563139118,1,1.0460475563139089,1,424,2,0,-0.8643478170623545,0.0770892548420706,0.2259236632505607,-0.2259236632505518,0.8466256295803014,1.4522802909168098,-1.4522802909168036,-0.4361698410499935,-0.0251594864995104,0.49450442
-0.4355413184122419,-0.6899411006087768,1.1976170645134872,0.0705639511867935,0.1911779318643676,1.2459277019471593,0.9084720950567944,0,-0.9084720950568348,0,425,2,2,-0.0835391800430252,-0.7559079969665088,-1.4023392609515863,1.4023392609515604,-0.3287271029566769,0.4772285844598476,-0.4772285844598162,-0.6489996433471906,0.3626810193353484,-0.5303266
0.7322932103272669,-0.525934623186649,1.005441788285148,-0.642270325882722,0.7885544227035399,-0.5448968042836081,-0.1981711121865491,2,0.1981711121865595,1,426,0,1,-0.9898676086994642,-0.7149315143887663,0.7943575863448392,-0.7943575863448034,0.6395040267214177,0.4829863048010654,-0.4829863048011015,-1.2553382771998916,0.4037995991605863,0.7702895
-0.0617882479090834,-0.9428230960688136,-0.4198747571294593,-0.8286250050622062,-1.566658460076894,-1.3120699510785898,-1.290496955873828,0,1.290496955873823,0,426,2,0,0.5114808662722437,-0.2216223201502424,0.7840834164172752,-0.7840834164172867,1.1173968803146408,1.04427138986535,-1.0442713898653355,-1.5582069609024676,-0.0856467316709809,-0.014449009
-1.128282078000923,1.6781977870908522,1.4055900983017735,0.419672984541533,-1.5246929961519318,-1.099487139475751,-1.4877772299951926,1,1.487777229995184,0,427,0,0,1.3454942844660265,-0.7193701375023289,0.1417968502781014,-0.1417968502781041,-0.0059158736590291,1.3809924733512795,-1.3809924733512602,-0.7466446311288081,-0.9604410716426488,-1.137967
1.30553236811018,0.2501984708716829,-1.2057373186362643,1.3518432684613373,-0.5342331587501503,0.4577265241208586,1.188913212182151,2,-1.1889132121821475,0,428,0,2,1.304427161617343,0.8787667860267628,-1.920570525554279,1.9205705255542889,-1.5549755204784816,0.3858649406546933,-0.3858649406547075,0.1679252407277145,-0.2283180656446926,1.301956
1.0100282158260128,-0.1123225105261778,-0.8338172214200399,-0.4066897208524488,1.1520185366411535,0.1007558092121972,0.5391287970763524,1,-0.5391287970763619,0,429,1,1,-1.0785661647421176,0.2058736985758093,0.4665147649398118,-0.4665147649398215,0.2154464047876081,0.5503169033102706,-0.5503169033102361,-0.0538395474404082,1.228252704319077,1.0158008
0.9361555681490342,-0.3954599346491345,-0.2745907567033648,0.6311178399599505,0.9269249583423392,-0.7371053215899547,-0.13529004778334,0,0.135290047783324,0,429,0,1,-0.2052351642214485,-0.278144572244474,0.4841924830733178,-0.4841924830733227,-0.5610090429073035,0.5223187928489565,-0.5223187928489926,0.5378639289252437,1.347481759086809,0.9774738
0.3426074818630986,-0.6896674949283551,-0.936186165868194,-1.575386186488544,1.3617684719417629,-0.3187414048863213,-0.2851487553333557,0,0.285148755333347,1,430,1,1,-2.031772098084553,0.2882569411439636,0.1077670352723502,-0.1077670352723451,1.568426585828379,0.0746824457564173,-0.0746824457564348,0.1908674678952476,0.3346157217428308,0.3114512
-0.1756392749175084,-1.4617756462115132,0.0172313802773474,0.8114751127588871,-0.7571030133376329,-0.5626985891711244,-0.5021980508308429,0,0.5021980508308201,1,430,2,1,1.0850845413459829,-0.4749647770656579,0.1559831412194144,-0.1559831412194245,-0.626444779778868,-0.3641516450535556,0.3641516450535317,0.3729256081640889,-1.3100851039631942,-0.18365832
-0.918809673928962,0.1986164241262077,-1.0886005254901867,-0.9044804315718687,1.150787854415212,-0.0365483050904688,-0.5765689717179866,0,0.5765689717179979,1,432,1,1,-1.421881703390666,0.6204733616559951,0.0535968422344242,-0.0535968422343997,0.994457665349565,0.4219381845529531,-0.4219381845529599,-0.6755171313931478,-0.8098533730393497,-0.94643223
-1.1638693090375731,1.4381996618032546,0.7582766833340758,-0.976377822267455,-1.6449107474430271,0.5031772386413512,-0.2213937694856489,2,0.2213937694856322,1,432,0,2,0.4634894599044374,-0.5901517143506075,-0.2546463509592518,0.2546463509592319,0.9660930865400764,0.7605646856937919,-0.7605646856938129,-0.9402332950056306,-0.145859522947771,-1.1758983
-0.5648327432926137,0.4125688467006677,0.1480959548184787,1.6101082964368356,1.736712941257621,-0.5239995264632575,-0.5724864933784676,0,0.5724864933784236,0,433,2,1,-0.0888768548728512,-0.4376334690150907,0.2521729848039225,-0.2521729848039423,-1.3185347534632457,0.95522860388933,-0.9552286038893624,-0.4853271854904428,-0.0930565424981455,-0.5559142
1.515360202861836,1.5357506280415736,-0.1861662824125808,1.6936432761457705,-1.40471009784914,1.2774170134471583,2.0599037611298425,1,-2.05990376112985,0,433,1,2,2.14325645447078,-0.2214061374264398,-1.888780618554259,1.888780618554286,-2.080796323052238,-0.0889178337782429,0.0889178337781739,1.03368810715006,1.5935128949251574,1.4893181
1.5753238834966805,-1.5407368439520643,-0.7309436380357158,0.1381738537303284,1.1220008451813082,-0.0455763613289342,0.7417846408315126,1,-0.7417846408314843,1,435,1,1,-0.6810759518052228,-0.0170403709952914,0.9461131423028456,-0.9461131423028206,-0.3460105769386958,-0.6428073893000894,0.6428073893000769,0.7208261642679971,1.528104594700963,1.5640787
0.2195185565104156,-1.1125024118326663,1.097283753813702,1.0917804141122602,-1.6466492241005724,-1.4388240174227562,-1.0626575706554036,2,1.06265757065541,1,435,2,0,1.8945960795367955,-0.7517209498756974,1.2950996061151436,-1.29509960611516,-0.7298630679160298,-0.4263739937116558,0.4263739937116523,1.6484258654496629,-0.1161941834430059,0.20440699
0.8481088308877518,-0.5825206205155462,1.5580374511290676,0.9127834379613516,1.5921898598154371,0.2770360874851338,0.757871802389656,2,-0.75787180238966,1,435,1,1,-0.4709664930261013,-0.8093360984526003,-1.3061875579678286,1.3061875579678217,-1.052395281814385,-0.8623969190942653,0.8623969190942334,2.526259753872033,-0.1453049433881504,0.8624458
1.6966052557071314,0.3821142157067304,-1.3828860240078809,-0.1670340158670833,-0.835898121590469,0.6155812946741661,1.3592389574574326,2,-1.3592389574574553,1,436,0,2,0.4630924959573538,1.4348634087792091,-0.4313142094175163,0.4313142094175031,-0.2310455751322598,-1.722507400152472,1.7225074001524816,1.7004775514036594,-0.4325290616568362,1.6688863
1.5452800214218765,0.774184374814052,0.2574414479913485,1.5669621074195,-0.9325564547378322,0.0577842214195269,0.9712613285233423,1,-0.9712613285233692,0,436,2,1,1.7288629229100991,-0.4628780006207679,0.2786416695356202,-0.2786416695356234,-1.6857341357144189,-1.237783876939387,1.237783876939378,1.6416127920662782,0.8944447938414996,1.2798532
0.4382374713157314,-0.062219185245277,1.65769245789052,0.9301860682113176,-0.0663330020446896,0.6172208263604857,0.863906996067597,2,-0.8639069960675878,1,437,1,2,0.6890343467591342,-0.8086675410948544,0.07726580711878,-0.0772658071187541,-1.0960876278465543,-1.2921594703574977,1.29215947035749,2.0096359865667064,1.2632486808150192,0.42117044
1.040334698206178,1.0084783347985615,-0.7293638508540173,-1.0468634025620018,1.297432205263796,-0.4000381429280357,0.0384307090355648,2,-0.038430709035576,1,437,1,1,-1.6218256774876516,0.1746937270087406,0.5925916184041432,-0.5925916184041582,0.962567308204144,-1.7824245696358674,1.7824245696358518,1.0158753918177723,-0.6032874599127902,1.0708684
-1.6413529981243886,0.0351034762571293,-1.3764202780976929,-1.654580338152788,1.5589090324514654,-0.5427919330695078,-1.4607606399524111,1,1.4607606399523962,0,438,2,1,-2.2229796018227823,1.3610897645597109,1.0760509509941063,-1.07605095099411,1.974626691320556,-0.7945673063542262,0.7945673063541959,-0.1770978995718936,-2.046135202249918,-1.6305977
1.1592160656493262,0.8945786308623529,1.046360526255228,0.3795042191310237,0.9462495232349396,0.0135178289047853,0.6174048299464158,1,-0.617404829946416,0,438,0,1,-0.3925739876477227,-0.6757826950106592,-1.491067758025068,1.4910677580250793,-0.5335800710364795,-0.4642619267761559,0.464261926776148,0.076861248384474,-0.9448736459045204,1.1973286
1.4018160150987753,-0.0879085838902469,0.960029120961848,-0.970600981394564,-1.535843197056261,0.6687875255244436,1.17774159529218,0,-1.1777415952921826,0,438,2,2,0.3919909405543323,-0.6908792916983639,-0.4018707162390681,0.4018707162390668,0.575459423225008,-0.556198304951844,0.5561983049518008,-1.1022645998244462,0.3736805477919316,1.4450825
0.3686529065837496,1.6809700098917035,1.196334473558799,0.5810487263195663,0.9956216593015066,-0.2152514291396557,0.0490724973465369,0,-0.0490724973465329,1,438,0,1,-0.2874017766767112,-0.6805841540027552,0.8101634114182705,-0.8101634114182664,-0.5648128504009445,-0.1933891426173558,0.1933891426173923,-1.264497754229255,0.8256825060228258,0.36110651
-0.445444542980488,0.6247271393919073,0.0487624678425361,0.1794538950145415,1.4438841625491423,-1.6489101952607252,-1.6713921878848934,2,1.6713921878849112,1,440,2,0,-0.8753312110287891,-0.3862626018887493,1.2348371582515838,-1.2348371582515747,0.2658064132672277,0.567918109279222,-0.5679181092792404,-0.6946666315855236,-0.3094625162080044,-0.51359683
-1.5919566626070591,0.9333093321383806,1.017139819142126,-1.6834703403206488,-0.8215599987857191,-0.265531311972373,-1.1920142920845898,1,1.192014292084575,0,441,0,1,-0.5952802886597511,-0.668365189024785,-0.3437744627219837,0.3437744627219606,1.928457011869089,0.4482574450542849,-0.4482574450543034,-0.7080909079950852,-2.013519044278435,-1.4379021
1.7350440701463052,-1.059932981584964,-0.865333570246438,0.2507936107495916,-1.231069050534814,0.8219019859818295,1.6067082270063435,0,-1.6067082270063264,0,441,0,2,1.0254970727085042,0.1650717538639153,-2.0081409982819,2.0081409982819234,-0.6819304325046726,0.0077651274790548,-0.007765127479068,-0.767898684184078,-0.1208279336535468,1.7149556
-1.1503558079319276,1.5617447310639232,0.9347976222661336,1.5464855148233398,-1.2409323194978656,1.680071558985452,1.1047524012900694,0,-1.1047524012900778,1,441,1,2,1.9281521078885917,-0.6288364128617466,0.3604326610953633,-0.3604326610953817,-1.7029340416676733,0.0402639335273505,-0.0402639335273299,0.4017123347306229,1.6747514620456314,-1.1497846
0.0594326883571877,-0.3710206877784071,-1.69512236860391,0.9948416968496504,-0.5233039208140408,0.6399059514431926,0.7064104657693158,2,-0.7064104657692928,0,443,0,2,1.0500351322923875,3.3185026676648834,0.2860791175431144,-0.2860791175430921,-1.1119383965545049,-0.2524191058731501,0.2524191058731777,0.5939889285658563,2.192002443180785,0.09705827
-1.1655798525666707,-0.6561017026185418,-0.2395277804241381,1.540722650729333,1.1630880082293866,-0.426026880168504,-0.7851270247325896,0,0.7851270247325803,1,444,1,1,0.260192814098014,-0.3124532773190694,1.0705585261926116,-1.0705585261926354,-1.2017858467894986,-0.6470331311190133,0.6470331311189699,1.2265277542202957,-0.0285606736137645,-1.1482947
-0.3061911426986222,0.3660967756338545,-1.051462018459925,-0.0921729087721531,1.43439736730921,1.1112690584390172,0.8339124747703088,1,-0.8339124747703115,0,444,2,2,-1.056564773795165,0.5686651033286351,-1.1615980047767125,1.1615980047767176,-0.1581822751109204,-1.549087222332742,1.5490872223327723,1.9659536790370893,-1.0702554337694092,-0.32563007
-0.4243096571228866,1.5889431670932512,-1.5494085703654623,-0.5514966349286843,1.1579984376205967,0.7638144931568187,0.4170923512178351,1,-0.4170923512178512,0,448,1,2,-1.182823242776362,2.47886745837722,0.2993391037861554,-0.2993391037861652,0.3852422419788397,-1.019404765254765,1.019404765254711,1.5931546063301902,-0.389783028334116,-0.577988
-0.8665662267318607,-0.0344257388258094,0.6037524021564051,-1.590605049729842,1.1672227426819557,0.2777787203444727,-0.3431264609980292,2,0.3431264609980269,0,449,2,1,-1.9076368279694795,-0.604812105558699,0.54576271846903,-0.5457627184690204,1.599611027625854,-0.3747294133728894,0.3747294133728992,0.1354471746833493,-0.2806153166922095,-0.8514043
1.164292777300414,1.003458048885867,0.9249240328553954,0.6532760427199015,0.4036308322967256,-0.0210947477527271,0.6180321000006205,0,-0.6180321000006279,1,452,1,1,0.1722898359792018,-0.6458177350870093,-0.6895012721765619,0.6895012721765585,-0.7821400042981475,-0.3353785011283402,0.3353785011283251,-0.0232676542878598,0.5051420514261389,1.1977907
-0.9183451102317494,-0.0381503444120684,-1.6858850790674846,1.1615621768339808,-0.9635375621088036,0.0563144605631366,-0.2739132243651844,1,0.2739132243651987,0,455,0,1,1.4700175740696355,3.299551925934668,0.6402899381270353,-0.6402899381270201,-1.0008395732861632,-0.5629990191307214,0.5629990191306913,-0.1994516149389036,-0.6283263177320905,-0.97659904
0.1181538060363196,0.2086260119854072,1.367945585514401,-0.2998038843598251,1.4008773897015403,-0.6102641356749896,-0.519540411888641,2,0.5195404118886248,1,455,1,1,-1.1769173904099144,-0.7570060696512207,0.1764906960981538,-0.1764906960981758,0.4028349237345174,0.0396326917732165,-0.0396326917732385,-0.2959312064349615,-0.5628004359351276,0.17696774
-1.1254715052245232,-1.6603462113745082,-0.2748687625173678,-1.0355022026953316,-1.2856595712391352,0.499266002138355,-0.212453178257693,1,0.2124531782576698,1,456,0,2,0.1739509527159779,-0.3501423005868029,-0.2201383244678316,0.2201383244678267,1.0207291008153812,0.3199410078287114,-0.3199410078286889,-0.5208333884324954,-0.2741987838780386,-1.1169792
-0.7905480543256185,-0.6166393956186623,-0.6822283760726123,0.2886966620733504,0.8632357940912018,-0.9617500148970364,-1.2140026978767955,2,1.2140026978767884,1,458,0,1,-0.3978983317106953,0.0059157822568169,0.7189421370735393,-0.7189421370735283,0.0414698320649605,0.7077030361851465,-0.7077030361851837,0.352419077580491,-1.1222441296767702,-0.7982021
-1.3759454846904693,0.8908630064426519,-0.1380591599153461,0.3955429009527077,1.1311928649347338,-0.2101630440986909,-0.8164230426895396,2,0.8164230426895195,1,458,0,1,-0.509496022315383,-0.2826936770183693,-0.285075874777379,0.28507587477737,-0.1637078701645928,1.3464014093426302,-1.3464014093426269,0.2326585834523163,-0.5551577897183486,-1.3568314
0.3271297538929532,-0.2920671126361401,-1.5005804886288294,-0.3756862654384356,0.4588797984030061,1.6571243290501816,1.600219951216697,2,-1.6002199512167097,1,463,1,2,-0.5773654219060137,1.851947343774524,-1.7339599346942989,1.733959934694305,-0.1023956634771422,0.5119341787538049,-0.5119341787538145,-0.4816524740313541,1.1291955583270528,0.34417784
0.1112234538302338,-0.9811238364782114,0.2587958029356688,1.6994538011360512,-1.6758948242985985,1.19539448520887,1.302839198304049,2,-1.3028391983040462,0,464,2,2,2.334977936748893,-0.5409652412218975,0.2136291624842109,-0.2136291624841998,-1.8876367521070008,-0.2994895163242392,0.2994895163242374,0.4473397644631967,1.8163878245101144,0.12349923
-0.0486526592613627,-1.6463991337983026,-0.0211578774798362,-0.3237014405154497,-0.2337220310794624,1.1315348783108723,0.9529548516383022,1,-0.952954851638314,0,464,1,2,-0.0620300048229589,-0.4684967128497882,0.2513058507873326,-0.2513058507873433,0.02508051054521,-0.8183933081593056,0.8183933081592722,0.778091216973233,2.005622125093512,-0.010417764
0.4904998461578004,0.4633148807529161,0.8668418224539609,0.6903203299826174,0.8713953760971593,0.4014353973987135,0.6710926428336316,2,-0.6710926428336494,1,464,2,2,-0.1258676271731291,-0.6514561704357178,0.202493022889173,-0.2024930228891775,-0.8297055701206324,-1.6577414979538292,1.657741497953789,0.9647131181869748,0.7224073742274422,0.4970226
0.0077438637171687,-1.629492851260094,1.204211498958195,-1.510909152178448,1.4554678133359455,-0.3035215125002447,-0.427917171000218,0,0.4279171710001972,1,465,1,1,-2.052048596153518,-0.7867424406760288,0.7888798473249304,-0.7888798473249329,1.5445307605074123,-1.8307256930152924,1.830725693015287,0.0788447415041752,-1.4598627824461363,-0.0010592521
1.051534268172307,0.9583703457363564,0.1520379823850407,0.5877025333933845,-0.54688884945152,-1.6272018730459814,-0.8789862108256747,0,0.8789862108256635,1,467,1,0,0.7848679314565546,-0.4139251277839239,0.3239161974839054,-0.3239161974838987,-0.322879748873019,-0.7268466693403814,0.7268466693403086,0.5265012508477246,-1.7884891861654215,1.0627607
-1.5538372297561942,0.8492721157308433,-0.9691050311530948,-0.4739329780804154,-1.2142482649944313,-1.226736279442401,-1.9038163284083156,0,1.9038163284083096,1,472,0,0,0.5127858391018651,0.47604275073235,0.735648342692671,-0.7356483426926675,0.9446917900412536,0.700932845846512,-0.700932845846586,-0.4834033071222413,-2.261006811117164,-1.5333077
-1.3462048965096145,0.256653647535034,-0.2334011640123749,1.4154192461419182,-0.3258181717089107,1.3121767468148635,0.6666490474749039,1,-0.666649047474912,1,473,0,2,1.2041257097464806,-0.2648561727354021,-1.844343196591532,1.844343196591531,-1.47323258372885,0.8284119463792943,-0.8284119463793196,0.3247114403817986,-0.463492328520987,-1.3393338
-1.539524696847977,0.4907085850021221,-0.4081069899477719,0.9066049212393898,-1.5332796489336522,1.5438250316603617,0.7253596438862033,1,-0.7253596438862205,0,474,1,2,1.6880973786448663,-0.1411128695725209,-0.0419027319422201,0.0419027319422136,-1.038239861270567,0.8042492909870693,-0.804249290987105,0.4252120952204324,1.1965811124742791,-1.5211263
-1.0563041837828138,0.6798908014157601,0.1033114579137606,0.4571999331912864,0.5141834062259869,-1.0447235478107102,-1.399775742654203,2,1.3997757426541997,1,475,0,0,-0.0397956138455897,-0.4069221390739412,1.5252296969096233,-1.5252296969096144,-0.0640313723039185,1.236974212235166,-1.2369742122351952,1.3397305577895096,0.4921766823667871,-1.0812986
0.2564344943315808,-1.48927327305127,0.4128249227345743,-1.3518957924779058,1.008335839256752,1.6570607450030277,1.4620128049797556,1,-1.462012804979732,1,476,0,2,-1.6326200044369186,-0.6102672936827709,-2.053397311804108,2.053397311804128,0.8642534276785082,0.1946326161403491,-0.1946326161403636,0.4384601494756669,1.4494797428972397,0.24757814
-1.437330044119239,-0.0696757349690004,0.7626345909555823,-1.0562557169628346,0.1639832415400184,0.1205986431669437,-0.7050090359107348,1,0.7050090359107205,1,478,1,1,-0.8437875266240621,-0.6462453146564254,1.555287503849303,-1.5552875038493317,1.1765840308116655,-0.3391423654958939,0.3391423654958979,0.1678730667572703,-0.625822776075165,-1.4042063
0.0121203733422629,-1.1316429805150698,0.999724195637347,0.635892974357347,-0.1003549015097776,-0.2095297207988961,-0.1137676371797563,1,0.1137676371797384,0,479,0,1,0.5091118458421237,-0.7341979245557502,-0.424047945566517,0.4240479455665147,-0.5710859975792671,0.0083420918703445,-0.0083420918703078,-0.1943483024259842,-0.3075627472556814,0.012030524
-1.0384311097433765,0.8827187200776903,-0.3377151298018205,-1.645629612991115,1.6802573437257566,0.5101654231987469,-0.2250973038286468,2,0.2250973038286571,0,480,1,2,-2.300784023594893,-0.1651775424142997,0.08011851522101,-0.0801185152209898,1.6211528775758242,0.4315378323262632,-0.4315378323262964,-1.380291510407108,0.2389745017139369,-1.067943
-0.6735294448791362,-0.7374056718697862,0.0342756060209237,0.6923670570298316,1.5572054162604752,-0.6696462513557765,-0.8530873600430379,0,0.8530873600430234,1,481,0,1,-0.5991451575051818,-0.4463949209117661,0.4508750875763859,-0.450875087576404,-0.4250904036417132,0.1881220780051229,-0.1881220780051153,-1.27101673588453,-1.2926004461409164,-0.62842023
-1.0888568571466777,-1.4641570612129169,-0.0196548598704007,0.2175242751782698,-0.9135376104201768,0.6367311218572271,0.0613174774700304,1,-0.0613174774700363,0,482,2,2,0.782711352131331,-0.4599884754961726,-0.655950702761032,0.6559507027610385,-0.235790624275282,0.8117887235106146,-0.8117887235106194,-0.541756534777156,0.2451199026325408,-1.0718255
1.3983214421485004,-0.6280123390664718,-1.584631251690238,1.2867008487071372,1.6373542805204897,0.7583862217738796,1.4958665796693935,1,-1.4958665796693758,1,482,2,2,-0.2437050047700775,2.2927391924347784,-1.029207311164072,1.0292073111640896,-1.5787494737997667,-0.1681622232695923,0.168162223269554,0.5469417758147564,1.0888000493119772,1.3537287
-0.5729626367989962,1.00913224771062,0.394662358131624,-1.4725586389876388,0.4743763332126236,-0.377982373893803,-0.7734192432428086,1,0.7734192432428146,1,482,0,1,-1.3464578213408185,-0.500591329202372,1.628672350482661,-1.6286723504826703,1.6027625425326184,0.1255509749368444,-0.1255509749368604,-0.4327894505543874,0.3878852501534381,-0.54843175
-0.9548523796394884,0.0477348737102035,0.9617570307578326,-0.0778987259444353,1.2711674675663542,-0.5941030819575229,-1.0045252832819709,1,1.004525283281955,0,483,2,1,-0.9337139866654852,-0.6866146798856412,0.1660702903990272,-0.1660702903990432,0.3259990908982469,0.4725952063351339,-0.472595206335148,0.2956858413904378,-0.3555034494962607,-1.008893
0.8916643643221076,1.5847068153947488,0.6993458862662271,-1.576399273857795,-1.3817367371435914,0.2516334587151953,0.4920033438184812,0,-0.4920033438184801,0,483,1,1,-0.1335186140807062,-0.5691565878189375,-1.07368394740838,1.0736839474083928,1.3530195113453052,-0.1263132005839894,0.1263132005840039,-0.7585385978316651,-0.5114669572357359,0.8792604
-0.5804163119325448,1.113247106006611,0.4534366375908312,1.5252019713412952,-0.8853709691165931,-1.001096527966712,-1.01539786379284,1,1.0153978637928225,0,484,2,1,1.6673303281591585,-0.5153681818550125,1.0819423626528717,-1.081942362652886,-1.127652495943938,0.353099725168828,-0.353099725168807,-0.1509018539536094,-1.1703005549743426,-0.5851845
-1.1555051953029856,1.17930152080012,-0.7128526769656007,-0.1822844492331859,0.7509893810488499,0.9790604746175292,0.292243824860986,0,-0.2922438248609785,0,486,2,2,-0.645836962513662,0.1697160057800849,-0.9381382867083664,0.9381382867083852,0.0723588267958256,0.8890188156394164,-0.8890188156394226,-0.8334931727963778,0.6579224706629433,-1.1652281
-1.0470708520061711,-0.1431692723768372,0.986224855949804,0.6369550332637911,1.2667179864768598,-1.37203074792263,-1.6686382220156326,2,1.6686382220156262,1,486,1,0,-0.4363916900838446,-0.6981623613944413,1.4073611580365355,-1.4073611580365468,-0.1569761091407551,1.287619572362659,-1.2876195723626822,0.1467315589813333,-0.47692945153244,-1.0321385
-0.4523896940138635,-0.0803703469144943,-0.0508655779218907,-1.171483666068082,1.1084685469105957,-1.4640564582405355,-1.6531024239425074,0,1.65310242394251,1,486,0,0,-1.577193114292876,-0.3764357117736119,-0.010920406671521,0.0109204066715276,1.550569249352956,1.576401809101038,-1.5764018091010976,-0.3614230070257079,-1.5393149732700553,-0.7757197
0.4588542961656461,-1.2666170200840303,0.4596754983524646,1.3766972562529831,1.0754533900043093,0.6511468946093242,0.9516978544615612,0,-0.9516978544615756,0,486,2,2,0.207444821482217,-0.6143281069942731,-1.8689819941999533,1.868981994199942,-1.5142955863372554,1.3717205141903617,-1.3717205141903934,1.0107881771056948,0.6169855079366785,0.50307924
0.4702247878962572,-1.7163819606868644,-1.2171245324550153,1.5049358759481466,0.265749976057189,0.7907071476659346,1.0955616911413213,0,-1.0955616911413255,1,486,2,2,0.8565547591935513,0.6765477617523301,-0.1030088746318794,0.1030088746318867,-1.6643049903406195,0.4318051460394558,-0.4318051460394728,1.001371159248813,1.313157852237232,0.45194477
0.2178069706373491,0.8740738988021732,0.9916539988753325,0.1591082847515628,-0.4754447137996102,0.6743225485976432,0.725584657604945,0,-0.7255846576049516,0,487,2,2,0.439091264404281,-0.6649224026118974,0.2657244047620909,-0.2657244047620927,-0.3608917032348644,0.238857958874573,-0.2388579588745962,1.1600056376610377,2.342780821243966,0.22995666
1.084204333689016,-0.1822595471536158,0.6402094328477863,0.6162904464095674,-1.5699059956522008,1.2626426921398066,1.7221160916501732,0,-1.7221160916501437,1,490,0,2,1.5127283570483891,-0.6200634055487306,-0.7148849195975041,0.7148849195975305,-1.0435809174703896,-1.2708924679344775,1.2708924679344686,1.150403453341055,2.0277523393794032,1.0787965
0.2946382977690185,-0.5265166277449393,1.518940061118873,1.146742432149351,1.4488061128015168,-0.7844551274149105,-0.4355117741152076,0,0.4355117741151935,1,492,1,1,-0.2099646700793167,-0.8021006429652741,1.5485463677209677,-1.548546367721,-0.9449126678261816,-1.813030833974908,1.8130308339749484,2.22761029263118,-0.6697438047919042,0.28242555
1.4315816758565223,0.6894366454395137,-0.5754942919424265,0.4884724790266502,-1.311233426377567,-0.6530796232495978,0.1661135961585269,2,-0.1661135961585413,0,494,2,1,1.2453126427405328,0.0021071690983131,-0.4314995051874604,0.4314995051874605,-0.5119445598894797,-1.4632454884288884,1.4632454884288586,1.8148801428020176,-0.9410203380010682,1.3815386
-0.3745512722315496,1.463543404674827,-1.266554533567532,-0.0742731939593695,0.2895760722264237,0.2729246317765023,0.0534144082884757,2,-0.0534144082884434,1,495,1,1,-0.251785683289012,1.1882212349876509,0.0811012865036303,-0.0811012865035969,0.0363857947038689,-0.9992241646945372,0.999224164694561,1.0810712998761978,-0.9038031578290447,-0.39031667
1.393737638548568,0.2573352517595843,1.3932845001415026,1.4786772005586506,1.3212359858274307,0.7000304712248875,1.4618818482650355,2,-1.4618818482650522,1,496,2,2,0.1078309851710609,-0.7597004526780229,-1.0104910559946687,1.010491055994634,-1.7376637741456529,-1.3270641952674411,1.3270641952674602,1.6942335199525969,-0.0114587826342355,1.3961009
1.184020271916869,-0.1872973430500074,1.6879947037282377,-0.9523708639106224,1.6633786051828696,0.036307022841511,0.5083860535676871,0,-0.50838605356769,1,505,0,1,-1.8097892174324404,-0.8162834838841996,0.6844586839180085,-0.6844586839179989,0.7421702147860834,-0.786644786040231,0.7866447860402124,0.9653258895424132,0.9886043984821732,1.204631
0.4383631881417958,-1.135837864322269,-0.4305516790352291,-0.8406125504582125,1.5729732568072718,-1.555778935218568,-1.2657501066498478,0,1.265750106649854,1,507,1,0,-1.6699453959816322,-0.2266063440693703,1.2733519205615809,-1.273351920561575,1.122171739875376,-0.4169769891592705,0.4169769891592612,0.0418644631490548,-0.7508942769320406,0.4523225
-0.9951762748478618,1.215658035230065,0.7862050906615694,1.5857509225045077,-0.3387670324754026,-0.8287841930993604,-1.057160261851812,1,1.0571602618517777,0,508,0,1,1.330854004581722,-0.6053397213411349,-0.1494563929569841,0.149456392956955,-1.1700337269709369,0.1276918539332985,-0.1276918539333043,0.5517352841310349,-1.5409726908747166,-0.97354573
1.35904710088792,0.8308156454812486,0.1522826333459772,-1.354330071762505,-0.1781569028219255,-0.3848513454381606,0.1746856289153269,1,-0.1746856289153445,1,509,1,1,-0.8130561772071815,-0.4199279022569204,-0.8837470641742728,0.8837470641742854,1.2235419889978376,0.0736952324844212,-0.0736952324844593,-0.0430669331808056,-1.2893811130684465,1.3661207
-0.3164510996282827,-0.3562381395584141,-1.5293276959337156,-0.3863280793194851,1.6301566211691207,-1.1484543970105332,-1.2214477763069207,1,1.2214477763068967,1,510,0,0,-1.395438022706678,1.9975192032385092,1.0020963557585152,-1.0020963557585203,0.6754605531072413,1.2684612553836894,-1.2684612553836951,-0.9096762964097476,-0.6297323553538641,-0.314176
0.1024241209366229,1.521641941996485,-0.5286401226978633,1.0945840794214403,1.5301669804749387,-0.8248272141174023,-0.5708128441993394,1,0.570812844199343,0,511,2,1,-0.3023414337514786,0.0177318893307699,-0.4666688689032051,0.4666688689032251,-0.8625611020240616,1.7489799971719036,-1.7489799971719042,0.041479359361503,0.3795730087935874,0.09701451
1.3760343592309472,1.6331810672961855,-0.7061878300043165,-1.3446301937184644,-0.0974084212591296,-1.1995203899599234,-0.543929608073719,2,0.543929608073706,0,512,2,0,-0.8622409257922663,0.1964368959692412,-0.0190633518678928,0.0190633518678811,1.4132774492522555,1.4275857866233062,-1.4275857866233177,-0.1927218054257937,0.0857463678770815,1.3884535
1.5692139510328853,0.2945689661153686,1.1909994008482256,-0.5048749315178351,-0.4256621075167356,0.5810161390426203,1.2303768413069869,1,-1.2303768413070055,1,512,0,2,-0.0544375931228749,-0.7235197615278879,-1.2730178916102903,1.2730178916102868,0.1193521709065206,0.4090483762552076,-0.4090483762552364,-1.164169961445303,0.8658438351542053,1.5701452
1.2515440320965752,-0.3613259486392607,0.658152709335576,0.1429004122256622,-1.5291792559871933,0.3036531986162773,0.8965171533757877,2,-0.8965171533758278,1,514,0,1,1.157241802682433,-0.6314439206939866,0.2398065222814546,-0.23980652228147,-0.392047555234372,0.08764925637606,-0.0876492563761464,-0.4684539919866379,1.8762067793062096,1.3563017
-1.5559174086565928,0.0366189578418079,-0.7764855022745679,-1.4481614131557932,0.3527597723622507,0.7306927102776527,-0.2593050535037369,2,0.2593050535037222,0,514,2,2,-1.2454112970798112,0.1515669020385236,0.8296485389806765,-0.8296485389806587,1.4359052566850523,-0.3407496342627442,0.3407496342627085,-0.961854584048916,0.6401952760170573,-1.5256135
-0.8486077715457703,-1.2142060132503958,0.8902113818693348,-1.5726283179206224,0.5867738808529808,1.1827831993698867,0.4761782952831947,1,-0.476178295283164,1,515,2,2,-1.4934424368846877,-0.7153030734714703,-0.5275562695500183,0.5275562695500512,1.353717512652738,-0.8069277095448036,0.8069277095447659,-2.201224392915077,0.1695968199307357,-0.8695653
0.1450752793392864,-0.3687851048893365,1.595854675479761,1.5029527445486666,-0.5765679048125063,0.3090603934112119,0.506507007213007,0,-0.5065070072130184,1,516,2,1,1.4382052596912174,-0.808617741877734,-0.0215358324859242,0.021535832485894,-1.507829826674892,-1.2746399002727666,1.274639900272753,-0.8780420601366261,-0.5827158843622393,0.17416857
-0.6705942617689046,0.9913582262434658,-1.4062234459283944,0.147126236212126,-0.4055796817203981,-0.3889067159857824,-0.6587248368605028,0,0.6587248368604666,0,516,0,1,0.382448980541124,1.616849641160951,0.8364009142422391,-0.8364009142422572,0.0230762879616289,-0.4335078685580774,0.4335078685580578,-0.575077600525066,-0.7309609107389416,-0.5118806
-0.2583538008192724,-0.7606545052051439,-1.004033817303508,1.685728602773646,0.8921677507368985,0.4860697066058249,0.4874471706976657,1,-0.4874471706976561,0,516,1,2,0.547969525670817,0.3807319387985971,-0.8222673070253658,0.822267307025399,-1.6622729338188889,-0.2513673995615678,0.2513673995615366,0.1418261906909108,0.109895923751048,-0.23206325
-1.5311987296295644,1.2720636581546854,1.4010619736998666,0.4167068887224151,-0.9969421961887588,-1.5137819895117686,-2.05466048353576,0,2.054660483535764,0,516,2,0,0.9781537627732668,-0.7306964588970597,1.824449865243278,-1.824449865243283,0.1487712880838714,0.5480236432634839,-0.5480236432635066,1.0083719045465374,-1.5820178157933005,-1.5260993
0.7037612631454396,-1.3244872866755926,1.28966500560892,0.2871776339046233,-0.0780191785577522,-0.7076547526691848,-0.2587802173957121,1,0.2587802173957132,1,516,1,1,0.2525536798505671,-0.7910231114652966,-1.28849930748009,1.2884993074800886,-0.2137998265900965,0.8752676207265159,-0.8752676207265397,1.872565303369509,-0.9119424705952764,0.8276083
-1.390851879853114,-1.6519112942454572,-1.3481799499882905,0.044552471203948,-1.0390457318235844,1.6761186659636187,0.8244649902439357,1,-0.8244649902439041,0,516,2,2,0.7499925572325469,1.0299962516475023,-0.7771109042542912,0.7771109042543135,-0.2820783327038001,0.733695228219784,-0.7336952282197772,1.1948925129210195,0.688933890791916,-1.359044
-0.7131103276171123,0.9123831947674228,-0.4517049349575427,-0.8625170580227697,1.6244859229077169,-0.1831746860616013,-0.6028653680479086,1,0.6028653680478758,1,516,2,1,-1.7207451296213083,-0.0832411588286168,1.0244833543006755,-1.0244833543007223,0.961265274480298,0.7088235185411543,-0.7088235185411211,0.7257429926781342,0.2156219971171794,-0.72540087
-1.3384481608664556,0.7514093384336324,1.061763348403997,0.4869827954748194,-1.6351987910946768,1.0460246660038075,0.3339986336920509,2,-0.333998633692079,1,519,2,2,1.468519662590173,-0.6836908501465907,-0.6720674458187563,0.6720674458187601,-0.5555310035181649,0.7771472520843656,-0.77714725208435,0.1687234753905033,1.377315703639969,-1.3507485
-1.010350682499376,0.4953008386430051,0.5693030934333491,-0.3469304844778745,-1.6505981712073183,0.0213554578597271,-0.5102260456901664,1,0.5102260456901733,1,519,0,1,0.9026194947340536,-0.5747753885426287,0.6060455038293358,-0.6060455038293111,0.4447132410400357,0.0894800441363776,-0.0894800441364083,-0.1861148217805196,-0.3106328733135935,-0.8832982
-0.2735004028015264,0.9690778165320592,1.3348392555353832,0.4118947913381721,-0.3011418753486035,1.5897121683892168,1.3308880336220292,2,-1.330888033622019,0,520,0,2,0.4932192051067645,-0.7283711771965217,-1.3209591860869483,1.3209591860869516,-0.7543695683791474,-0.6183277468279753,0.6183277468280068,-0.1281626767901972,0.3422152415624581,-0.2706203
-0.3142279667889674,0.807033899562711,1.5121390794215142,-0.0574613369923628,0.3275413766749055,1.5993133952630605,1.2697610125096428,1,-1.2697610125096406,1,520,2,2,-0.2664403330932869,-0.7625474998873686,0.0440929921536145,-0.0440929921536202,-0.3082250095170481,-0.8165980423084445,0.8165980423084258,-0.1755652886301715,1.4734022942864824,-0.29434496
-0.0738494493519151,-0.8568604096121878,-0.7697888702174099,-1.198198709706116,-0.224762777128923,-1.605560813264325,-1.5978724850188148,1,1.5978724850188102,1,522,2,0,-0.6728496801901,0.074399923436395,2.0580478888399183,-2.058047888839925,1.5614856655591098,-0.3735661147310027,0.3735661147309861,-0.3315460065142264,-0.6498024020140839,-0.23887439
-0.5074631557913296,-0.4490046942754018,-0.0062030160594246,-1.1383761114960107,0.7404655668315544,-0.7973260140681957,-1.0806903682967672,0,1.0806903682967348,1,524,0,1,-1.29958469419905,-0.4150328500759682,-0.3709028504454903,0.3709028504454707,1.3601116597566978,0.2563312847788372,-0.2563312847788076,-1.0867992288968016,-1.2675298820099776,-0.55010843
-1.0675384419229064,-0.1556610230652044,1.5088995002665568,1.5503236203429485,1.3589960520674425,-0.0435179915942903,-0.3945402740977595,0,0.3945402740977592,0,526,0,1,0.1312304458691653,-0.7899004672495643,-0.4921546232393098,0.4921546232393332,-1.3127536787311582,0.2048216126290439,-0.2048216126290305,-0.2052048498343972,-1.80615228634184,-1.0918586
-0.1931732638628637,0.7538314228796965,-0.5081576183302058,-1.1660657293264525,1.158961669806831,-1.1659456891419708,-1.2598130361609108,2,1.259813036160923,1,526,0,0,-1.6083967007653202,-0.0496702906917641,0.6211496518287418,-0.6211496518287332,1.436614743655102,1.3583443052274682,-1.3583443052274504,-0.9384335311510176,-1.2010043067742848,-0.16940707
0.2918499187605196,0.2921925907773966,-1.2400442743406734,0.590668921998768,-1.0788387270308106,-0.0004548030294339,0.2045853490857188,0,-0.2045853490857186,1,526,0,1,1.15511510346235,0.9707907668645752,-1.0506272188895147,1.0506272188895067,-0.6150959421845035,1.8326191313331135,-1.8326191313331197,-0.6372677612233247,1.0639500888625202,0.3146111
-0.7609574169609471,1.265678315557665,-1.7242072593283209,-0.7626312005355339,0.2089115136366802,1.4811300390714106,0.8715174124198499,0,-0.8715174124198651,0,526,1,2,-0.6718762653323918,4.110047154475637,-0.4783637242372462,0.4783637242372356,0.4611619053937106,0.7331108488868007,-0.7331108488868379,-0.4348732233428745,1.3991851344844868,-0.7399139
-0.4842209604493701,-1.53693921325812,-1.7246209751517507,1.7452092463890083,0.0654747575365933,0.6170401234846241,0.5006999250246494,1,-0.5006999250246431,1,526,1,2,1.1613004718102249,3.357216215438615,0.266327516202841,-0.2663275162028257,-1.7173987409540714,0.0289888602569223,-0.0289888602569545,0.9050383027930332,1.2182371178929647,-0.4230485
-0.057483853206697,-0.152012657790967,-1.4848718228058404,0.3088280856221987,-1.5549169772588027,1.5564947044663733,1.395548769640179,2,-1.3955487696401891,1,527,1,2,1.2897771965163891,1.7955923268969365,-0.6419172814999469,0.6419172814999354,-0.6780473540508777,-0.7680572975602586,0.7680572975602914,0.3281543301823904,1.742367175064632,-0.04882332
1.5290643987597523,0.8697689540009369,0.6599856291549729,1.1306271629857616,-0.5831316068693413,0.1380335202649392,0.9887148754779972,0,-0.988714875477997,1,530,0,1,1.1853263406754784,-0.5853644847124934,0.2921729647627936,-0.2921729647627864,-1.3072670079998612,-1.7692256690365715,1.7692256690365606,1.3953553651677606,0.6491622857063427,1.4980422
0.6905639799970846,-0.1904861123718348,1.0412084026867112,0.6400310422390718,0.3191246989809038,-0.9676271004246322,-0.4600239768433448,0,0.4600239768433239,1,530,2,1,0.2216244324668426,-0.710773277232966,1.0398461342350132,-1.0398461342350287,-0.4824105919647055,-1.473305021103236,1.47330502110324,1.4182923917009336,-0.6782053262316277,0.66083205
0.2002705036483707,-0.2767941434986447,0.8658561850109033,-1.1524853431886155,-1.3556585500666287,1.5541304930301876,1.363848599115599,2,-1.3638485991155973,1,532,1,2,0.141520745818924,-0.677276807938754,-1.30858664734658,1.3085866473465968,0.6987399801407882,-1.692517960315533,1.6925179603154985,1.2371394191266047,-0.0418587950696288,0.21137154
0.5933232992229059,-0.2092652087544295,1.2251312905476135,0.9009406394800424,0.1648922979743835,-0.2211848732710284,0.1872566266421307,2,-0.1872566266421055,1,532,0,1,0.5087686662123155,-0.7455566275454892,0.8445529660584155,-0.8445529660583991,-0.8902355673052103,-1.552955753874869,1.5529557538748189,0.8448343207327929,-0.6366434931231217,0.5737529
-1.0950068615490087,0.3056136954193733,0.2165861824816602,-0.2515878259906504,-0.7795168903554022,0.1176488439440032,-0.4553208655679411,0,0.4553208655678986,1,532,1,1,0.3656078369535065,-0.4687305657480213,0.4613430620494145,-0.4613430620494634,0.3400464335076725,-0.7288467317433046,0.728846731743289,0.584426652429617,-0.6986485709204165,-1.0436217
0.9659941245271206,0.4319012657143165,-1.5020743170637354,0.2550526300737217,1.0623859263756006,-1.255155872290694,-0.6235818634771174,2,0.6235818634770945,0,532,0,0,-0.5590039037759067,1.9841815645863203,0.1209725571874206,-0.1209725571874066,-0.0861577217233622,-0.0109634926156972,0.0109634926156722,0.1775746737178138,-0.6692524622384748,0.9674178
0.482487298607313,-0.3344817167941336,-0.6969587842267683,-0.9359784431295876,-1.0610559080879358,0.3436895511312194,0.4428451218081886,1,-0.4428451218082146,1,533,2,1,0.0872982178343558,0.0407353110796496,-0.7650421128409639,0.7650421128409621,0.7444658719807993,-0.4129705037247381,0.4129705037247111,-0.5547474227897912,-0.8268187068486732,0.5124337
1.541833944183551,1.2381906752808554,1.0056577193896756,-0.2605237287390529,0.6333407568604854,1.662574170478999,2.20938313452584,1,-2.2093831345258423,0,533,1,2,-0.6184987218118734,-0.6556759296759791,-1.267443245270192,1.2674432452702098,-0.3750282524441193,-0.7894490119353332,0.7894490119352663,-0.1402808820981194,1.5356986797294951,1.4968983
-0.1898317618716866,-0.0361457911468618,0.0082259384253204,-0.1407960976277186,0.3702772616286632,1.5007857986359678,1.2335047448367835,0,-1.2335047448368064,0,534,0,2,-0.3536373444138124,-0.4008611353909114,0.7005204807329555,-0.7005204807329706,-0.2213003552039394,-1.2552962532486704,1.2552962532486174,-0.624343217008045,1.9301731568446303,-0.17839976
1.625974567394834,0.6438005127958549,1.623896432680588,-1.4368475658718411,1.7498700586050946,-0.6736873427270041,0.0379426934806804,0,-0.0379426934806817,1,535,1,1,-2.204617640098658,-0.7841366014169466,0.8581659342012832,-0.8581659342012683,1.3422424737174088,-1.4749243359444997,1.474924335944442,-1.1750961824401094,0.6558244855721643,1.6286048
-1.24239299165819,1.3185263100186966,1.0482944949650983,-0.511330099184128,-0.904712962957815,-0.8348451605288482,-1.405823415168762,0,1.40582341516872,0,536,2,1,0.2726808443123445,-0.662125726314701,1.0362776830120477,-1.0362776830120777,0.8445784895874215,-1.126627347343875,1.1266273473438546,-1.5312101603239692,-1.8271387723571804,-1.2287487
-0.3642757428346085,-1.670383319124131,0.2612225278789499,0.6046828225871629,-1.061268026912826,0.6082995304457192,0.4302064004456716,2,-0.4302064004456548,1,537,2,2,1.1526423743159613,-0.5722100052974041,-1.317310707860973,1.3173107078610158,-0.6880668354501367,-1.1209998930354157,1.1209998930353922,-0.8153132710017397,-1.9294448462544276,-0.3238001
-1.0852481049363487,-0.4327913422086762,0.4902332130605558,-0.8831847996591902,-0.4574042695077532,1.219124916880534,0.4665416146758602,2,-0.4665416146758954,0,539,1,2,-0.2940263775627565,-0.589166643889072,-0.0258461110551965,0.0258461110551592,0.687343728439616,-0.3449909330676607,0.3449909330676119,-1.104644309363633,-0.3567632032281554,-1.1011486
0.7431115692382131,1.539098422009627,0.9988316757708868,-0.6775627772390633,-1.2916029346176177,-0.6886048962341786,-0.3250533214943346,1,0.3250533214943225,0,539,2,1,0.4255403645943875,-0.6440569125049215,0.5682782904115445,-0.5682782904115282,0.7078573816411416,0.3489648915601366,-0.3489648915601552,-1.3540629225114185,0.3549333825537963,0.7459999
-1.2903914873950044,-0.5654807966379303,-0.9973583608368162,-0.7026029929868031,0.6223327056715381,1.1454805191873656,0.319930707884231,2,-0.3199307078842406,0,541,2,2,-0.9165284029597144,0.3888297531811023,-0.4626137693274929,0.4626137693274949,0.555164737152166,0.223408308653147,-0.2234083086532289,-1.012882536253322,0.8370242825153239,-1.2461843
-0.8983878274814014,0.5075426863705526,1.6580268681750112,0.8463829526395537,1.039835033616589,1.433440799976935,0.932829709805439,0,-0.9328297098054296,0,541,0,2,-0.1345553045856882,-0.7928765099460955,-0.4395894867537321,0.4395894867537459,-1.039530752016921,-0.8178887677401253,0.8178887677400641,-0.3819959344923733,0.2654323058956826,-0.8215014
-0.3880668385888967,-0.3180603894476898,-1.4690476575780818,0.305630410035048,0.4438094458008028,-0.1484092078311802,-0.2892913916005742,1,0.2892913916005647,0,542,1,1,-0.0958789410532295,1.6915317213747956,0.8772247638703945,-0.8772247638704085,-0.2225665994408786,-0.4975287539661451,0.4975287539661313,-0.5209561956830558,-0.080587048904935,-0.42826355
-1.0724494884499105,-1.1008342974648595,-0.904886318479139,0.2322483308843259,-0.567743710615243,-0.4504905859136959,-0.9005787497204171,0,0.9005787497204117,0,543,0,1,0.5535455276284166,0.2105569900325499,0.4388891966126541,-0.4388891966126514,0.0093961526335657,0.1111884702007726,-0.1111884702007828,-0.0026494619627402,-0.5491828143744171,-1.1160052
0.1825270673873006,-0.8464625123771317,-1.2234346114481771,-0.2765100306955639,-1.5877246636087978,1.665769486216138,1.5479980114386085,2,-1.5479980114386098,1,544,0,2,0.9077887299421282,0.7934284079896611,-1.7568756726300012,1.7568756726300048,-0.1805978512658174,-0.7227970645026951,0.722797064502722,0.1837071500281863,0.1920523135004347,0.18562022
-0.7569176037839687,1.6623063399703517,1.5432788336416805,-0.6946634139778554,0.8990231546694529,-1.663954289348868,-1.9294984923771052,2,1.9294984923770984,1,547,1,0,-1.1025540646079233,-0.7428718175811745,2.4956868532040835,-2.495686853204089,1.1634118282057897,0.2787726102696347,-0.2787726102696622,0.1873964229667064,-1.2108183241850707,-0.7708848
-1.1220870708365178,-0.3704736700179861,-1.353192819301681,0.461872896147556,-0.7272539072338288,-1.095660618846444,-1.4768561676163503,2,1.476856167616348,1,548,2,0,0.822712709403597,1.2226217925625242,-0.3245889612227542,0.3245889612227575,-0.0476833183913223,1.3516973772605805,-1.3516973772605758,0.0087266793435544,-1.0604816910094292,-1.1698176
-0.6705364947229976,1.2983618372816108,0.8243264787564123,0.8311474701333467,-0.5800019265418297,1.681754423951591,1.264142698276003,1,-1.2641426982760138,1,548,1,2,0.9761029144412924,-0.6118117626897226,-1.9667183844412652,1.9667183844412608,-1.1140212826732845,0.660023028942641,-0.6600230289426738,0.2529179477175982,0.4041465975655731,-0.68402594
0.0046553510263175,-0.8537570363890662,0.856274155356314,1.3925558144232215,-0.1797488586342036,1.0801553166636322,1.1153292347817247,0,-1.1153292347817536,0,548,1,2,1.0872143345673653,-0.6955356537730996,0.1070169659594784,-0.1070169659594913,-1.5712751568175205,-0.2375701489951933,0.2375701489952179,0.7920763835184471,0.7225745226161303,0.01480536
0.5458257466725067,0.5050404368682939,1.2747379445982168,0.7975125168303515,0.6809483767870962,-0.934554835293294,-0.4842926444545792,1,0.4842926444545439,1,548,1,1,0.0800643916591062,-0.7320320723553277,1.1481201088136552,-1.1481201088136608,-0.618600283928714,0.6673174958478876,-0.6673174958479351,1.291140920250364,1.7037218144444477,0.53880304
0.3650324903218697,1.146801628006424,1.6103441315265723,-0.2243921532259292,-1.5866530165989747,0.2675244270952362,0.3931254395438031,2,-0.3931254395438114,1,549,0,1,0.9430807389401936,-0.7679841524326493,-0.6294089313525468,0.6294089313525666,0.0843132316974392,-0.3668425016493764,0.366842501649351,1.5096612012501716,0.6178199604252147,0.38838547
0.666028912683709,-0.4342557620884906,-1.0392470132498666,1.421324995812131,0.0074438391673056,-0.6511990755444259,-0.1062582423542558,1,0.1062582423542597,0,550,2,1,0.9775371142292856,0.4688292383852702,0.3585868853306784,-0.3585868853306699,-1.2750643973487004,-0.9771081272974296,0.9771081272973932,1.9554884501646184,-1.0788201541442135,0.6689135
1.162655533551604,0.6871012352610953,0.7297673135282441,-0.3396978429526111,-0.4564536482472152,1.3178631365772655,1.708150114222742,1,-1.7081501142227578,0,551,0,2,0.0810769229997424,-0.6104155199907856,-1.301795103793173,1.3017951037931594,-0.1653073146741885,-1.1748046643276548,1.1748046643276049,1.4114334160258888,0.4847361011173831,1.1696452
1.5759202378454578,-0.4056214148602869,0.2971333288709318,-1.6016678429131523,0.9980493831742178,0.3847685608789269,0.9417929275737162,1,-0.94179292757372,0,551,0,2,-1.7981899197890276,-0.5285065371967266,0.5501676287556231,-0.5501676287556149,1.2525714792568108,-1.0975367499823925,1.0975367499823427,0.0201117479076803,1.2945644487608516,1.5644749
-0.9670505251949144,0.1616511465382487,-1.2891627145370783,-0.2063005185126105,-1.7025298566819669,0.4604041163724233,-0.0818833995964249,1,0.0818833995963899,0,554,0,2,1.0357948177262708,1.0916184558863649,0.7348203802879507,-0.7348203802879735,0.1962517557956917,-1.2767114919352096,1.2767114919351714,-0.4463286341894208,0.0288459458006746,-0.96540743
1.2743777316912177,-0.9939520816522897,-0.951288503290134,1.393922646914264,0.9275594466140364,0.5150581424639576,1.2294248395227825,0,-1.2294248395227907,0,555,2,2,0.3217210554687912,0.2818558366726554,-0.940769410964003,0.9407694109640228,-1.6025054473820777,-1.649078009606426,1.6490780096063973,0.3056514130440673,0.2724922194815246,1.2764561
-0.4427620807124986,0.8367163169245443,-1.275917118697174,0.0075444827065933,-1.4848774085601406,-1.474661991822003,-1.532650143434971,2,1.532650143434962,1,555,2,0,1.0329939889090425,1.1378568891326435,1.982298878783092,-1.9822988787830935,0.3888025817508898,-1.0139698353649949,1.0139698353649509,-0.3512879765795032,-1.9282899048161304,-0.4609606
-0.4155703671021891,0.6265759091785325,1.5890770737785038,-0.7931930273986632,0.6573323167415882,1.1944787990876005,0.7804874433121015,1,-0.7804874433121378,0,556,1,2,-1.003386870149167,-0.7794777897521169,-1.6596842387950193,1.6596842387950006,0.5152111671670145,-0.6009233613997139,0.6009233613996838,-0.5620129419511113,-0.5532590667699655,-0.44774836
1.2040505163548143,-1.522804336356362,-0.6866444295094085,1.5305100005019807,-1.722832211213917,0.5015200607699053,1.197558204288323,0,-1.1975582042883643,1,556,1,2,2.250660274338053,-0.0565710638633363,-0.2990627329141292,0.2990627329141259,-1.7133841244006605,-0.7148041383485599,0.7148041383485018,0.8934117025191459,0.6546540224884422,1.0945807
-1.2438593015912025,1.0052239842598714,-1.7103291970909733,1.6682288481265832,-0.3411375107258499,0.9549245761245484,0.4241738900357491,2,-0.4241738900357461,1,557,0,2,1.3895191514275054,3.853928020176389,0.5552103101696148,-0.5552103101695833,-1.6304811195091458,-0.9401286939888064,0.9401286939887524,1.76444660966069,0.3466387153761974,-1.2652128
-1.3697902729810167,-1.185635354308073,-0.1071100570545376,-1.5163434223645027,0.3942907781173757,-1.2126135453950533,-1.9122151635841464,0,1.9122151635841032,0,558,0,0,-1.3212978787899583,-0.4074239184561019,1.6768257686923842,-1.6768257686924186,1.962727386114148,0.4587023320324412,-0.4587023320324949,0.4121373951316754,-0.3486077599557825,-1.365573
1.2542611445571283,0.2453676905250327,1.4142528737007518,-0.2288287257670688,0.364387431923296,1.719275994815085,2.1232477747996,2,-2.1232477747996,0,558,0,2,-0.4104254724593847,-0.7634543461668314,-2.895628500732028,2.895628500732061,-0.3809902474478689,-1.1691046194118777,1.1691046194118233,0.302302190969077,-0.1336118894169136,1.2591676
0.0441099004269722,1.232740561151629,0.4601619879365886,-0.9619912599694832,1.0126755241461634,0.8119555387632659,0.6448180762817893,2,-0.6448180762818343,0,560,1,2,-1.3660477964327595,-0.5126328798528251,1.0611523473460729,-1.0611523473461055,0.7138647578410211,-1.1086971507983951,1.1086971507983028,0.2238669551975578,0.1829906037037571,0.04583667
0.9918755642886709,-1.2906663801947444,-0.4199417334005761,-0.3410010363088132,0.4290721824981626,-0.7462338800541612,-0.219546165913245,1,0.2195461659132521,1,560,1,1,-0.5327526705417697,-0.2431231547852421,0.6204976960779083,-0.6204976960778713,0.3600804556552494,-0.4777242964331082,0.4777242964331091,-0.6457654288954852,0.3932611717897653,0.995599
1.3261200507916238,-0.8522143080426017,-0.2458293297274905,-0.8060128203219407,0.2508598029581834,-1.6930536631664308,-0.9520299002400447,1,0.9520299002400424,0,561,0,0,-0.730904941571307,-0.3200263364591927,0.5258599687714649,-0.525859968771472,1.0027330085960364,0.1350373688314633,-0.135037368831535,-1.795467802343352,-0.1330428859909192,1.3039328
1.5728692546451724,-1.4083599901700168,0.4752379302663163,-0.415259017581863,-0.6331653544625891,-1.2804509290961807,-0.4215857671810569,2,0.4215857671810275,0,562,1,0,0.1511480821269802,-0.624381581031336,-0.3804197010090497,0.3804197010090306,0.4851063628280043,-0.5286728735659854,0.5286728735660258,-1.283828470709741,-2.081497153440771,1.5553114
-1.1209997515102723,0.747286481331751,1.2779897868545582,0.0582672544084605,1.6180493129000284,0.1375387956603379,-0.4173052834515325,2,0.417305283451515,0,563,2,1,-1.0796691509902523,-0.7251182862147532,-0.0028435696406687,0.0028435696406773,0.0403864255346277,0.6025211644587528,-0.6025211644588004,-1.1504239880255092,-0.7252420450366667,-1.1319922
0.9051172412602756,0.6840067748639759,0.4629371723039117,0.3014790911017745,-1.2807946015114382,1.2751962379546953,1.6126046654129358,1,-1.6126046654129087,0,563,1,2,1.0949586988892706,-0.5358479831528312,-1.4564394955585367,1.456439495558569,-0.7296639844809722,0.1716093139268834,-0.1716093139268758,-0.5633290086096565,1.304465357064339,0.98089004
1.3966094077130793,1.162486852263368,1.4312981329776493,1.5649145107867664,-0.5285383483643273,1.2638813877333854,1.976255313687523,0,-1.976255313687556,0,564,1,2,1.447800685279842,-0.7390613897956902,-0.2607283487033832,0.2607283487033405,-1.9476632344894556,-0.8060823482659316,0.8060823482658954,0.3222900705730921,2.4527844437948927,1.3881192
1.6197950288493934,0.9429003964129924,0.1398100800048117,-1.119787067782739,1.3447548660866886,-0.480155145817111,0.2415341934173587,0,-0.2415341934173625,1,566,1,1,-1.7049993630657367,-0.409663787276144,1.2450676057480896,-1.2450676057480698,0.9770454107656268,-1.3375227692250091,1.3375227692249354,0.1764890351961801,1.1554015291388933,1.6494627
1.2395061107317484,0.3239052748363086,-1.347224776374037,-1.2335652702348714,-1.653375854928866,-0.3923416903453116,0.1225547459438499,2,-0.1225547459438709,1,566,1,1,0.2915319441953797,1.2978607157777016,0.0856080138840951,-0.0856080138841075,1.1202840960727285,-1.5798040718317274,1.5798040718316917,-0.2037521727988048,-0.0922724499550365,1.2651532
-0.5574112148574448,0.39914697050679,0.487881010819197,-0.084078804939319,-1.2642510233805595,-0.5149628136725068,-0.740750601250863,2,0.7407506012508644,0,567,1,1,0.8169370800291883,-0.5549612128518245,0.6197378308187491,-0.6197378308187335,0.2604091340929206,-1.435788415896742,1.4357884158967154,-0.2698959146854695,-2.042272344525772,-0.5787349
-1.211971487417847,0.9365315946888272,-1.5564022579718588,-1.513540346816212,1.3452812812111536,-0.8127066912061841,-1.4776688091243917,0,1.477668809124392,1,569,2,1,-1.977600691169756,2.4037443922315034,0.5290421562307585,-0.5290421562307595,1.839083934477926,-0.0598285952940085,0.0598285952940084,-1.1132784274926384,-2.455884170984475,-1.2618672
0.3221252569545091,-0.6246717070175859,-0.1367510485131491,0.3241384052620125,-0.990691717362837,0.6727404381656837,0.7925464062022455,0,-0.7925464062022376,0,570,0,2,0.9098265137052136,-0.3637975870931376,-1.628883055606576,1.6288830556065823,-0.5300650278661642,0.467223754412055,-0.467223754412072,-1.6898281039572307,-0.1566130258479127,0.25455943
-0.169504412344408,0.1301504044070979,0.272663367191949,-0.8208203418739579,-0.5557547857681986,-0.2621616473864684,-0.4040530928241705,0,0.4040530928241471,1,570,0,1,-0.1828336048330362,-0.4967240987720205,0.8589104088116694,-0.8589104088116922,0.8666077637514711,0.7546747434198567,-0.7546747434198572,-1.550907658657804,0.1476824480199804,-0.115209885
1.113748674448217,-1.6748975127538852,1.2922103542206065,-0.7657824629211784,0.380389046571504,-1.4290303124127968,-0.8153580746270156,1,0.8153580746269906,1,571,2,0,-0.7927454897148428,-0.8022139286865977,0.2953814265721895,-0.2953814265721908,0.9265868421792112,1.1722851481193688,-1.1722851481193586,-1.3335436837943906,0.2858886169461831,1.1082153
1.5883848000481386,0.6917763119433263,0.5374158352567477,-0.977377179062646,-1.1242187678690614,-1.3553102771731125,-0.5406198332436717,1,0.5406198332436403,1,571,1,0,0.1023945785166899,-0.5578996599858098,-0.1969246202104564,0.196924620210452,1.054924083392439,1.0831759162299384,-1.0831759162299428,-1.7486313747113025,0.0811523371729542,1.6071687
-0.3567021721314298,-1.2855936986660703,-1.5787302979553768,0.5098698818574088,0.6014537891295048,1.7015062689325609,1.400631967513993,0,-1.4006319675139998,0,571,2,2,-0.0637855195216248,2.1233385839045944,-1.3928182236992923,1.3928182236993107,-0.8617582602048326,-0.1984019935881826,0.1984019935881956,-0.8084162081696006,0.3341649127718251,-0.35782784
-1.4698337144408034,1.6679762404398455,-0.489355260182198,0.2319216903059635,1.0978645855393523,1.3100008712780724,0.4787360207221342,2,-0.4787360207221365,1,571,2,2,-0.5995534270879332,-0.0054788545270845,0.6617825672018655,-0.6617825672018626,-0.3613170594199023,-0.0586763397695034,0.0586763397694432,-0.8512664185627591,1.2368247458004484,-1.2694079
-1.0937620855689216,0.4586804775010789,-1.6787055205489896,0.9862065784316816,1.5626272796304967,1.440478158121028,0.8587420557012809,1,-0.8587420557013034,1,571,2,2,-0.3997403533880254,3.3430015894584844,-0.2724650082897988,0.2724650082897845,-1.1446462512125115,-0.6209422364093106,0.6209422364092834,-0.0115977776000081,1.3568867926188004,-1.0778606
1.0237110817414277,0.941676619587403,-0.2398267737878694,0.3720520594085213,1.3218768889254604,0.4400115814933752,0.9316484227102616,2,-0.9316484227102564,1,572,2,2,-0.6577218526527139,-0.2228494859794937,-0.0520896465093551,0.0520896465093751,-0.6110875844282554,-1.3988056735693166,1.3988056735692782,0.5171181791293362,0.7456990027821139,1.0303774
-1.5020135776033163,-1.627944925914362,1.033219187553861,-0.1987204373149476,-1.4424075147226103,0.986116044977614,0.127910053877131,1,-0.1279100538771421,0,572,1,2,0.8609884404658763,-0.7570917898914831,0.5769924429993024,-0.5769924429993145,0.13226576141994,-1.6964719711088845,1.696471971108853,0.8789355050212952,-0.6525322653462432,-1.4881079
0.16143993537863,0.4687206720821162,-0.6220922770096059,-0.9824324815139192,0.1759884801922278,-1.1226451792668335,-1.0287749436607905,0,1.0287749436607936,0,572,0,0,-0.8010564886897743,0.0282872008455178,0.8302676793553283,-0.8302676793553185,1.1941876567546523,-0.6147663145661083,0.6147663145661075,0.1855094783932241,-1.166800490133875,0.1341692
1.1514074652490494,0.7854463604452429,-0.6580697560167302,-0.5718108925950066,-0.4742988973518802,-0.8677830686394975,-0.2749119516687415,1,0.2749119516687446,0,573,2,1,-0.0670518210740188,0.0847635087731336,-0.5407455398201708,0.540745539820171,0.5934593844878633,-0.2792007610858495,0.2792007610858286,-0.1879598031091186,-1.3166891296761316,1.1866301
-1.2404847953922205,-0.2698831494873022,-0.8965514813744024,-1.272491805975762,0.6195475758335909,1.487945982667997,0.5897231181080238,1,-0.5897231181080234,0,573,0,2,-1.3086158953938425,0.271636475687859,-0.6202358137052816,0.6202358137052801,1.0288433379117148,-0.1594187249134563,0.1594187249134576,-1.237505983892838,-0.3396585076726189,-1.2272758
0.3609087082520732,-1.526030465937828,0.0535396161365391,0.7881195306819977,-0.1258490464219588,1.625539490370386,1.7120814794593844,2,-1.7120814794594112,0,574,2,2,0.632005833763415,-0.4924310658927666,-0.8051785848759505,0.8051785848759313,-1.1947860455753,-0.5069104720371411,0.506910472037139,-1.0441725010170455,1.4873059021488535,0.3620072
-0.209809453306812,-0.8844668720136701,-1.6416889823100986,1.2379995562032695,-1.454365224861445,-0.140336169462998,-0.0961572808043748,0,0.0961572808043576,0,575,1,1,1.862598540129761,2.6754706342768264,1.297824017430046,-1.29782401743004,-1.1157074603265773,-0.4071433633422036,0.407143363342187,-0.3765738555041132,1.196593513708907,-0.20079531
1.0954329418625015,1.2090828090121817,-0.4057924361107534,-1.6776772296735185,1.6062588489353806,-1.2779554442857095,-0.7861576835520627,2,0.786157683552047,0,575,0,0,-2.271722365264418,-0.0986017547366048,0.4953738414882175,-0.4953738414882168,1.8094440298693255,-0.5151699197117162,0.5151699197117023,-0.6996322484166666,-0.5330389083859243,1.1273365
0.3669854709001351,-0.2499554810785979,1.48184656321865,-0.895986524990761,1.2241902116311554,1.1312064032547904,1.0944603424205144,0,-1.09446034242054,0,577,1,2,-1.4668155297461551,-0.7885755078685716,-1.3493073005430158,1.3493073005430094,0.5270412012112611,-1.1248898269104106,1.1248898269103609,-0.8502664806067108,-0.4647298047834783,0.3634705
0.6214026170408098,-0.8575924369554295,0.3827447733083716,-0.5159138536018183,-0.7354222319227358,1.1407063926383625,1.2673258923047404,2,-1.2673258923047828,1,578,0,2,0.1523348339496523,-0.575039317279446,-0.1238205644716504,0.1238205644716383,0.119648259325504,-1.4265958730923676,1.42659587309231,-0.4987084745174835,0.0920120666885083,0.65647864
0.8760136478362922,-1.3711105220885316,0.4164827131551843,0.5083543914720067,1.7526323511661497,-1.489108865180253,-0.8495761088110905,1,0.8495761088110697,0,578,1,0,-0.8616369935360646,-0.6064127873917591,1.5193214023692565,-1.5193214023692418,-0.2582489247165811,-0.2860049368387707,0.2860049368387058,-0.6287065457080757,0.1683874546870349,0.8772326
-1.069280600884367,-0.2315143286798165,1.4319429759527864,-0.0516118704993331,-0.4945756378373545,-1.4008124543677845,-1.7783199586861305,0,1.7783199586861438,1,579,2,0,0.3066432443858443,-0.780389587956778,0.666696636726507,-0.6666966367264829,0.5106594103481212,0.4629864632927038,-0.4629864632927296,-1.2279484617312475,-1.2235695639635813,-1.0693468
1.692330218772727,0.1836806541777216,-1.4592352896336944,0.4623019910669362,1.6306244557237617,-0.8655141318919445,0.1006106098854023,1,-0.1006106098854398,0,580,0,1,-0.8090277479800143,1.7266523227070651,-1.3480963775951236,1.3480963775950878,-0.4705612837318539,0.0681484167547597,-0.0681484167547728,-0.2335673466653262,-1.5672764451343666,1.4880906
-0.4102330044734002,0.1892850247385209,-0.2360809025549995,-0.9504845625437636,-1.211896770444513,1.1141422670693006,0.6945989642883881,1,-0.694598964288377,1,580,2,2,0.1816753619625396,-0.2670964289047797,-0.4260191666818086,0.4260191666818437,0.6891310686283125,0.2461887082221278,-0.2461887082221818,-0.2588908726255955,-0.0623856156839263,-0.44427538
-0.1065812635291848,-0.9418801047488594,-1.3061872655684816,-0.0251240906791299,1.5364144549434486,-1.5862869450754975,-1.4720011433167846,1,1.4720011433167928,0,581,1,0,-1.0808204066421547,0.9992724876802151,1.554984867164824,-1.5549848671648274,0.4029998840223002,1.4658878602754506,-1.4658878602754692,-0.0308362882688686,0.3803449896114292,-0.10315934
-0.0312216590571152,0.1455680150027226,0.9311150400386292,-0.7853386819230656,1.7045389472661316,-0.7134246982403402,-0.7360974165838221,1,0.7360974165838268,0,581,0,1,-1.7227945694172588,-0.6767551389529335,-0.5278579336402602,0.5278579336402581,0.9236317784011906,1.415360901323242,-1.4153609013231905,-0.631974817282498,0.1575589513514451,-0.05435824
0.741805740871809,1.6460036037258432,1.298239968725449,0.3746977816715027,0.6573043426693961,1.6398429930658858,1.866602163738169,1,-1.866602163738165,0,581,1,2,-0.1958998273965273,-0.7011001974313555,-1.8674745288780503,1.867474528878051,-0.8643114829131062,-0.2075590217857605,0.2075590217857691,-0.4338821147083467,0.6519606023506413,0.77057165
1.4522429814770592,1.0889878383843994,0.28006534373172,-1.1529735815857387,0.261105361363687,-0.9907735004563344,-0.2999068322942776,2,0.2999068322942853,0,584,0,1,-0.9778816400520468,-0.4572991125430977,1.5549194853103494,-1.5549194853103478,1.1587125370086404,-0.0292266144986561,0.029226614498637,-1.1844499284076533,0.4181448412707448,1.4613873
1.6178287892807384,1.062445103258833,0.6878940220803601,-1.6833175893134338,1.3291692359136342,1.6038530783096916,2.0428266198838974,0,-2.0428266198839187,1,585,0,2,-2.0838307602864554,-0.5855872300387399,-1.6809222935109156,1.6809222935108956,1.025642642742254,-0.629531764968351,0.6295317649683883,-1.5249744135305592,2.3206141301729857,1.6322002
1.6995669700134453,0.0296603579563222,1.3002187155014338,0.0380679122725615,0.3844455446531594,-1.358982558847968,-0.3818493842220877,1,0.3818493842220703,0,585,2,0,-0.2397793767531109,-0.7511058895272789,1.740180668365419,-1.7401806683654173,0.0495731877395185,-1.1149273233981525,1.1149273233981305,-1.4956110749759897,0.2735460213656691,1.6501347
0.2116180745396656,-0.1999928840862251,-0.9572621430781852,1.6601316450436046,-1.1437540057067943,0.065067183217713,0.3376227453962128,0,-0.337622745396237,0,585,2,1,1.93946259905977,0.3622665376822435,-0.5160665853046945,0.51606658530469,-1.600761344738897,-1.5930066304979096,1.5930066304978856,-0.3592778400446974,-0.9783181238266748,0.1909617
-0.9720677418123742,0.9642310373186402,0.8832154917041783,-1.3624405337310836,1.0459185440201633,1.6161392928539275,0.8255420652895914,0,-0.8255420652896184,1,586,1,2,-1.6659239030686768,-0.6376461971700907,-0.3499038064528524,0.3499038064528505,1.0509782470804503,-1.1294693810924037,1.129469381092342,-1.1664714419040976,0.1680913340462348,-0.8139024
1.3907240571076098,-1.0922766111239075,-0.7570102621285641,1.1962960593211698,-0.6841681374390465,-0.5641154751772327,0.3008753760015866,2,-0.3008753760016114,0,587,0,1,1.3006629290192977,0.0429326959800714,0.3767300241275434,-0.376730024127542,-1.1835906285822482,-1.3969706836014424,1.3969706836014495,-0.0748396435788675,-0.7097593753954178,1.3886441
0.3988423981132495,-0.7207198075787336,1.5755059173717727,1.7223640237753928,-1.0603839430711643,1.0983951226560884,1.358790429189151,0,-1.3587904291891302,0,588,2,2,1.9247837180494916,-0.8157355886666074,-0.7589339326273563,0.7589339326273894,-1.922087781516836,-1.0924001263387988,1.0924001263387078,1.5076736103633823,1.069778960388163,0.4051241
0.8739402806818405,-0.5029413973605547,-1.549074211451382,-1.1163648634668182,1.2383473280956392,-0.5050453377344312,-0.1438806267237183,1,0.1438806267237188,1,589,2,1,-1.628981881842414,2.087018752726788,1.078547995935666,-1.0785479959356812,1.080104638014364,-1.1983569135209946,1.1983569135209564,0.9712449667192752,-0.1353244372877355,0.8926678
-1.3581974677320503,-0.2557236752705603,-1.3970085757711992,-1.4207309323757364,1.408710007596268,-1.1432078852114869,-1.8343932310670736,0,1.834393231067084,0,589,0,0,-1.957336261220982,1.3960040716624345,1.213343482581352,-1.2133434825813465,1.846242179865252,-0.2312558663334722,0.2312558663335115,-0.4603350857445502,-1.7947424864900867,-1.4327438
-1.242079145056729,1.4721783989956012,-0.2956721938791314,-0.99853537875848,-1.1366055372308923,-1.2752370010519871,-1.850921354421217,2,1.85092135442122,1,589,0,0,0.0963396856301086,-0.1581586705062836,0.0120887301710361,-0.0120887301710409,1.4361867737921403,0.9604529442876668,-0.9604529442876478,-0.2912397925413341,-2.3335302747406117,-1.3228129
-1.1566014482307418,0.7892346433591253,1.3957068521437284,1.564333292520307,-1.4775695147803354,-1.3779943030206814,-1.6288475026736473,0,1.6288475026736575,1,591,2,0,2.104283485749636,-0.7442044099479884,-0.1591325444467709,0.1591325444467761,-1.0011633913565332,1.819671770010678,-1.819671770010652,-0.1202244523981216,-2.3912425805514994,-1.0349238
1.6161990617035813,1.6860364260603993,0.4070327786684316,-1.0861648779651187,0.6326191627123728,-0.8014869437713761,-0.0437644653652705,0,0.0437644653652283,1,591,2,1,-1.1888390500496098,-0.4765097042202493,-1.1372307767352463,1.1372307767352094,1.023229059045897,2.4441663971036074,-2.444166397103645,-1.425259601310119,0.1245703116005901,1.4005996
-0.6370543845835684,-1.1177843961190437,-0.5337246705930749,0.8462627337847118,1.3673756189326678,-1.580926795286522,-1.6332121612472374,0,1.6332121612472077,1,591,1,0,-0.3613500312658182,-0.1531908971614005,1.1408190936339648,-1.1408190936339566,-0.3570853977307393,3.10729875996603,-3.107298759966044,-0.5132882140651274,0.6856264077605523,-0.6253488
-1.6291990828012664,-0.7951249090507709,-1.478352088132691,-0.2506329994692966,-1.5519232424325666,-0.7588095040300818,-1.498726506386823,0,1.4987265063868165,0,592,1,1,0.900899409106112,1.6570095517696837,-0.0962790718126708,0.0962790718126875,0.622382431131515,2.957841461096154,-2.9578414610962462,0.0304195359836062,0.2160962388481598,-1.600102
1.685399998266811,-0.6928350900384516,-0.7400165261515536,-0.731022088467378,1.3684020839855522,-1.6088588078869406,-0.6937171206219421,2,0.6937171206219468,0,592,1,0,-1.4525789983014763,0.0564233417102683,-0.5774482985888438,0.5774482985888522,0.8599155304657695,2.4425904507701643,-2.4425904507701985,0.1547245578812382,0.1275317296287596,1.6699802
-0.7514755904494501,1.053978371424635,-0.5410223405530238,-0.0912760164982248,1.0094107089150757,1.368167392450417,0.8465153798440483,1,-0.8465153798440825,1,592,2,2,-0.7617844568309334,-0.0028337692705464,-1.10504593802142,1.1050459380213926,-0.1624246139390906,1.3404226666501209,-1.3404226666501882,-0.614585075997229,0.8444292356994556,-0.8011276
-0.5118407131099958,-0.5821529199371263,1.3344332116477766,1.4338798388967222,1.5762761375305143,0.759555639283626,0.5815092918878325,1,-0.5815092918878281,1,593,0,2,-0.0996709106340574,-0.7754677674759131,0.1903970354374916,-0.190397035437464,-1.4670272278138354,1.0620163786803716,-1.06201637868036,0.5564005351163198,2.105627457574614,-0.40271488
0.932226997027034,0.7887166317083499,0.0938082412960578,0.3691578854946025,1.2677633488737323,-0.8497731931745834,-0.2657014826458297,2,0.265701482645842,0,594,2,1,-0.6222674422615951,-0.3977695075221926,0.608188331933495,-0.6081883319334896,-0.2872122395592563,0.4531253651488098,-0.4531253651488166,0.334704900669031,1.1620816501410425,0.95750505
0.8240346802750901,-0.91711324086334,-1.6480663022853366,-0.8008719186451281,1.4880918228354094,-1.2267646103247714,-0.7795662596600303,0,0.7795662596600357,0,595,1,0,-1.5837173095141313,2.7232009324235102,0.3689785493669353,-0.3689785493669406,0.9504771226232775,0.1329156451275545,-0.1329156451275323,0.0790261610346261,-0.4010110648890303,0.85569793
0.3557440835554574,-1.5297362010441455,0.6544159856293398,-0.911516880098802,1.282185253461307,1.1619446654344672,1.1147968665057144,2,-1.1147968665057426,1,596,1,2,-1.5176951033023551,-0.6747599763735302,-1.3591708130886455,1.3591708130886224,0.5362822608585772,-0.6723343114829514,0.6723343114829329,-0.0048440982774923,-0.2581132700303299,0.3500628
0.4585491909174425,1.6754921565193095,0.7811241114928476,-1.69024849817098,0.1411183247607684,0.7332890467548011,0.699175129156467,0,-0.6991751291564611,1,596,0,2,-1.2662973488231106,-0.5874086506171723,0.2984791393491251,-0.2984791393491009,1.4074181273711224,-0.6067303231712353,0.6067303231711891,-0.7478363777704314,0.5009586313882871,0.44048882
0.1349150843655407,-0.7055577454612838,0.984555043917763,1.181020425323187,0.695291580189273,1.521246912851388,1.5504755319411812,2,-1.5504755319411965,0,597,0,2,0.3352899701916085,-0.7168536332350782,-0.6106668288802118,0.6106668288801971,-1.500275107813036,-1.0381674192144066,1.0381674192144434,-0.8653322035182947,1.5881657090892147,0.14719461
-1.3752261764910132,-0.5205418473954618,-0.6361466292410466,-0.739426908214114,-0.4321158412537899,0.5433156501078217,-0.2633781639888659,0,0.2633781639888842,1,599,0,2,-0.2121373763764487,-0.0290156858945896,1.3018533069666187,-1.3018533069665956,0.7500589411682708,-1.0392018885417589,1.039201888541763,-1.3804567302563484,0.454992963763728,-1.3710508
-1.2765118747590392,-0.3874518626362356,1.6915452977566046,-0.7511429751928622,-0.3187182214364596,1.0436703442588653,0.2305701845864998,2,-0.2305701845865339,0,600,1,2,-0.2987274277229114,-0.8222786935350475,-0.3542302500005457,0.3542302500005083,0.625894141248407,-1.4889702252479262,1.488970225247889,-1.3573492525005606,-0.8511308587379377,-1.242065
1.573825754635647,0.3454543488718571,1.1859860432295126,1.2467881624872266,0.3164739792063373,-0.8315402254222457,0.1565344447309331,1,-0.1565344447309356,1,601,1,1,0.6429647891295613,-0.7209791277976507,0.0533563156275916,-0.053356315627569,-1.190195844486372,-1.0622990581749243,1.0622990581748994,-0.3544527037403798,-0.7497841208772149,1.4641602
-1.51816390500129,-0.2936863000356032,1.2366593274722406,-0.2470704993435318,0.4906008107925912,-0.4488471062686858,-1.167269786660314,2,1.1672697866602977,0,602,2,1,-0.5103979296483714,-0.7502146172362598,0.9501927898717716,-0.9501927898717824,0.5290486833705874,-0.2312550639483537,0.2312550639482728,0.3161467739573959,-1.5617499060516016,-1.4414269
-0.0558061677588829,0.2443798537566902,0.9394607473937142,0.5391036241721197,0.5271395575597472,-0.0712579897864515,-0.0336078219144172,1,0.0336078219144086,0,602,1,1,0.007863980877775,-0.6751515667614808,-0.8132900742303688,0.8132900742303751,-0.5045874215529941,0.4740660234409672,-0.4740660234409959,0.0178682026882399,-0.2935067813319658,-0.025874967
0.5899687989373855,0.3727040163076255,0.7586461665044507,0.7479738934062161,-0.2323915347479098,0.3598153226793467,0.6885104363225099,0,-0.688510436322483,1,602,2,2,0.6779943655935493,-0.6291441159676356,-0.5179654527163475,0.5179654527163733,-0.8862440097993592,0.0502328324596007,-0.0502328324596374,0.7090166275563095,0.2240943646411491,0.5641199
0.9085703051281946,0.8602175539653695,1.3896642880997043,-1.6809062423780912,-1.5477516386661188,-1.3802787805802266,-0.9690079451795056,0,0.969007945179485,0,603,2,0,-0.0908642156247857,-0.7410672012818481,1.1896667595051074,-1.1896667595051422,1.8636757457072977,0.5843510332699612,-0.5843510332699677,0.2769848464014066,-0.1246075284010538,0.91419816
-0.0550794719433013,-1.4888826706985436,-1.312712187835536,0.3729063244902771,-0.3868256516066217,1.4223513435561226,1.283666913411838,2,-1.2836669134118688,1,603,1,2,0.5255701553727745,0.9465669429612266,-1.6162960590564222,1.6162960590564155,-0.7063026731152402,0.0824896277405143,-0.0824896277405216,-0.1290805901604465,1.2321294277990458,-0.07250133
1.5396884664509212,-0.9992181693901584,0.5910758465292072,1.4625666951176608,-0.1741463172431674,1.0381981295043905,1.8334692491872355,0,-1.8334692491872615,0,605,1,2,1.1317412624511198,-0.6388099122437788,-0.3943111876239254,0.3943111876239288,-1.821310041096993,-1.2536045333299346,1.2536045333299668,0.6653341047627448,1.3449904790282827,1.395385
-0.4096506436266657,-0.2166356352208843,1.1401424254581671,1.7644945242718444,-0.3306027789908651,1.5735769111372735,1.393782252793962,1,-1.3937822527939954,0,605,1,2,1.448784492862074,-0.7304897239104354,0.3157484193949528,-0.3157484193949579,-1.9676139363603724,-1.88915714940388,1.8891571494038173,1.234734759602364,1.3088183803045663,-0.28803265
0.2376227931098214,1.4736516147329837,0.267385204739992,-0.4731245908500891,0.493744466716101,-0.1929450055061795,-0.1068357409595059,2,0.1068357409594893,0,610,1,1,-0.6688653245399531,-0.4356995554864424,1.0770747142511947,-1.0770747142511836,0.4540583488073663,-1.5350252602920795,1.5350252602920105,0.6673286555561986,0.5689637058701995,0.2018939
-1.2376289463431347,-0.351654616423537,0.6202878387423961,0.9501506925872284,-1.2676332805960764,-0.1018492712358403,-0.5933148690533454,1,0.5933148690533291,1,611,2,1,1.5343337802936032,-0.6213754310360718,0.3493265506255997,-0.3493265506255997,-0.7271498412547873,-1.702304493630983,1.7023044936309382,1.8898981569028,-1.772857521880842,-1.2252
-0.3869033322444996,1.4380846897463562,0.6888637554829118,-0.987735287079754,1.1087480027479932,-1.554954420375144,-1.6828853125591732,0,1.6828853125591978,0,611,0,0,-1.4503448061436033,-0.5717905832428761,0.78210613550441,-0.782106135504381,1.3794071953986415,-0.3814321817502724,0.381432181750266,1.2576507454302936,-2.8072705652822205,-0.4020424
-0.3951692769441437,-1.5710154646379912,-1.036364021166226,0.7500158894974317,-0.3422246942994881,0.0258132035707348,-0.0898790423376495,0,0.0898790423376362,1,612,2,1,0.7554286749640556,0.3532348702569767,-1.142916505187,1.1429165051869732,-0.6807265934203726,0.4749483269551312,-0.4749483269551409,0.926550771296619,-1.4148696258993545,-0.37483352
-0.4501027553632413,-1.2885292463437186,1.515576285644813,-0.8511254832862076,-0.2217542025293911,0.6180926046139695,0.2424881952741263,0,-0.2424881952741445,1,612,1,2,-0.4349692503621008,-0.8236231414986206,-0.2382793080120596,0.2382793080120562,0.7181847434414519,0.9875678015416498,-0.9875678015416516,-0.2888456748447416,0.3722622717044542,-0.53565687
-0.6485750485254561,0.2010474677893927,-0.6472872866621077,0.1674788010819168,1.1770228039724866,0.9267689451119182,0.5297555943260615,1,-0.5297555943260946,0,615,0,2,-0.6988989995947124,0.0325225225985086,-0.20591556986622,0.2059155698662094,-0.3158439281480762,0.7041223049815559,-0.7041223049815433,0.0088225964219048,1.295907760125078,-0.64179635
-0.1750793682051887,-0.4768393386971559,1.5845678267176702,0.9201908745628826,-0.4160946506865756,-1.5895443467698211,-1.4078874649538555,2,1.4078874649538298,1,616,0,0,0.9242159883645336,-0.8100854150888919,1.3906848121033764,-1.390684812103372,-0.4839039440188089,1.0668148537666642,-1.066814853766714,-0.0050987898072159,0.3621676074507257,-0.1423902
-1.6160274182704788,-0.8121953487247469,0.957653665346513,-0.2555705786165014,1.4492211223168727,0.6443887327897098,-0.2390413700434394,1,0.2390413700434438,0,616,1,2,-1.1797967011124175,-0.7151102898464128,-0.8385382793657885,0.8385382793658107,0.2850737586228391,0.4239360702248457,-0.4239360702248467,0.3351151487943443,-0.607793402124102,-1.6078578
-0.3349807353566889,-0.1959728774300877,1.6828697821305811,0.5990603905732893,0.0637936348068801,0.4506813627515058,0.303052496392625,2,-0.3030524963925958,0,617,0,2,0.3700285659414399,-0.8158276999905073,-0.3887795739603176,0.3887795739603356,-0.6490088766996036,0.248981324635095,-0.2489813246350903,0.2649708708075781,-0.2031056349308106,-0.35341352
0.9756328776082358,0.0750566583046216,-0.0609558764214012,-0.0256170807097246,0.6801713123148403,1.061095743302969,1.4209271076824634,1,-1.4209271076824637,1,619,1,2,-0.4885010810745614,-0.3637966557646563,-0.8019610364869486,0.801961036486928,-0.378483407059217,-0.275724533234519,0.2757245332344615,0.6485586916118659,1.0849429417762428,0.92669415
0.3539006660363424,-1.2987910409642225,1.5640241342644738,-0.0108599142086915,0.6405279900267068,-1.6324367434649556,-1.287277597692517,1,1.2872775976925197,1,620,2,0,-0.4508584709463626,-0.8306049262768288,1.943641455315388,-1.943641455315388,0.3397269428128999,0.5333186422383472,-0.5333186422383407,0.5656902932408125,0.589719685924484,0.35462207
0.7945798827435792,-1.39650031528996,-0.5858788528751856,0.915056526332794,-0.6209445801188861,0.7619257739861339,1.165282587902154,0,-1.165282587902153,1,621,2,2,1.0624557786560866,-0.1320685941130263,-1.7597341863071203,1.7597341863071203,-1.162622073988974,-0.6123982768243063,0.6123982768243348,0.5633045229171149,0.3773119177327226,0.78854007
1.072718342909832,-0.6226027214639702,0.2746475200923705,1.3578350600847078,0.2224478707743721,0.0436925262930063,0.7061245594424628,1,-0.7061245594424753,0,622,0,1,0.784822902612545,-0.5304713424741903,0.3297208725865667,-0.3297208725865765,-1.4330602503417265,-1.0332381647795843,1.0332381647795346,1.313003437054343,0.1695861491320317,1.050614
1.4747559636975118,0.5563195356543272,-1.3785666262502363,-1.4086375906844606,-0.6180097753438555,1.1775632031056562,1.6213679438912494,1,-1.6213679438912232,1,627,1,2,-0.5461537722562205,1.4434656383044997,-0.6565524457897481,0.6565524457897765,0.8751071327016099,-1.620224754019682,1.6202247540196872,0.380089258276522,0.7430977515758592,1.4675387
-0.4951835599976169,-1.379613976870599,0.0611442475208085,0.3106011574890504,-0.634589616926613,1.6402126369264156,1.257201001423223,0,-1.2572010014232242,1,627,0,2,0.6539861556665263,-0.4883054968452125,0.2615550713022623,-0.261555071302282,-0.6425031266950512,-1.5473248810302418,1.547324881030237,0.5363193110570907,1.7231455588672957,-0.4891672
0.5331005104540967,-0.376778423150006,-0.9995967675733884,0.4356759477537804,-1.0636385051504076,1.606185147212437,1.7412798085303516,2,-1.741279808530335,0,628,1,2,1.0374335195484037,0.4100713098919107,-0.3471478464731793,0.3471478464731921,-0.8859033463597014,-2.8958053115446565,2.8958053115446662,0.7438104979021335,0.5280950199784941,0.52086544
-0.4194420818349368,1.0916153226342669,0.5119693727120143,-0.16223583679259,0.0710093610599101,0.4087784752043754,0.1435792420063036,0,-0.1435792420063042,0,632,0,2,-0.1613182686129542,-0.5344313559814958,1.1467413708070089,-1.1467413708070215,0.0939445796944389,-2.44088675365278,2.4408867536527867,0.2432265805844854,-0.3143097359620274,-0.40418398
-1.189298868586101,-0.1790055339742529,0.3460488004858273,0.3163142209209053,0.6399090268202929,0.3766125668580979,-0.2095675591011333,2,0.2095675591011661,0,632,2,2,-0.2242252190047341,-0.5348191417432386,0.2536469948942029,-0.2536469948941791,-0.2537943361091159,-2.0331702283872635,2.0331702283872697,-0.2407354333334547,-1.4870710568576473,-1.2258692
-1.278084628527903,1.2357770868824345,1.3286046578292707,0.3372194381612869,1.0584031273729793,0.7525344202190924,0.0852724995666313,2,-0.0852724995666418,0,632,1,2,-0.4994378709594344,-0.7191556878523063,-0.2113497261891981,0.2113497261891672,-0.3521348105585056,-1.349215999281972,1.3492159992820347,0.57050948075904,-1.3375211698169007,-1.2746366
1.268784668704726,-0.3374976800133804,-1.1580635216754975,-1.4291304156516949,1.5761148148328388,-0.8604745237734371,-0.3022347491524796,0,0.3022347491524675,1,635,2,1,-2.0790150597790937,0.7037184423057794,0.278304123713005,-0.2783041237130063,1.4291318156538864,-0.6548693813261497,0.6548693813262075,-0.2378891265024384,-1.2910598895460574,1.2566276
-1.608514118821392,-0.9786473831388663,-1.6135821658503704,0.2042410379364451,-1.602672842364846,-1.1519270549765876,-1.791587336234489,1,1.7915873362344528,0,637,2,0,1.2505216510961954,2.4295935600547374,1.0689906349448104,-1.0689906349448284,0.2751013828350644,0.9181574989086017,-0.9181574989085975,-0.3454296584192456,-1.2343441795760055,-1.5346427
1.054958388464177,-0.9073033698090108,0.8301695796435629,1.2326033585165743,-0.3231753367490164,-1.1495564459609255,-0.3820290493209659,1,0.382029049320932,0,638,2,0,1.0758994137594569,-0.6918029472523661,-1.0112738500300968,1.011273850030099,-1.035448103597468,1.152187236471006,-1.1521872364709824,0.3027082958779299,-0.6927360871442292,1.0662409
-0.6357819964374568,-0.5723195055270612,-1.3365625430204076,-0.2037957826561219,1.6854937909721,0.4107582316797005,0.035487099136804,1,-0.035487099136781,0,638,2,2,-1.3075394364268489,1.1405482203745485,-0.2993823438991029,0.299382343899144,0.1620755962091772,1.0430754163148626,-1.0430754163148657,0.0610295168031898,-0.0574392655577893,-0.6776571
0.1569903617566395,-0.0953125222295499,0.9022239745592668,1.090517049077511,0.0683809670268483,-1.547478688906896,-1.1903541654207417,0,1.190354165420744,1,640,0,0,0.7066414557997618,-0.6788570521338905,0.8798943607013503,-0.8798943607013657,-0.694928429363885,1.6110546102516687,-1.6110546102516905,0.4110632512710349,0.0141649779824906,0.14458713
0.6975958575861381,-1.604523079503935,-1.5572523726095566,-0.3172953103622648,-1.4857637677090747,0.5321450668345121,0.7817971615045516,0,-0.7817971615045199,1,640,2,2,0.8090166060878391,1.9292544157956184,-1.4149917880767533,1.414991788076775,0.0656126496758876,1.12838394514535,-1.1283839451453983,0.9276980956900364,1.3478313920598977,0.6922915
1.5612073933890138,0.7497595681233509,-0.5140809557242644,-1.46768879060019,1.1172515635412306,0.3112496018631525,0.8831620577871757,1,-0.8831620577871783,0,641,2,1,-1.7880655702433574,-0.0451862543902668,-0.0725115464283105,0.0725115464282861,1.1376390016219715,-0.0625616869094231,0.0625616869094685,0.1508048291110366,1.0175721049682336,1.5773399
-0.5083686521441707,-0.4762181974558392,-0.9509569236795689,-0.6352689604031223,-1.0057364326876617,0.9670310156911492,0.5488013328092545,2,-0.5488013328092659,0,641,1,2,0.2569155411568485,0.3281324103644973,0.2401660675104329,-0.2401660675104394,0.4285796601703741,-0.4770186002410983,0.4770186002411299,-0.7171367570906579,0.9626567370545224,-0.6020016
-0.5214587524750187,0.669241020878775,-0.4837820630263931,-1.0718947809390131,0.8381179937469216,-0.0457845545838782,-0.4089309539785263,1,0.4089309539785128,1,642,0,1,-1.3212116236365286,-0.0743028317185,0.6874987994716211,-0.687498799471623,1.1101175725930108,-0.27913922494449,0.2791392249445058,-1.1205150897089855,0.4120043390087129,-0.5455187
-1.040053383220982,1.2684522176498347,0.3885752131952292,-1.6645225967714952,-0.3052843092794229,-0.0569006731285238,-0.7345812961352471,0,0.7345812961352103,1,642,1,1,-0.9395271558612132,-0.4877013866949615,0.2339154786440928,-0.2339154786441096,1.7819805936813806,-0.4820743892996765,0.4820743892996744,-2.400695461807292,-1.3468979861159978,-1.0515361
0.7071465575908954,-0.3969808078331994,1.2224488057863896,-0.2026527642942143,-1.475406578826551,0.0208906114934218,0.3418120769693605,1,-0.3418120769693675,1,642,2,1,0.8811104148345903,-0.7509849972859653,-0.7721940135116236,0.7721940135116454,0.0779302324229183,-0.2861688155784185,0.2861688155783873,-2.347424672218176,-0.7376207291597261,0.70273393
-1.285722499994912,-0.4776095266453058,1.5870835517642703,-0.50739758849966,-0.1864202432989491,0.8869151210413757,0.1119070048444376,2,-0.1119070048444388,1,643,0,2,-0.2217761968510552,-0.810461625316366,0.1652084733207791,-0.1652084733207751,0.4268202614627388,0.0572363791495159,-0.0572363791495335,-1.9012075187626785,-0.0399210155645634,-1.2764693
1.021745175675493,0.140191947693386,-1.515176693443195,1.189379447678161,1.7258215189672532,-0.6507299342807912,0.0429040598920618,2,-0.042904059892096,0,644,0,1,-0.3722258048437615,2.005758297662849,0.0497447715158628,-0.0497447715158865,-1.1092983480241114,0.2824896865418485,-0.2824896865419347,-1.0533507260208652,0.5427416342482426,1.0287256
-1.461967004171394,-0.2311489761115649,0.9216038662433716,1.5952250538037558,-0.2754408620703822,1.4420522460299643,0.745370861119201,1,-0.745370861119182,0,644,1,2,1.2935722633310471,-0.6877169134794309,-0.5038635262093192,0.5038635262093577,-1.6510951208435851,-0.2314690072468012,0.2314690072468229,0.1859760719133152,0.826059029212148,-1.4563725
-0.7203046376416017,-0.9854801072774592,-0.664419477836461,0.3259641103100789,-0.0447466698468248,1.730939793024238,1.2301729693331993,0,-1.2301729693331995,0,646,2,2,0.2563402371652356,-0.0372407989192242,-0.3476668888549712,0.3476668888549575,-0.6492388787095246,-1.1062857342833516,1.106285734283293,1.110892712284622,0.748044031759553,-0.5405559
0.2019584834360268,-0.8899833006712157,1.3947162749574895,0.2027061745690814,0.3018835566769662,-0.7469783512967345,-0.547473850718357,2,0.5474738507183441,1,648,1,1,-0.0688037902371449,-0.7942200480181276,1.2758711773752376,-1.2758711773752476,-0.0583030769668172,-0.7103266984219917,0.7103266984219424,1.299250276564781,-0.0425485214222714,0.20752747
0.794530691330269,-0.2376841767438496,-1.1587695289975386,0.2662170734700012,-0.649835857785745,-1.2190545329535785,-0.6737119043701435,2,0.6737119043701048,1,649,0,0,0.6338523470495138,0.7162013673016027,0.0908168048057217,-0.0908168048057403,-0.0829793512110084,-0.3605259243830764,0.3605259243830583,1.6587247063840411,-0.8495973703301223,0.79659355
1.5385473978688815,1.4794029172253431,-1.1586843039140329,-0.7747314167220394,1.148260739479605,-1.0817759811178005,-0.2989770846633383,2,0.2989770846633394,0,649,0,0,-1.3304253940006143,0.904810341682826,-0.2686823732242644,0.2686823732242932,0.7935980661857562,-0.2083016237812094,0.2083016237812076,0.7460640914928454,-1.2435452092497503,1.5481284
1.2769110853851935,0.9564583999509584,-1.6357699092635984,0.859659732133226,0.691566617932894,-1.4653810540562568,-0.5956571159326138,0,0.5956571159326239,1,649,0,0,0.1156827784117221,3.030940447186337,0.2131263231725056,-0.2131263231724993,-0.645065942006174,0.3887978335745946,-0.3887978335746454,0.404269994766298,-1.0602061336484012,1.2742194
0.9611782680334708,1.012266116141566,-0.9205018601029364,1.101023542409231,-0.8782038544776573,-1.665784714380031,-0.9029766582225252,1,0.9029766582225254,1,649,2,0,1.3690969154660089,0.4166455928012349,0.2207612584553497,-0.2207612584553568,-0.7804067423775516,1.3385934432624844,-1.338593443262474,0.7644157638763576,-0.1985277253806284,0.9675119
-0.534305938642754,-1.0988623253899223,-0.2228501719700179,1.1943188157522546,1.6855073628769035,0.5074745072443926,0.3198731572237585,1,-0.3198731572237608,1,651,2,2,-0.34090679284591,-0.3460099133203874,-0.8772914617747755,0.8772914617747741,-1.1868575898214684,0.9524028218556688,-0.952402821855738,1.225187006090574,0.4285895840178648,-0.60177994
-0.4907795974038026,1.5801449392039102,-1.4009159088689362,-0.02878666728215,-1.139089431222878,-1.4799087527392478,-1.5646016278530084,2,1.5646016278530106,1,652,1,0,0.7685332201975864,1.6816349571957474,1.3525311477239734,-1.352531147723971,0.4314616599295773,1.349075955868201,-1.349075955868192,1.0881080354937265,-0.5042190507283513,-0.7979279
-0.8959643201153132,0.2064584912016161,1.1823808431603804,-1.1994337187143236,-0.9771307126679368,1.278446225686552,0.5782138481775908,2,-0.5782138481775864,0,652,1,2,-0.1529419965064299,-0.7247328190898189,-1.53746073716623,1.5374607371662323,0.961156265137042,0.9585022773471218,-0.9585022773471236,0.8907622180516183,0.5228214785468965,-0.9162858
-0.2784453542071139,0.0663782565661809,-0.7836544373809459,-0.0223005670895054,0.7952123449105407,-0.7603184283846892,-0.8174481280479425,1,0.8174481280479154,1,654,0,1,-0.5658352711723904,0.1619185900058719,1.0017580573279212,-1.0017580573279443,0.2234438279706034,1.0572558419607443,-1.0572558419607505,0.4809429743481574,0.1319172516253761,-0.31512836
-1.4153733509629505,-1.2091386459499092,1.6560000595536593,0.4292590421776717,0.2887532307899119,1.6184380853452252,0.8018374209691789,2,-0.8018374209691643,1,654,1,2,0.0969208608569668,-0.8403303386846348,-1.1617745704209004,1.1617745704209308,-0.6283381966178099,0.2981787913716057,-0.2981787913716303,0.1687951150007997,0.5305868972863943,-1.3901548
1.454179969818016,0.903647240176838,0.2767405602427131,0.1764646434146711,0.9144719267704344,0.0120426011412887,0.7382887625229259,0,-0.7382887625229226,1,654,2,1,-0.5109581701415075,-0.4642139078616729,0.0458307641514759,-0.0458307641514839,-0.3802578078387851,0.1118771368583484,-0.1118771368583482,-0.3041697423464314,1.5005453185199504,1.4460862
1.3611627755149565,1.5230405105325988,1.560991779254873,0.4687998798441365,-1.3853716711394106,-0.8886457672259659,-0.0807827345036563,1,0.0807827345036431,1,656,2,1,1.2830269905670812,-0.7496823115122037,0.5879955277476243,-0.5879955277476365,-0.4279092911355601,-0.5488006947712776,0.5488006947712812,-0.0729569058955982,0.072303004884728,1.3197782
1.474651447162385,-1.6643818753803343,-1.169267750792202,0.4316289767551813,0.0616574795277166,-0.7506903887488544,0.0938509703270451,1,-0.0938509703270635,0,657,1,1,0.2557467789199496,0.5803815525331995,-0.1250893961463516,0.125089396146348,-0.4407683924082243,-0.3331356851838537,0.3331356851838591,0.6849466878141577,0.290733948606232,1.4363724
1.556584884255297,-1.3187448665829793,1.1418449589954782,-1.2596508738854306,0.3275105604975024,-1.3636089463127017,-0.593517548260137,0,0.5935175482601142,1,657,2,0,-1.0976004706438192,-0.7662990326789731,0.4934851959293652,-0.4934851959293687,1.343839823453293,-0.4328419030739643,0.4328419030739843,0.1099888723952007,-1.0701549020174077,1.5586421
1.1381984894349697,0.20724134864447,-1.01681184532366,-0.3526156687846929,0.2502742285254407,-1.588314598130609,-0.9018786528660252,0,0.9018786528660344,1,657,0,0,-0.417025506236816,0.4933401017293803,0.2215086857441078,-0.2215086857440849,0.5565966187157098,0.3257462551029113,-0.3257462551029284,-0.2533237426962606,-1.181487002483615,1.1191096
0.9624048216780332,-0.4201105245845476,-0.9073437632275424,1.5937312879349317,-0.2268941529513593,0.4003517933554091,0.9960964440241372,1,-0.9960964440241304,1,659,2,2,1.2589372332387876,0.2729283337961419,-1.3617627708083924,1.3617627708083913,-1.715549965785855,0.210956087141616,-0.2109560871416539,0.4052355426766872,0.3585589145338249,1.0089716
1.1197788952366543,0.6193195702450796,1.269405057856859,-0.4661809239534047,-1.2759755925869387,0.616338480322002,1.0469882919560145,1,-1.0469882919560516,0,659,2,2,0.560870927091733,-0.7275454655127749,-0.0362919817378844,0.0362919817378528,0.1329993953250305,-0.2911896394532709,0.2911896394532089,-0.029220663829718,1.0857534319868134,1.1229236
0.4863424206231898,-0.9669841652638406,-0.4498061802631576,0.6757257335611201,-0.7678512180173022,0.4551258007032249,0.7154896299308188,1,-0.7154896299307959,0,660,1,2,0.9986683323290008,-0.2031631462068909,0.2381122451706078,-0.2381122451705646,-0.8283933511581584,-0.5679773818960377,0.5679773818960296,0.0842034306026953,1.4188871643126977,0.59296423
-1.5957347220085345,-0.1157614128308323,-1.091373807049507,1.639581660779251,0.9503098245032396,0.5634945243775217,-0.1001288859071471,2,0.100128885907149,0,660,2,2,0.4758201890607735,0.5934924619325072,0.5855176612501028,-0.5855176612501183,-1.46814600376626,-0.7876611674678875,0.7876611674678762,1.431385708222071,0.4098400826785957,-1.5712286
1.4803279820644202,-1.69463927837398,-1.0749297578107608,0.2709981359096481,0.4911677345445085,-1.1580533851084909,-0.2844324853962868,1,0.2844324853962833,0,661,1,0,-0.1526030134411071,0.4033943117574453,0.1324847615165419,-0.1324847615165459,-0.1920223516649116,-1.0625821816835332,1.0625821816835157,1.7211594520380948,-1.1550804186967858,1.4595098
1.421704977561935,0.2682373994363839,1.671538942782402,-0.8691530771672586,-0.3905787622958229,-0.613967608825411,0.05204054485327,2,-0.05204054485326,1,661,1,1,-0.3305791600890352,-0.8014270206408673,-0.2412256333660491,0.2412256333660589,0.7877650908872158,-0.6422365403138484,0.6422365403138461,0.5767344606583443,-0.9316343592321624,1.4818588
-1.626075869896897,0.8697555602581497,1.2160251958650186,0.7395633295827474,-0.2854382846374293,0.7569529691193564,-0.0376576218956414,1,0.0376576218956466,0,661,1,2,0.7088964076841549,-0.7099774901477427,0.0645957058092424,-0.0645957058092457,-0.6852007922600005,-0.159292487194278,0.1592924871943306,1.1370059360518068,-0.4228499602915557,-1.5982814
-0.1360055039134811,-1.1148293507428433,0.864018221616935,0.6412491161533145,-1.4390603484737703,0.1028360310572453,0.0937089093421515,2,-0.0937089093421494,1,663,2,1,1.4394179549235813,-0.7063829722587078,-0.094040782200342,0.0940407822003397,-0.6313244194867392,0.1175585086171514,-0.1175585086171307,1.120985735047327,0.195699175034258,-0.10726096
0.102917970627241,-1.5874496660544983,-0.328019906274895,-0.6563929462879108,0.6096673555117134,-0.8337143347625793,-0.7645011432367513,0,0.7645011432367085,1,663,2,1,-0.8758127605155115,-0.316628029360844,0.6160814367829834,-0.616081436783016,0.8078803223205555,0.4133736005631453,-0.4133736005631668,0.0541184646499431,-0.2873385282473231,0.087324746
-1.6166056920784253,-1.116409233781987,1.1812894654251471,0.3664384861065161,-0.3746453268510075,-0.5241496216324243,-1.2173692750960192,2,1.2173692750960268,0,665,0,1,0.5126675833872298,-0.7666263549805665,0.3252072296769942,-0.3252072296769582,-0.0293809641390548,0.8287684024685513,-0.8287684024685561,0.0984665970669525,-1.017436495074892,-1.5879246
-1.4191973754650178,0.6441748580252273,-1.4822278796409392,-0.1270670045135806,-0.3507559676019753,-0.2476032469461758,-0.9264696365366082,1,0.9264696365365764,0,665,1,1,0.1549276282136713,1.9149929382075404,-0.2085220725069724,0.2085220725069444,0.3509312109389217,1.2644549864349317,-1.264454986434955,0.4432906819218173,-0.9623925505052998,-1.4406488
-0.5368564229762713,0.3697927397993922,0.4541992145165542,1.1012530559705218,-0.4083190416341031,0.7269293576201976,0.5048325155102997,2,-0.5048325155103212,1,665,2,2,1.0440185241903377,-0.5459714231381833,-1.0268772929675145,1.0268772929675225,-1.1531959801119336,1.0229085219248366,-1.02290852192486,0.6113565350607664,0.2037330921722683,-0.55926067
1.4033368434225688,-1.231201707976408,0.0223207785092673,0.3913949179952533,0.8634492092775967,-1.6999563477631356,-0.7933730057643924,2,0.7933730057643684,1,665,0,0,-0.3270415331891784,-0.4656849928321511,0.9318231021403178,-0.9318231021403204,-0.1660786973121646,1.417886210089662,-1.4178862100897087,0.4952571385057135,0.5160844502670313,1.3846376
0.2848761149028638,-1.5406268092851716,-1.634498783592473,-0.4538152852477101,0.5152823680595507,-1.5457770788920686,-1.2905391548885838,1,1.2905391548886171,1,665,1,0,-0.6704228167144367,2.4710294814970237,0.3569955791904891,-0.3569955791904481,0.7583673662930396,1.6521072827897167,-1.652107282789763,0.5893886134846643,-0.0057667990696999,0.29796407
0.6228919184839086,-1.1930136689178732,-1.2406126655636176,1.5572261329001544,0.1611422464802276,-1.0877686523226413,-0.5029332085498014,1,0.5029332085498116,0,667,1,0,0.9651133473061156,0.7936376311066988,-0.5649595541851381,0.5649595541851218,-1.2903670558756075,1.3340010277748364,-1.3340010277748362,1.1427102235962223,-0.2966171479729902,0.99542934
-1.622201738829916,1.6236226712732549,-1.4895753711877957,-0.8037073976410676,1.7205736692494868,0.2316257065995584,-0.6690868700781913,0,0.669086870078212,0,667,1,1,-1.7465931581839822,2.118293355761153,0.1194603282085343,-0.1194603282085269,0.9228943983034448,1.21940005537535,-1.2194000553753384,0.8282966899994122,-0.6416042683484057,-1.5905381
1.4781870064709133,-0.5352125609629834,0.5734942579936259,1.6698755257263822,-1.6671111591091583,0.5529937887884189,1.391971857367922,2,-1.3919718573679447,0,667,0,2,2.308448090031382,-0.6161698777656442,-1.4787919239878442,1.478791923987814,-1.8853779198419072,0.8243967976605037,-0.8243967976604923,1.0925176880573857,1.551165089300514,1.4745791
0.0142598495210516,-1.2281519107475054,-0.1510442816397174,-1.5765435188071035,0.818201497727045,-0.3022003802557192,-0.4305324004623749,0,0.4305324004623601,1,668,0,1,-1.6563350950383888,-0.3889979048185632,1.3080609682153796,-1.308060968215375,1.610053648363608,0.6628401916538207,-0.6628401916538067,0.1780785205165355,1.122777857255892,0.030720513
-1.331495383823009,0.6036015639291185,-0.7653918636590369,1.2865175326944205,0.3190411347028882,1.0495606216562328,0.4254732538293839,1,-0.4254732538293638,1,668,2,2,0.668656375510919,0.1834781551104414,-0.6140433271681265,0.6140433271681519,-1.2962721997464417,-0.1012229715278843,0.1012229715279268,0.9867565073487272,0.6501193858995742,-1.2775899
0.4122160727310935,-1.5026686169118446,0.0572285871977199,-1.607394805385123,1.3458471807190115,-0.6538723391183627,-0.5540677758677705,1,0.5540677758677713,0,668,1,1,-2.042882392378788,-0.4927288933662096,0.7031487988362972,-0.7031487988363114,1.6749887025270092,-0.0784550480243249,0.078455048024341,-0.4837434240871672,-0.2307245243594862,0.37637874
1.250736185663366,-1.0528382877773452,-0.1589144127690137,1.4592602925761666,0.3675205026978574,-0.5659439582875371,0.2589418186980842,1,-0.2589418186981275,0,669,2,1,0.7545332963463763,-0.3757937785510953,-0.5831892650981823,0.5831892650981508,-1.4044707300753572,-0.4916644932867838,0.49166449328677,0.5677865689834016,-0.7449344370699758,1.2819443
0.318886985930485,0.5164568434371083,0.2305163205731583,0.3804035819006492,-1.2519356316408832,-0.6281274616903534,-0.3654105915778278,0,0.3654105915778485,1,670,1,1,1.1295511561677567,-0.4644270263561733,0.4482647052695588,-0.4482647052695131,-0.2707741546820159,0.2908188885581494,-0.2908188885581901,-0.0313905337288365,-0.0129348809369732,0.32411024
0.5197932792006208,0.8603021995841259,1.632865885955286,0.2200000276418809,1.241351901483485,-0.671074031269378,-0.3228982494318271,2,0.3228982494318045,1,670,1,1,-0.7071126118656248,-0.7793884156470581,-0.0302788309217035,0.0302788309216724,-0.1346975303895862,0.2428942409944013,-0.242894240994467,0.803406812744602,-0.4085293884542273,0.61812687
-0.5865960677861131,1.2454729171714505,-0.7814183468914652,1.0045543894995952,-0.0377129434446633,1.02248671228746,0.7344047568732701,2,-0.7344047568733052,0,672,1,2,0.7206420809907151,0.25228412026093,-0.7584947265089356,0.7584947265089271,-1.12801118465634,0.1053409341401177,-0.1053409341401514,0.6723873981539571,0.6189326302823028,-0.5830835
0.7952140914795506,-0.4742130444683624,0.3125880708288239,-0.8946226583881679,-0.6220893259982928,-1.699052588469916,-1.2255719880244678,2,1.225571988024456,1,672,0,0,-0.1879454249623255,-0.5365879585623122,1.4067115114497228,-1.4067115114497073,1.1633116439941655,0.4043315648743154,-0.404331564874353,1.003590222671814,-0.5830685353384808,0.7878452
1.2905035906846438,0.9342219190905876,-0.0507304486298054,0.8139403469814717,-1.1953716434629909,-0.6940147750682341,0.0953450708341404,1,-0.0953450708341377,0,672,0,1,1.3901424886363063,-0.3249140195883073,-0.947664720035329,0.94766472003534,-0.7876592080166858,0.477173840387143,-0.4771738403871262,0.7037303170916555,0.0042119511878999,1.2604997
0.4454003160550513,1.345708655588202,-0.0061317772901884,-0.1075306926163784,1.7541083122895964,0.4865707442627773,0.6404335185352769,1,-0.6404335185352849,1,672,1,2,-1.2884752054567683,-0.3257490615827878,-0.3909284917173469,0.3909284917173394,-0.0915605775724049,0.0293166870609936,-0.0293166870610009,0.4770025884900468,0.3988634314595454,0.47217512
-1.201278067689366,-0.7179345192385117,0.1988183373728688,-0.2011837264794165,-0.884560055641272,-0.2181910674335396,-0.8018454040467972,2,0.801845404046814,0,672,0,1,0.47316374789779,-0.5085178600152219,1.0352104751906166,-1.0352104751905993,0.3867138629640953,0.2425703186156471,-0.2425703186156849,0.2812917297061619,-0.3769293669024612,-1.1391585
-0.0027527983254338,0.5927997415394654,1.1137362700362905,-0.2192232477023029,-0.4796833441902848,0.9061941578511626,0.7850775547552032,2,-0.7850775547552052,0,673,2,2,0.1804505632491653,-0.6992761434719479,-1.1385511082337385,1.1385511082337256,-0.0268469787562739,0.2200080002780437,-0.2200080002779833,-0.2873592925465246,0.9701107471598692,-0.028628364
1.432214144681247,1.3289119171154535,-0.896395042501331,-1.3477416958260902,-0.4089715442910024,1.4222442212170427,1.8257289635790437,1,-1.825728963579056,1,675,0,2,-0.6487395924953403,0.4092784572444695,-0.7465455054517811,0.7465455054517741,0.759393429991264,-1.1385991083054745,1.138599108305448,-0.4979094742203515,1.1198207687240491,1.4476002
-0.910942494776656,0.985442187445307,1.5847124141652211,0.7109388548424709,-0.9082488825000996,0.891636708751503,0.4282092988456684,0,-0.4282092988456805,0,676,0,2,1.1201924480799128,-0.7686533346297004,1.0030911384728924,-1.0030911384728929,-0.7835304157306386,-1.2868085814260766,1.2868085814260677,-0.545771031759771,0.6836378251287627,-0.93971556
0.4892095248067528,0.3900039221575312,0.1997561015391867,-0.5714501661273867,0.8237581472804617,1.4908795597221658,1.5098820770169177,0,-1.5098820770169177,1,676,2,2,-0.9652700095138752,-0.4586256636109945,-0.775982525590586,0.7759825255905951,0.1056631148880825,-1.6739349287894758,1.673934928789481,-0.7613398367741744,1.3254801201447677,0.46876672
-1.3861648701298068,0.94771577208787,-1.599960487327244,1.2372821073155786,1.4536785376867736,0.119670576727442,-0.4372809978528,0,0.4372809978528043,0,678,0,1,-0.1507389851432199,2.7239247446788397,1.397516395131856,-1.397516395131854,-1.025017991517291,-1.8362590658207048,1.8362590658207287,-0.0929299541313103,-0.8603247081202496,-1.3803086
0.924586953705262,-1.215545402248832,0.93187362929323,-1.6766095730306043,-0.262100901685283,-1.1406844955937618,-0.7466619016746556,2,0.7466619016746405,0,679,1,0,-0.9777739414687244,-0.7237790311843558,0.2222404957868745,-0.2222404957868885,1.7973628447322627,-1.154244362253134,1.154244362253153,-0.7701315947903922,-1.8711508337525395,0.89741874
-0.6816211394487016,-1.619864514455859,0.555483476424163,1.0245812034265485,-0.9213199530337212,1.243626395643605,0.8878090041632363,2,-0.8878090041632593,1,679,0,2,1.346088855210151,-0.6539543486572786,-1.1726716141242428,1.1726716141242377,-1.1864925228398515,-0.7366307789470723,0.7366307789470053,0.3322123284552859,-0.4176303613292251,-0.6637681
-1.147350475969819,-1.588267341652985,0.0491953225913444,-0.2696126831343152,-0.4819103309852147,0.8086994541368245,0.1347211052116679,1,-0.1347211052116612,1,680,1,2,0.1471532652048084,-0.4937628854905098,0.5406455602486143,-0.5406455602485933,0.1967613361035411,-0.6059536833471895,0.6059536833472005,-0.1234191665905348,-0.4449678489794806,-1.1640763
-1.2200410685502,0.3559866610068003,0.0694281314020636,-0.7568975351436057,0.5892627136474041,-1.335274615667842,-1.8681580262024204,0,1.8681580262024229,0,680,2,0,-0.931177251895613,-0.4081256623414559,1.4374983534292984,-1.4374983534293024,1.206616549604772,0.8981356772587471,-0.8981356772587665,-0.2095907330249907,-0.6176446272715226,-1.3493618
0.2786252474151868,1.4235533832631029,-1.3012042125105334,1.532305572927105,-1.2378539128597614,0.007455602337076,0.3052279293092602,2,-0.3052279293092712,1,682,2,1,1.9162174816288144,1.2907536331906162,-1.559398176955653,1.5593981769556444,-1.4806584639656486,0.5675298397392162,-0.5675298397392317,-0.0725025969056595,-0.2045112780055369,0.44796437
-0.4005162289776733,1.0641145787211963,1.348191803037369,-0.3321705599064557,-0.3906345078135516,-0.9953337400638343,-1.1198527219053478,1,1.1198527219053436,0,684,2,1,0.0407236082754951,-0.7278191299460891,1.022868959813351,-1.0228689598133467,0.5965360443275624,0.7336949310446375,-0.7336949310446468,0.5522159760840082,-1.1975829724229043,-0.44007593
-0.2261524704966631,1.2391556557387826,0.1903532315893142,0.6536027196580518,1.1808371324847453,-0.9857168800163902,-0.9215644025294188,1,0.9215644025294006,1,685,1,1,-0.3654380663311087,-0.4164102334443808,-0.142063996844028,0.1420639968440181,-0.3715670181914599,1.539327548542626,-1.539327548542643,0.3798339292024757,-0.4260042196911681,-0.2339503
0.8148607103760251,-1.279045750933346,0.151532607553679,1.1417313024291869,0.1972854734897892,-1.2295531006811706,-0.580186710645936,2,0.5801867106459402,1,686,2,0,0.652827480416909,-0.5173097600497579,-0.2447452287766504,0.2447452287766666,-0.9021850459506078,1.857643852313177,-1.8576438523131955,1.03564114102233,0.4180075386513864,0.8766897
-0.816659707837771,-0.1559349881536263,1.6479838374979672,-1.6747705825013723,0.2143405204060138,0.3375853585422605,-0.274302877009403,0,0.2743028770094364,1,687,2,1,-1.306277801958928,-0.8099303050335305,-0.2192747621237345,0.2192747621237556,1.6637479868089853,1.1479718238599506,-1.1479718238598977,0.6091343714824079,-0.1943113540591352,-0.8101565
0.4379298495760567,1.561100182622415,-1.4243027910917123,1.307103261827196,-0.3271832794494069,0.4414120167020668,0.7467038938816304,2,-0.7467038938816561,0,688,1,2,1.1301820311035604,1.7812299146585862,-0.7324484723286543,0.7324484723286122,-1.3991271326322523,0.9514024282971688,-0.9514024282971456,0.5044899323885242,1.3608740488781776,0.44508985
-1.2757418650143868,-0.0300010616844352,1.548266558976631,-1.1155684875526477,0.9351258772949976,-0.8976531869316352,-1.5423804386500146,2,1.54238043865002,0,689,1,1,-1.418552482219595,-0.7921243900636199,1.642879802248877,-1.6428798022488558,1.4652967568199216,1.139535021131369,-1.139535021131413,0.1404695263569117,0.0248722772324982,-1.2646472
0.9264951914156946,0.3448780725169614,-1.0279161457094492,-0.3189837112363629,-0.0543382380138629,1.1613887496939943,1.4554296069214407,0,-1.455429606921427,0,690,1,2,-0.1829311133682555,0.5253401598174575,-2.151006622214711,2.1510066222147186,-0.1159034913636211,0.0811664729215489,-0.0811664729214857,-0.3114608336566501,0.8702777107876518,0.94516397
-1.3930411519002863,0.6034394364570257,-0.5505744529645465,-1.526219864598455,0.82592497263753,-1.2898141277903268,-1.9935774659947585,0,1.9935774659947487,0,690,2,0,-1.6268877454142487,-0.0249469504592357,2.4752427782140307,-2.475242778214049,1.99518253065112,0.710485821579627,-0.7104858215796042,-1.5511739255867774,-0.8507628252328859,-1.2291218
-0.0944438130074756,1.0975087715846146,-0.4706072770300644,1.4457496696102343,0.7835334395879655,1.3579282497141776,1.3208738113199665,2,-1.3208738113199712,1,691,0,2,0.4572432575407256,-0.0570475946736523,-2.378229030044853,2.3782290300448583,-1.6718719447325263,0.0002253711733692,-0.0002253711733766,-0.1011661975645999,0.2151997172790849,-0.07844819
-0.5750264930023274,0.4581813651277477,-1.3155269562941536,0.8685012980710756,1.0149724365092907,1.374679137005578,1.0402843443011769,2,-1.0402843443011764,0,691,1,2,-0.10205392829031,1.2108681287958898,0.2015797007310347,-0.2015797007310312,-1.0878717323999207,-0.1304928022246322,0.1304928022245997,-0.3049707511616242,1.5631815508038072,-0.6077908
-0.3960527448264386,1.6457542369888312,0.3140998695483443,-0.616555496481631,1.1575366606179631,-0.1678629506291127,-0.4085204403393066,2,0.4085204403392884,0,696,0,1,-1.227484644626024,-0.4455090782677099,1.0398934474046444,-1.0398934474046582,0.6725284839306133,-0.6353496741872513,0.63534967418729,-0.0730950910223242,-0.2175290625692948,-0.39484543
-1.0749279630074284,0.825410112067201,-0.734938398504211,-0.3693571700843445,-1.1802287991728573,-0.2297082317326527,-0.768415050202427,1,0.7684150502024241,0,697,1,1,0.561541446492743,0.1668576303907775,0.2584892365207851,-0.2584892365207744,0.5361186287917916,0.3548283539636109,-0.3548283539636236,-0.0965020548346437,0.2225989363916238,-1.0379226
1.2144841651061138,-0.2113109685068938,-0.6749493077618244,0.944578317250096,-0.3883300671573913,0.2699338081737071,0.9334786397833236,2,-0.93347863978332,1,698,2,1,0.9218595863054888,0.0287030475717229,-1.221054344548644,1.2210543445486488,-1.1273907459253878,-0.9484581115824138,0.9484581115824258,1.05160023856954,-0.805245519352477,1.1932551
0.2111374365950028,1.0689204665807546,1.0526648672960877,0.3154366278067723,-1.187169111521048,1.5378586017376812,1.510528118898879,0,-1.5105281188988706,1,698,0,2,1.039804657593124,-0.6713151743998559,-0.4138637944722442,0.4138637944722481,-0.7149425999374063,-1.0329026467289144,1.0329026467289086,0.5263792775486306,0.7083230796553025,0.18620981
-0.7404376934205671,-1.5356136114511667,-0.8160277761009713,0.9321166385132056,-0.5311268645929833,-0.3021524257280099,-0.5318690086185102,2,0.5318690086185012,0,698,2,1,1.012082428257424,0.0696664068008821,1.465856549794867,-1.4658565497948806,-0.7272502342595291,-0.33289345231054,0.332893452310544,0.5559393277355912,0.630485400037162,-0.7438383
1.6985241157965558,1.2200786007441138,-0.3263755962721089,0.8627708537736102,-0.2616484625741898,0.4610200635921594,1.3314557628461503,1,-1.3314557628461363,1,699,2,2,0.7776143769210953,-0.1527827130643475,-1.336897625066192,1.3368976250662097,-1.160153653888646,-1.1076266156098038,1.1076266156097865,1.2433358087183484,0.8488894779670974,1.4658718
-1.3445075161114342,0.7456056069204776,-1.2086886763752225,1.7111940934873158,1.0455103011916485,1.630700893731758,0.983502049799741,2,-0.9835020497997508,0,700,2,2,0.4594380010492073,0.9434750416272114,0.249920424078339,-0.2499204240783564,-1.81422098418857,-1.88767652332567,1.8876765233257056,2.2101026190551103,-0.0262285067329398,-1.3514495
1.0928567030768317,0.6436178595809364,-1.3705384563567928,-0.8280283691566553,0.5395121587673335,-1.057906624056454,-0.5005453380122739,0,0.5005453380122953,0,700,2,0,-0.9459208643898612,1.4257543521877412,1.0651836128918148,-1.0651836128917933,0.9000107520891913,-1.2491701285079797,1.249170128508,1.386427979451574,-0.7813835614616147,1.1356106
0.8775428917513319,0.5940274010931683,-0.7602843880771435,-1.705568800215736,0.0140393835747995,0.8438169933245371,1.000529504699906,1,-1.0005295046999072,1,700,1,2,-1.1889302545793368,0.1770116453808346,-1.0769463212064276,1.076946321206412,1.3384119061429776,-1.0220906782642345,1.0220906782642305,0.4473302482240968,0.3818153517598238,0.89214146
1.6425912157679576,0.7924562488683551,1.5889064561983093,1.008316771411349,1.7352130401267205,-0.642207855257175,0.3338939762309545,0,-0.3338939762309575,1,700,2,1,-0.5039111422056869,-0.7747553423860895,0.4786071590096442,-0.4786071590096458,-1.025180890956092,-1.4075760054151505,1.4075760054151825,0.4827380561060864,-0.6169370067247995,1.4631959
0.1433499496313098,0.9876350507189536,-1.1546277405217338,-0.4859702227694104,1.281324188071906,-1.0732817981015743,-0.9407508639967556,2,0.9407508639967584,0,700,2,0,-1.222880528138539,0.8414932581745204,0.9149159083167672,-0.9149159083167636,0.6935916080103731,-0.3958645667984986,0.3958645667985274,-0.1439795506022645,-0.939177013904248,0.10569739
-0.2147856605834805,-1.097708921887074,0.45495207847365,-1.3566868763282045,-1.43897734472807,-0.8166613783651983,-0.978501397378763,0,0.9785013973787454,1,701,1,1,0.0580081294509068,-0.6061132147935326,0.0273179758379316,-0.0273179758379463,1.5455945004649654,0.4777273445470149,-0.4777273445470583,-1.5695274578380791,-0.9028231884159412,-0.22538763
0.295419538104754,-1.4722417737203062,-1.5832626334833246,-0.2522481316953552,1.1082613177471594,-0.7513571895879076,-0.5541575117752867,2,0.5541575117752975,1,702,2,1,-0.9414996943546826,2.115956347545226,-0.3042819423049828,0.3042819423050034,0.3674968724779366,0.501598434792261,-0.5015984347922736,-1.3019804699932218,-1.3770449226740549,0.29142803
1.7116858305262532,0.9948570500304,0.3425398699186373,0.0608704584128614,1.357564541032077,1.1347515100883796,1.8546877505511927,1,-1.8546877505512205,1,705,2,2,-0.8975712944724527,-0.4835620671320876,-1.7283642662609733,1.7283642662609466,-0.5751363822303863,0.1212801760971296,-0.1212801760971206,-0.4811716403245155,1.0646928485817613,1.565905
0.0722139620784073,-0.0907752925369453,1.5424470568030444,1.2074293977374528,0.3757028130356987,-0.0928493614610975,0.0804876401123298,1,-0.0804876401123277,1,705,0,1,0.5747565128199278,-0.7930087189295125,1.273397811373703,-1.2733978113736826,-1.135242412479769,0.2341106228709535,-0.2341106228709532,-0.388650258120932,1.514935115443811,0.08903491
-0.5310409407807867,-0.4282839828742855,-0.5003854044819568,-0.0454856947915105,-1.0286714149598652,-0.0059541953036261,-0.2689872807670456,0,0.2689872807670282,0,705,0,1,0.680560373805676,-0.1327246907309559,0.2510120459897201,-0.2510120459897341,0.0967876685145813,-0.0649954941392074,0.0649954941391516,-0.1839709360720025,0.637150407337171,-0.5720352
-0.1515483061293629,-0.7698511654971377,1.2701263354441426,-1.1489862475308448,0.3600248193534919,-1.2076894794370514,-1.27500939317715,1,1.275009393177132,0,706,2,0,-1.0435932677470277,-0.770717325440803,0.7221516789819518,-0.7221516789819528,1.4241253581449105,0.067026183575669,-0.0670261835756659,-0.0874589789176033,-1.110663452289201,-0.12510708
0.5985799820954802,-0.9806932720990498,0.6705140455036702,1.2033416952661695,-1.5447980826472851,-1.1721084139287412,-0.6277321100694281,1,0.6277321100694302,0,706,0,0,1.901230767199041,-0.6578794976886181,-0.4642594129830317,0.4642594129830465,-0.9445365638518376,0.0997856438318096,-0.099785643831811,0.5889078853885826,-1.9675968909368,0.58703244
-0.5854384738895092,-1.0312704273089937,0.6397592788459269,-0.2765308826949922,-1.4558633710836892,0.6549199234585529,0.2704632591369402,1,-0.2704632591369341,0,706,2,2,0.8165047511404541,-0.6522802886650848,-0.6443187545210126,0.6443187545210158,0.1663797066094114,0.8051695734295208,-0.8051695734295418,0.4321280818540985,0.0049487766687116,-0.6547603
-0.180764423864298,-1.408973739576333,-0.7620628674120887,0.6175649388318323,-0.9539107659147644,0.7848530211636371,0.6787748731008819,2,-0.6787748731008926,0,707,1,2,1.087240168934136,0.023488755541223,-0.2927771507626569,0.292777150762645,-0.7661048116642655,0.5387791712353949,-0.5387791712354206,0.1580365987688697,1.0686793013072535,-0.19848874
0.846753760909117,0.9988122484219504,-0.2536881008840903,1.2241609257746442,-0.6411521362594479,-0.4737042707993482,0.1194821253526589,0,-0.1194821253526331,1,709,0,1,1.2901543086912068,-0.2113592093820557,0.4015777558448862,-0.4015777558448603,-1.1603734316885723,0.3658112126523865,-0.3658112126523581,0.7480014965875555,1.2722602621389791,0.8968865
-0.1349943911242017,-1.1399249470791502,-0.0877903247461872,-1.536691354861745,-0.862131269033185,0.4539665370496313,0.1766047719624278,0,-0.1766047719624686,1,711,0,2,-0.4657168606515035,-0.413874771295713,-0.0407632158551407,0.040763215855093,1.4017568397872762,-0.2805273016271007,0.2805273016271415,0.5678471132141222,0.451769779049879,-0.16209583
0.3093647322498655,1.4417919163436872,0.8901085805184032,1.5483864847016862,-1.5847470115639517,0.3661645642146883,0.6424334508004869,0,-0.64243345080052,0,711,0,2,2.167442368721286,-0.6225683028547,-0.3340515163911045,0.3340515163911102,-1.5832393488589076,-0.8460749114651596,0.8460749114651247,0.7281785870626675,0.0735554709363332,0.3180643
-1.5241184595450872,-0.092937047165028,0.5113700596060259,-1.4485669135987165,1.380726559891153,0.2065616985524673,-0.7121719392050494,1,0.7121719392050482,1,713,2,1,-1.9572126534230097,-0.5815691331253742,0.9722957654879788,-0.9722957654879564,1.5620968241528488,-0.4085516429359738,0.4085516429359601,0.1835702637611814,-0.7042945950915007,-1.4079192
1.504980333802155,-0.9697166222627424,-1.0951783875482706,0.7811445793341104,-1.4815516741149946,0.3540134886923987,1.1328371226233314,2,-1.1328371226233318,1,714,1,2,1.5655511785950504,0.512669757191081,-1.323754233658334,1.3237542336583352,-1.0343446024581318,-0.6107251452306116,0.6107251452305786,0.2595805837438462,0.3523081971958892,1.4481755
-1.3555665912584325,1.1894374525011722,0.6542796657020995,-0.7883468619278168,-1.5451931534163563,-0.2306083867339093,-0.950510863042095,2,0.9505108630420906,0,715,1,1,0.5244712598436272,-0.5717158827614507,1.495242970950072,-1.4952429709500756,0.9853239169870914,-0.1343053809318235,0.134305380931813,-0.6755685609856948,-0.5502884907039917,-1.3481109
-1.5882161951363754,1.3480327614304162,1.3769634914836302,0.7186447565688483,-0.9544808367308072,-1.139257561854511,-1.7157336273074442,1,1.7157336273074104,0,717,2,0,1.157520296302489,-0.724267046838758,0.5493535648887489,-0.5493535648887702,-0.2190234328338507,0.7082678171469887,-0.7082678171469834,0.3724152771736361,-1.542805338606633,-1.5298015
1.3879411312281966,-0.1108958096453961,0.3558115942535708,1.1045725615569295,0.6635198906048093,1.3737796714089632,2.021329553456912,0,-2.021329553456941,1,718,1,2,0.3044259053536542,-0.5350774398580945,-2.681496212751373,2.681496212751378,-1.5574684035386783,0.0943073862420582,-0.0943073862420874,0.166188889785742,0.8128194195449268,1.3966904
0.8925421856428848,0.3770930791430122,0.4936400429137772,-0.8429182103379455,-1.13099454083806,-0.3597475734759193,0.0240584288240331,2,-0.0240584288240502,1,718,0,1,0.2000480671538034,-0.5575639049495563,1.4334740360751277,-1.4334740360751197,0.7702944172568831,-0.2335028912180501,0.2335028912179779,0.4476148153507064,0.2329732612264168,0.84457415
0.2333895102839891,0.3794976968365401,1.5971278047174189,0.6440153285154762,0.2939110074835804,-0.8985039358620877,-0.6206698565175379,1,0.6206698565175058,0,719,2,1,0.2418311216713532,-0.7876559440758635,0.4628864756832144,-0.4628864756832254,-0.4431511603918858,0.5472549181876482,-0.547254918187709,0.3838951604981662,0.7447121827054004,0.19296986
0.2420668995590895,1.2915501282979085,1.5326613611818558,0.0528511284523419,1.3676727769254604,0.3871700522833743,0.4695453395781656,0,-0.4695453395781804,1,720,1,2,-0.9101123276654376,-0.7518182099066306,-0.7821125824969414,0.7821125824969543,-0.1939414983385398,-0.0850322544211202,0.0850322544210761,0.7747734398564151,0.5360229854072376,0.1766836
0.2432286673390828,0.0194190274776918,0.0720200665246821,1.2202946119738105,1.5165853824120137,-1.316352803427928,-0.9280194323293646,2,0.928019432329396,1,721,1,0,-0.2060257806969259,-0.4253712287887253,1.0031235074751097,-1.003123507475077,-0.8803302820853253,-0.4357659649936491,0.4357659649935752,1.0078743680129232,-1.6978762588505238,0.27043122
-1.3224641575182756,0.8700895721867744,-1.4843533866688807,-0.9426672045429436,-1.0951634464311195,1.7200497834849602,0.7921892980191862,2,-0.7921892980191915,0,721,2,2,0.1062816671270159,1.9637238018257857,-1.2341972556845051,1.2341972556844794,0.6547927900743357,0.1115149210842811,-0.1115149210842721,0.0565863640493607,0.3806073019087417,-1.0784141
0.9293533821751144,1.2801281957504975,-0.5316660613332079,-1.4889979469077013,1.2455079675479952,0.8925322414524335,1.092314810106141,0,-1.0923148101061495,0,722,0,2,-1.891572891515914,0.004298446179291,-0.2151425785785137,0.2151425785785117,1.1003288845831931,-0.3641316101556809,0.3641316101557156,-0.2436265925275885,1.1643637816671542,0.9146605
-1.1595609997980891,-0.1802468584645325,-1.2222631796832912,-1.2938328864470745,-0.0379299520255489,0.9121777320690504,0.1124374412522169,1,-0.112437441252257,1,722,2,2,-0.8682890106973964,0.869115998686375,0.703390156516171,-0.7033901565161942,1.1817611361318132,-0.6905513248616718,0.6905513248616563,-1.144083779282993,0.4046224218136406,-1.1493447
-0.8144751032567664,-0.193965344610281,-0.3949932397049365,0.4782810193423941,0.0574363799903746,-1.4084449154242118,-1.604659505557148,1,1.6046595055571138,0,723,1,0,0.2909232114605236,-0.1919943491480343,1.2324204621409962,-1.2324204621409929,-0.0285499894517657,0.2329988237325179,-0.2329988237325411,-0.9463998741377616,-0.6340248887986623,-0.8760896
-0.8387492364690077,1.1395038136575737,-0.5741092076807862,-1.6124636532475505,-0.70532883094743,-0.3182899711890159,-0.8644908964700292,2,0.8644908964699863,0,723,2,1,-0.6266379578772033,0.0315774873983624,-0.5309184221063062,0.5309184221063004,1.7665110600127896,0.2047124233461545,-0.2047124233461645,-2.2626936470784,-1.8711703296546185,-0.8090322
0.721640026136315,-1.6334665468604594,-0.3886837471256504,-0.3532249570170523,-0.744783598637971,0.8341689801817298,1.05956538217727,1,-1.059565382177304,0,724,1,2,0.2712958574233309,-0.2837082380566725,-1.3804786811946763,1.3804786811946834,0.0236980975532245,0.0856618759356492,-0.0856618759357297,-1.9887983523572892,-0.3258959089495862,0.73702353
0.5820065480731689,1.2490123364451724,0.363129163033961,0.9643575959509736,0.6214376747654583,-0.3234590757786235,0.0970925067938509,0,-0.0970925067938779,0,724,2,1,0.2366104919024497,-0.4798523967799485,0.6909006557280055,-0.6909006557280007,-0.9230983937464722,0.5287896163147817,-0.528789616314894,-0.8488011053200719,0.8175171609693447,0.6215309
-0.8252449983226386,-1.1406580088408322,-0.6389866854797939,-0.1954688254769699,0.5920438935993301,-1.3556154150833954,-1.6342699883956109,1,1.6342699883956078,1,724,0,0,-0.5449362538219266,-0.0706261446546245,1.2426574493902602,-1.2426574493902438,0.6070710577294373,1.3065198920806431,-1.3065198920806895,-0.3384258319948127,0.2790335636710465,-0.8625323
-1.268500948052654,-1.458586502513095,0.1973985132722746,1.5447583053765108,0.5851024137907969,-1.3799845594552869,-1.6872462220073292,2,1.6872462220073192,0,725,1,0,0.6630435044203821,-0.5416221464013585,0.038243970055586,-0.038243970055591,-0.9685323536941932,1.3432920433117057,-1.3432920433117288,0.1571326587610675,-1.3514070161530878,-1.1204568
0.1759561636054495,-0.0891798377145584,1.6606017718307229,0.590652204501839,-0.931838149145459,0.6052763709038272,0.6893301931448731,1,-0.6893301931448772,0,726,2,2,1.053355123826015,-0.8098193833849247,-1.7052080742752214,1.7052080742752265,-0.7445955369735962,0.6514453814121262,-0.651445381412228,1.180851385567319,-0.7869928289739813,0.1874607
1.5650880412649513,-1.129513993277672,-0.6886493234734395,0.5557397219992295,1.6887754299218292,-1.0357062448537244,-0.1035543291609262,2,0.1035543291609129,1,727,0,0,-0.784675839524867,-0.0258160954584418,0.5692037001101357,-0.5692037001101427,-0.501017273438588,1.16933028789025,-1.1693302878902836,1.603218716201027,0.5962885611865796,1.489156
-1.5015278930132814,-0.2551652750963468,1.6301587355049298,0.6569844822565339,-1.4677028933153011,-0.4978937700193936,-1.106957108381465,1,1.1069571083814955,1,727,0,1,1.470122546549303,-0.8102262395393615,0.7202720400260406,-0.7202720400260096,-0.3251731861772696,1.7054394400880215,-1.7054394400880275,1.4603920865896407,0.8190048058289618,-1.5147272
-1.0402299244186832,0.0015423324870189,-1.2946770027465164,-1.3444634946347402,-1.3923497998002872,-1.273520632505189,-1.787748419593526,1,1.7877484195935158,1,729,1,0,0.034185369175537,1.0874358822353969,0.4887653782089958,-0.4887653782090253,1.757912711456594,1.773776484170911,-1.7737764841708623,0.9264903602324228,-0.6229078176099523,-1.0564365
0.0891937494041076,0.7090362950943188,-1.4295069121949324,-0.4115362105670277,-0.0602318187838495,-0.0743161519259379,-0.066642323425913,1,0.0666423234258694,1,730,0,1,-0.2428416374666597,1.6740982685259882,-1.2348412072665162,1.234841207266493,0.3849429508305427,1.0521944404024133,-1.0521944404023928,0.0174617569134655,-0.9958109481440284,0.10083607
-1.2953047135258058,-1.4590211389373184,-0.4633610441780202,-1.1066294859133312,-1.5589844540701028,0.2813641445018009,-0.4974872675682847,1,0.4974872675682765,1,732,0,1,0.3139597645342737,-0.2251661621554811,0.3094033442714793,-0.3094033442714541,1.168241388778429,1.5806308890812186,-1.5806308890812693,-0.7712117234355773,0.0768770721327056,-1.2491336
1.6773653685679832,-0.3975818846892709,1.3294837718356465,1.2148075954543698,-0.6653019354707066,-0.4710981411111057,0.5256671159724968,0,-0.5256671159725096,1,733,2,1,1.3004031197993546,-0.7690483106557773,-0.7339896036420439,0.7339896036420411,-1.2593568973715852,1.3004668732105389,-1.3004668732105429,-0.4649635876785924,1.4153499813401285,1.6557882
-0.2685547507509341,-0.1616774181388429,-0.449753763763205,0.4620789662095844,0.9000319462017545,1.547311370236402,1.3007430691784847,1,-1.3007430691785271,1,736,0,2,-0.3034925420109095,-0.1524248135724213,-0.5559680049985319,0.555968004998511,-0.7917834777386004,0.2284262490788604,-0.2284262490788865,-0.5555300579045065,2.1039501517876302,-0.28038824
0.4514866245777941,1.2182413006590878,-0.0893843838860536,1.7429123224747614,0.9207043591381652,0.511487133649138,0.8622168230324102,1,-0.8622168230324188,0,736,1,2,0.5677537644816393,-0.2909653676723714,0.3149154625984022,-0.314915462598378,-1.8099598260295584,-0.9514841148066358,0.9514841148065964,0.8790764924257555,1.1355403119041576,0.447124
1.1107119115212072,0.4002089630206701,-0.0984270596775156,1.6682657594074062,-1.4877935489637786,-0.4995669967415671,0.2722021552083271,2,-0.2722021552083275,1,736,0,1,2.183218025576851,-0.3288694880966171,0.4236238697207174,-0.4236238697207119,-1.5907110781917118,-1.102356324620919,1.10235632462084,1.845495129567424,0.5818626342737734,1.1177529
0.7047239895417807,-0.0528097513080416,-0.2477493120148799,-0.9922362128205132,-0.1477879215541458,0.1773144276050957,0.3965302552199,2,-0.3965302552199011,0,736,0,1,-0.5837285091058941,-0.2740452528551733,-0.0889899892831838,0.0889899892831835,0.8112634261526798,-1.5004221270189595,1.500422127018952,1.8986500898360217,-0.4019129567431619,0.69565374
-0.3496222053238904,1.387963357889615,-1.6889860080510803,1.068170446070259,-1.515762118887228,0.3625008503118176,0.2669534805272499,2,-0.2669534805272615,1,737,1,2,1.787677125602388,3.687015940459039,0.0932126779830872,-0.0932126779830948,-1.0607963045465605,-1.3852285785036644,1.385228578503635,1.830512413216801,-0.7896232778585974,-0.3564831
0.7640401122349034,0.8531119517253403,0.4485136852411836,0.9076105767140944,-1.3051834713779584,0.8932084609525217,1.2669103091529132,1,-1.2669103091529184,0,738,2,2,1.5309128503117522,-0.5244464338408384,-0.7173429898875179,0.7173429898875231,-1.182978440479053,-1.3701643717922645,1.3701643717922056,2.037536955958526,0.2484808106776491,0.75675756
-0.7957557663762336,1.6045297205080775,1.1464421921791217,-1.2742928821208577,-0.8557453755595266,-0.0141625175322464,-0.5358701877794486,2,0.5358701877794463,0,739,0,1,-0.2887173402079609,-0.6730806255145493,1.293907156287533,-1.293907156287532,1.342194269114148,-0.7476590924264228,0.7476590924263793,0.6355364848089154,-0.2336186137495629,-0.7765364
-0.9097934416057554,1.619459429913114,-0.0740566094234587,-0.3819985253091709,1.054658414392101,1.722053990451094,1.0546746901666482,1,-1.0546746901666664,1,739,2,2,-0.9941058121178012,-0.2781573665624242,-1.1411502049602011,1.1411502049601905,0.0519551278078359,-1.0960589274892114,1.0960589274891923,-0.3171569179386484,0.1580665469269082,-0.8711082
-0.3545352973186477,-1.369783294564729,0.4835189258175105,1.3665826545463722,1.1105884214984565,-1.4245205851935143,-1.3004883277602035,1,1.3004883277601906,0,739,1,0,0.176132506781779,-0.6250791470416932,1.6902980046070493,-1.6902980046070466,-0.9122839408261176,-0.3404528608298651,0.3404528608298793,0.7789121059274935,-1.0427735183145066,-0.3476969
1.5879654372990424,0.9230792873141832,-1.6099451203560329,-0.2145331195798957,-0.342447043925672,-0.2689080785287381,0.5109298970478372,2,-0.5109298970478519,1,742,2,1,0.0887033239084879,2.7994694043738444,-1.299649379003842,1.2996493790038413,0.0431490183986794,-0.4490845884336044,0.4490845884336038,0.1828800559205319,-0.7097805038512528,1.5798768
-0.7707565909950729,-0.2988935208917532,-1.6865854698136098,-1.1336872120982462,0.3105521425371111,-0.3407071854436941,-0.8005253084065593,2,0.8005253084065541,0,742,2,1,-0.998772495465884,3.2429142193289784,0.9413311031221516,-0.9413311031221454,1.2781907980078129,0.4714515275069263,-0.4714515275069711,-0.7656468978685199,-0.3354227406857917,-0.74510175
-0.700515725464551,1.6098850253129144,-0.3692163210642655,-0.1229388509148859,-1.2596362690939906,0.9661416839171,0.5087714759378167,0,-0.5087714759378136,0,742,0,2,0.7868754803013045,-0.100371032509157,-0.9393259868254026,0.939325986825409,-0.0415928805375274,0.0063195681363802,-0.0063195681363772,-0.2306488500883657,-0.1857412069981451,-0.70824337
0.6854255759225069,0.1129783057477979,-1.5135025206236574,1.674726975844527,-0.4096358699658916,-0.1354809809279613,0.3909180504977578,2,-0.3909180504977859,1,742,1,1,1.441423947966883,1.991652923944052,0.0847999781260707,-0.084799978126093,-1.6274270625908849,0.3018605532200116,-0.3018605532200362,0.7250468769542914,1.0499096454444938,0.68386745
1.591173422603443,1.6054030655079694,1.106205765932177,1.0182955737170143,1.100825213191596,-1.5343294132815193,-0.4872386444309721,1,0.4872386444309619,0,743,0,0,-0.0579118591829963,-0.6648239567250503,0.6303951889052698,-0.6303951889052574,-0.8164311296678274,-0.0602429620833784,0.0602429620833901,0.5632088121536828,-0.2520107986282667,1.5554153
1.133598159950164,-0.3853567214427871,0.6099725506853255,-1.30538540745096,-0.5181133317200457,1.431390762711138,1.6928517353795307,1,-1.6928517353795622,1,746,1,2,-0.5439109390248484,-0.619982954255783,-1.5642092858055905,1.5642092858055758,0.7552503086205568,-0.5864996102530009,0.5864996102529458,0.0563240238004039,1.239678859193912,1.1014017
0.958032109968686,-1.1626159062407997,-0.9752454679214076,0.551580690653255,-1.2231490687398812,-0.1063617187918929,0.4305082011522176,0,-0.4305082011522226,0,746,0,1,1.227976241069043,0.3003065504535896,0.9060884654930004,-0.9060884654929816,-0.6400299013115283,-1.1346234772586616,1.134623477258606,0.8394150744429416,0.3546329490549407,0.9768369
-1.4492902310477769,-0.7571143259167396,0.5308435373734387,-0.2539167152944442,1.6993693041222573,-1.1622668148015862,-1.7718839075081978,1,1.7718839075081994,0,747,2,0,-1.3517966556834895,-0.6134294624792794,1.5806692817183503,-1.5806692817183468,0.6996385272124359,-0.1191501872344586,0.1191501872343925,0.7785537756189116,-1.061666104857402,-1.4230899
0.4644089823518084,-1.5987607840208002,-1.6944086256490916,-0.8691386095824427,0.4791402861319813,0.6727012816417367,0.7351127154169121,2,-0.7351127154169438,1,748,1,2,-0.9325568600657276,3.002271182905153,-1.798797887189742,1.7987978871897192,0.6001267835386307,-0.2724045944242328,0.2724045944241871,-0.4035006447690727,-0.3189301405402663,0.45598507
0.4713971154881049,0.0888239529654174,-0.8797125706876556,-0.4044993769087142,-0.0276686267432777,1.1167436014083574,1.184634554221985,1,-1.184634554221992,0,748,0,2,-0.2605154931893336,0.2802390338676906,-0.3223496939973484,0.3223496939973664,0.0376513486401054,-1.016814552132987,1.0168145521330003,-1.0646287603139728,-0.2230631528118473,0.5747886
-1.2366710640970118,0.0621347922958626,0.9173515182637422,-1.4940320806750185,-1.4173859938034272,-0.1079518232325066,-0.857920987834562,0,0.8579209878345535,0,749,1,1,-0.0518956737429674,-0.6766679871357689,1.4659702283983391,-1.4659702283983416,1.6474444122201088,0.1189298431611501,-0.118929843161147,-1.1522869429056282,0.1164462821611092,-1.1726009
-1.0078167894322212,-0.3598309749233646,-0.3119834510066822,-1.4436922064275104,-1.5836048493762405,-0.7670307024410481,-1.3299296283724211,1,1.3299296283723914,1,749,1,1,0.0979594069425197,-0.2541924237416944,0.3389424985965932,-0.3389424985966088,1.7288739126468449,0.902773648589245,-0.9027736485892748,-2.079427575408348,-0.2222218512253917,-1.0198603
-1.0084734105653166,-1.1208395418658377,-0.5480983670021392,-1.0457572165962028,-1.1537398381235682,0.9468513219910902,0.2434114607976635,2,-0.2434114607976633,0,752,0,2,0.0755507293139932,-0.1425673121696901,-1.1288047302790436,1.1288047302790658,0.90500353395055,0.0054532410965568,-0.0054532410966126,-2.447370980188865,-1.089694825743459,-1.1091835
-0.0949406413648813,-1.0480744889521565,-1.4219456736426783,-1.7102440677565836,-0.5668205808835497,-0.2090308843478581,-0.4147105622363854,0,0.414710562236368,1,752,0,1,-0.7901126724093154,1.3742287629335053,0.4724978497660346,-0.4724978497660475,1.7381421998340436,0.5174178435438053,-0.5174178435438194,-2.8382062627379367,-0.6540335109087996,-0.13391934
0.3459654359371295,-0.7244548772925498,-0.0120816294332475,-0.4580691595367966,1.4480129699772764,-1.3080301449340748,-1.048783046921014,2,1.0487830469210109,0,753,0,0,-1.318965896076456,-0.4262146819948821,0.4552398509234139,-0.4552398509234039,0.6965290775922985,1.5118582732082788,-1.5118582732083004,-2.8630984577963168,0.164296826910915,0.32906538
-0.4950852345190475,0.4457693969413251,1.000717057415631,1.17402007166838,-0.7072477878374376,-1.3527545494982751,-1.3253233618219382,1,1.3253233618219082,0,756,0,0,1.3012364300547388,-0.6812819707017185,0.1986740207321483,-0.1986740207321678,-0.7340395637378403,1.7199715330734906,-1.7199715330735088,-1.6233384411624754,-0.4007208023454874,-0.4801588
-1.4818861295631534,1.6422635246020034,-0.7336998533541852,1.210928396850377,-0.6235174942001614,-0.1859597998931161,-0.7598236485293132,1,0.7598236485293198,0,756,0,1,1.2687994204523267,0.2276252953711584,-0.40557565844612,0.4055756584461465,-0.9164035704378172,1.4661289757033755,-1.466128975703438,-0.3898196434186936,-0.9090101652077393,-1.4883349
0.0733614048425479,0.5406532852232979,-1.7142617828566895,-0.111932578254676,1.075433318256679,-1.078962828764287,-0.9402100869900522,2,0.9402100869900548,0,758,2,0,-0.8217646253880608,3.782752250172972,0.1296737985985701,-0.1296737985985731,0.3404671993513125,1.9931424280644183,-1.9931424280644188,0.0440993293219768,-0.2386809806744995,-0.09037755
1.653316632959785,-0.3746798305127477,-0.692325339449993,-0.869012141251216,-0.4509869525626928,0.2935226023735549,0.9758089288742277,2,-0.9758089288742612,1,758,1,1,-0.2886693794520304,0.0332894199962686,-1.3747111246706676,1.3747111246706425,0.5338922976015472,1.3740066249395593,-1.3740066249395575,0.4349933777314831,1.3776467066559015,1.6127056
-1.0583313028413326,-1.3204608899324746,0.9664882307262428,1.20203064026605,-1.532696048684438,-0.2612727910281933,-0.6216170361552968,2,0.6216170361552971,0,760,0,1,1.8919477321699036,-0.7341802424913785,1.1465443162022613,-1.146544316202238,-0.9449844408919984,1.183808808343749,-1.1838088083438043,1.2063896016057905,0.9760010080866652,-1.077184
-1.5214630611612625,1.6017320620072577,-1.3352137846589789,1.3970314941726976,-0.3947216593515731,1.6194211037236912,0.853802847122564,1,-0.8538028471225508,0,761,2,2,1.2391050803661556,1.4296313090611517,-1.05853626884728,1.05853626884729,-1.50635753243966,0.2135418943520503,-0.2135418943520412,1.3100160035974655,1.1012927515828674,-1.5258058
0.7869413139228729,-0.8640714716141705,-0.1957261484801323,0.5820071287360679,-0.8823497202091988,1.1227776890409091,1.448612473951976,1,-1.4486124739519606,1,761,1,2,1.0131239277045463,-0.3471152764826393,-0.426608513486709,0.426608513486711,-0.9396743512557674,-0.7697754061845326,0.7697754061845535,1.0177760482675289,1.446495380307126,0.807636
-0.7167795572751184,0.6452796672502339,1.2430498078181131,-1.5309646304000843,-0.4858379539120276,0.5668684528022462,-0.0054754336717048,2,0.0054754336717048,0,762,2,2,-0.7222139266579619,-0.7219927585949779,1.0436846274682656,-1.0436846274682776,1.4467819691935184,-1.1859707159163169,1.1859707159163608,0.3583964334325811,0.0318405285598961,-0.7369994
0.3413154717378704,-0.2851594945377996,-0.7128904822470601,0.8193967305028502,1.4067928809865191,-1.6392312782025569,-1.2112932727045096,0,1.2112932727045342,1,762,0,0,-0.4072080958420814,0.0600546429592693,0.8655255088127948,-0.8655255088127775,-0.4449458712934376,-0.212152451054016,0.2121524510540172,1.14294699369507,-0.635766387846144,0.34412122
-1.281490127486406,1.675490713001041,0.6339618427231918,-1.0316183289362832,0.5227372420253338,-0.6754699480633034,-1.337739269308445,1,1.3377392693084251,1,765,1,1,-1.0750698827209384,-0.5475465877360423,0.090966025101557,-0.0909660251015887,1.3270332087285233,0.1067045781306342,-0.1067045781306062,0.1050404892138034,-2.1923791641830586,-1.2798855
1.5502284406045943,0.6034761959134833,0.7467345055031643,-1.0130854463955858,0.3465911059872206,1.609480785530247,2.086097721806327,2,-2.086097721806325,1,766,2,2,-0.9403345282950568,-0.6177591111750007,-2.456724446245146,2.456724446245163,0.3659544405948496,-0.4419809180465036,0.4419809180465133,-1.014865137707338,-0.0194686774382682,1.5425272
1.3777893546325266,-0.8266475579136718,-1.4419968324060262,-0.8451269913171019,-1.223804877192402,0.8971178549896506,1.3833768707592011,1,-1.3833768707592315,1,767,0,2,0.2627608576661401,1.489870002486638,0.5045020616993265,-0.50450206169935,0.3992097363094027,-0.4129344373367964,0.4129344373367504,-1.6780095289673913,1.888019284202886,1.3857701
-1.3439525452317174,-1.631141853024584,-0.2872621563951312,0.5718873416250986,-0.9689745489295496,-1.70309763677898,-2.1160691212595464,1,2.116069121259568,1,767,2,0,1.0660857479740944,-0.3418011763065887,2.51143785168488,-2.5114378516848435,0.0221948982107138,0.5268180265364439,-0.5268180265364902,-0.7008802800032587,0.2818958600174947,-1.3357143
1.4215976645432138,1.3765581324219835,0.1935665795587316,-0.7713155980740998,-0.1823429570881045,-0.4410679823263547,0.2168702555517066,0,-0.216870255551717,0,769,0,1,-0.4070685395501512,-0.4114397128327524,-1.6738940446151889,1.6738940446151669,0.6489015719131869,-0.1090789736230349,0.1090789736230084,-1.4400343258505577,-0.3416104105506334,1.3801448
1.744782106387582,0.3537705358075133,1.1223105888370382,1.075335715395868,-1.030677610084518,-1.2629231454040954,-0.1638015012815964,0,0.1638015012815752,0,770,0,0,1.4568733710543924,-0.7086961592108414,0.27339896048948,-0.2733989604894879,-0.9531203032777308,-0.6317806742984748,0.6317806742984814,-0.460998972754593,-1.7641594389510915,1.7199345
0.1407510577820702,1.4696254364447652,0.23971087197153,1.769911900656231,1.553942517225691,-1.6881196076852227,-1.2517701752078576,2,1.251770175207876,1,770,0,0,0.1481167116877994,-0.4253404487448501,0.780956702315767,-0.780956702315739,-1.2806913001680382,0.8544218092726047,-0.8544218092725875,0.8321724647836423,-1.0337241744355548,0.14423451
0.2673095451184177,-1.218856417493292,0.1318036202795257,-1.1490021630036753,0.4169743565948724,-0.0835696587529998,-0.0664281833644919,2,0.0664281833644958,0,771,1,1,-1.0830226574631008,-0.5073419804949585,-0.8503757693850031,0.8503757693849932,1.0903758269847168,1.4999548077654508,-1.4999548077654166,0.690971218933233,0.8166171108883518,0.24598148
1.1356624499055945,0.6768282132160379,-0.5576679818120057,0.3718466657736107,1.0057697260047571,1.1871901503882618,1.653814085829599,0,-1.6538140858296144,0,771,2,2,-0.439066047733905,-0.0140364029691487,-1.2342213232299526,1.2342213232299395,-0.8046422010316574,-0.1786046673295981,0.178604667329636,0.5980186012704722,0.9225672822731744,1.1503563
-0.7464238115920673,1.0202980969299331,-1.1533603438783733,0.1958591404626154,-0.4969379016693066,0.8100607850230568,0.3807961077145567,1,-0.3807961077145662,0,772,0,2,0.4793772258530943,0.8421913640355838,0.9137484686740748,-0.9137484686740714,-0.3018364404970821,-0.251593478188176,0.2515934781881669,1.047434317857178,1.240934110662635,-0.81064796
-0.7426574474082585,-0.6838952455058022,1.5662552504382254,0.9391344707681673,1.461405991659943,-1.4427158855107096,-1.5513249369086706,0,1.5513249369086597,1,772,0,0,-0.3622238520509114,-0.8133901414241276,1.3867222028769643,-1.3867222028769663,-0.4629418921118497,0.3662083161508517,-0.3662083161508674,0.984145878327656,-0.0488916148415692,-0.7709914
-0.8500298419456784,0.8413099898720543,-0.903633627459217,0.55508804504563,-1.678633005998843,-0.6832660486130342,-0.9658670557103456,0,0.9658670557103116,0,775,1,1,1.5456705052124875,0.3774136117573656,-0.4198976813313195,0.4198976813313033,-0.2698774136837072,0.2389085129925998,-0.2389085129926846,0.4196553970916893,-1.5581537600008049,-0.85690135
0.1933404672974186,1.243243705469362,0.1415780057526404,-0.3239530098201407,1.2434979405448852,-0.5674515270751891,-0.4472046201556599,1,0.4472046201556754,1,776,2,1,-1.0846815508329233,-0.3964198352638964,-0.3719651303249582,0.3719651303249939,0.4059197478962539,0.4084511382567133,-0.4084511382567348,0.803029819130688,-1.7275784028604153,0.054976255
0.4960323099020298,-0.551569092167189,0.6067013569502344,-0.7663187212012307,1.0663193614976108,-1.6753764569310314,-1.3366131437032256,2,1.3366131437032278,1,779,0,0,-1.26789211929629,-0.6255341002106665,0.6384695245727414,-0.6384695245727513,1.069996223062686,1.739953915657224,-1.7399539156572006,0.2741601199950675,-0.7266143617826665,0.4401336
-1.2020376383393148,1.605432167622208,1.42870546923386,-0.763907362900303,1.281420606472967,1.4244296437609485,0.6057310794088034,2,-0.6057310794087687,0,779,2,2,-1.4151101423155543,-0.7255179908689333,-1.393602148257562,1.393602148257586,0.5352337100293377,1.6398004872147534,-1.6398004872147454,-0.1718132224408063,1.2249418605270532,-1.1843643
0.4556354700372331,-1.4299442663297972,-1.504845996906294,1.371133836318314,-0.9096720323410908,-1.3572181312635028,-0.844981871560981,1,0.8449818715609853,0,780,0,0,1.5776295127770363,1.677849996214226,1.0412627515394672,-1.0412627515394897,-1.0362794376812865,1.325297681722695,-1.3252976817226565,0.0289233111947356,0.4010725860647725,0.46586692
-1.6297168278865768,-0.9538384316851496,0.348983368092303,-1.119254224859179,-0.1892431880918229,-1.423619521348476,-2.185266392249363,0,2.1852663922493285,0,784,2,0,-0.6428536361108524,-0.5687639969846667,0.962019079818947,-0.9620190798189756,1.646336704974524,1.86824137462628,-1.868241374626242,-0.7490909410996721,-0.929977905728824,-1.6087775
1.6426974705055222,1.6458173927996895,-1.5136278719270315,-0.7080324975218547,-0.3564935516872947,0.7200813535070699,1.3688721835870028,0,-1.3688721835870044,1,784,1,2,-0.2427745859328809,2.260900966161365,-2.5502291350107784,2.550229135010804,0.2731015930052182,1.059624035847652,-1.0596240358476343,-0.9275606129325724,0.8132987333798032,1.6182152
1.3922740740155093,0.7441402292756517,-1.2375011960300646,-0.0026212539021072,-0.2324610438234616,-0.4788254780169897,0.2504908528429035,2,-0.2504908528429125,0,784,2,1,0.1590887209376984,1.018265742072543,0.8027808882330738,-0.8027808882330797,-0.0834476422056746,0.3529579920948533,-0.3529579920948543,-0.5726943919217176,0.4659789077384819,1.4329976
0.4217888028376378,1.047680085789762,-1.5143011608451669,-0.5416383086376849,-1.1152194368291617,-1.263380081442787,-0.980806683551084,2,0.9808066835510691,0,785,1,0,0.3974309392488108,2.1600380838290176,0.8838097927429381,-0.8838097927429429,0.7574901297761472,1.059371917492999,-1.059371917493008,-0.4694129451299877,0.6715011273701995,0.43187293
1.4250352439759322,0.2177496997119755,-0.5339528311861208,-0.4094780552883857,1.08160611631631,-0.3020934109886974,0.381156972841166,0,-0.3811569728411433,1,786,0,1,-1.0317570894689236,-0.0643226323562803,-0.977119843973154,0.9771198439731814,0.2610785651555231,0.5134274247874329,-0.5134274247874938,-1.2968073521013148,0.8640606616612996,1.3897911
0.5305509446537854,0.4348266064234916,-0.9473282793116342,-1.4663484334228418,1.3238840356169643,-0.1821100427484329,-0.0598777168742347,1,0.0598777168742643,0,786,0,1,-1.9301622976790775,0.4049479271568012,0.3167155269317304,-0.3167155269317256,1.3983685150141092,-0.4329125818741889,0.4329125818742236,-1.4580911266348997,-0.8498328488316176,0.32602087
-1.2102106316723924,-0.2287955297716198,0.0394065484536737,0.598379571041729,0.4503667132040647,-0.5533904654083551,-1.020778204806917,0,1.0207782048068983,1,786,0,1,0.1019861139857616,-0.4237298306364041,0.6897723072162091,-0.689772307216244,-0.2947402943790677,0.6310912827707948,-0.6310912827707882,-0.8510424801418072,-0.5060512476044933,-1.286427
-0.4049383836045807,-1.1548248724123191,-0.2473984754249016,1.3890295392846883,0.528373066113096,1.278377154064903,1.092429599727699,1,-1.0924295997276672,0,787,1,2,0.5946402177790846,-0.3361837694412579,-1.5162142103935363,1.5162142103935734,-1.5621581580437085,0.2562138175019765,-0.2562138175019527,-0.2043860761452124,0.8520445998877533,-0.43293145
0.8813716881020963,0.8981105665217918,-1.0552228168256796,0.931296429659216,-1.5994721664139349,1.1552546364079586,1.5607592269148642,2,-1.560759226914875,0,788,1,2,1.7509848719756822,0.6281939145915943,-0.335846202138837,0.3358462021388067,-1.2820859609781046,-0.8754311980700608,0.8754311980700964,0.4800404235570692,1.0906130463411148,0.89052415
-0.3478846071209848,1.255496116758522,-1.5149361675060762,-0.6743038646439461,-0.6978068893869803,1.5028643519868414,1.101656157859224,2,-1.1016561578592312,1,788,1,2,0.016789647412942,2.200241780247914,0.3296814336036876,-0.3296814336036852,0.3143251830899696,-1.1962370871055867,1.1962370871056205,0.3569841896212562,1.5239366387321904,-0.33866534
0.4445893485363584,1.549628508327495,-0.1115808673207166,-1.0677380590762142,-1.6890519920769638,0.4572590440701199,0.5118546837687329,0,-0.511854683768743,0,789,2,2,0.4308768873002833,-0.2620610137558246,0.4234708814531539,-0.4234708814531564,0.8522011564953333,-1.4508038165240094,1.450803816524037,0.5422059079809789,0.9546775368900068,0.44431192
1.3127861261259908,-0.5958538233457773,-0.6406785222302991,-0.4294954064900456,-0.856624333545806,-0.2669557563457415,0.3557154918912236,2,-0.3557154918912372,0,790,0,1,0.2959753184855759,-0.0303688393950738,0.1122739239152896,-0.1122739239152921,0.2868478399862699,-2.063694564082532,2.063694564082582,0.0645846972699927,-0.7862225575296943,1.3262169
0.9657419853370436,-0.7214986663024218,0.8754579934380248,0.7552219128947817,-0.5922420085472155,0.1880309773406767,0.7189433621918825,0,-0.7189433621918911,0,791,1,1,0.9320809028446032,-0.6949780995758392,-0.2604249623481087,0.2604249623481124,-0.9008661565049187,-1.8973979367349787,1.8973979367349656,-0.2299257952425512,-0.7573693197216081,0.95009655
0.9011284614633056,1.1337272958629503,-1.059385045622391,0.7848025234716602,1.064137755570174,0.4212775882764834,0.899003171798094,2,-0.8990031717980663,1,792,2,2,-0.1939528341565112,0.6594048363296765,-0.1289831802421014,0.1289831802421276,-0.975371078849568,-1.6027477219938355,1.6027477219938395,-0.2979969112484066,-0.063303265852439,0.9397821
-0.1715943831382554,-0.6565008137539354,-0.8654530830774116,0.0989220742628904,0.291982938243961,1.4673551774856453,1.2379856160198064,0,-1.23798561601981,1,793,0,2,-0.133706202748338,0.1991355990644253,-0.2430263940625218,0.2430263940624994,-0.4436917727851519,-1.6634490995059397,1.6634490995059346,0.0612968911755422,0.6190709072518739,-0.18219723
-0.1302731213810299,-0.7334355203279036,-1.6288778480711918,-0.9398989031736672,0.0322319069880627,0.1257047408601805,-0.0510123323168029,2,0.0510123323167864,0,794,0,1,-0.6721461705878655,2.601941603541952,0.9252157286098818,-0.9252157286098917,0.8840645578923869,-1.412829727189025,1.4128297271889925,0.1206997307748314,-0.0932251945003389,-0.119924545
-1.4216821977195533,-0.0823453065259908,1.0832743329721957,-0.9229949705705572,1.2034694436108078,-1.5702339553821067,-2.1940246148482867,0,2.194024614848276,1,794,1,0,-1.471146733465068,-0.7153944326282642,1.5380581947311365,-1.5380581947311334,1.4570482851091076,-0.2775451095782486,0.2775451095782204,-0.1086140130498067,-2.1093164671773423,-1.3863025
-0.5320396932505683,-0.910191835076876,-0.5411288164174961,0.7008329789942764,0.0515886836458832,0.9764215397393304,0.6875747132603236,2,-0.6875747132603284,1,794,2,2,0.4488409062875754,-0.1337877796221789,-2.06761356916158,2.067613569161586,-0.8435717802816544,-0.2635780607354412,0.2635780607354394,-0.1338868419703226,-1.2007092003746014,-0.60087085
-1.1538193094403086,-1.221900108473135,0.720469240083545,-0.9627482096901316,-1.3510633967091714,-0.8071046821509084,-1.3858142846363828,2,1.3858142846363657,0,795,1,1,0.2695224492588302,-0.6786788564291507,1.488096380571103,-1.4880963805711125,1.2733650178434,0.7537484132382771,-0.7537484132382615,-0.9459187672496796,-1.4041820856660805,-1.1646137
1.3690436932007413,0.3805540252267906,-0.8536645125754573,-0.1364814805995841,-1.156202432416362,1.6940297308358263,2.166445118360925,2,-2.166445118360954,0,797,1,2,0.7059191284264967,0.2711742398958449,-2.5488806366650048,2.5488806366649976,-0.4779984126590115,0.3403471460673667,-0.3403471460674235,-1.0553034038414468,1.629233763040796,1.3774424
-1.290103564530528,1.0237343973248134,-1.462011198887162,-1.4235858760809383,-1.6752678896877315,-1.3356416915616822,-1.9734507016185967,1,1.9734507016185947,1,798,1,0,0.1753065193145478,1.875200742748572,2.97102598302979,-2.9710259830297723,1.8876762884368168,1.196322507322571,-1.1963225073225592,-1.2800575448166915,0.5955767891653365,-1.1610513
0.3115903850034593,-1.2732715589840813,-0.6558449755321786,0.6198543696618433,0.0476250817897414,-0.3217185857141907,-0.069749353726939,2,0.069749353726966,1,799,2,1,0.3955965897754438,-0.0655748695223901,-1.3658719404614694,1.365871940461491,-0.5682908064096529,0.2504782539621212,-0.2504782539621311,-0.563143926006797,-0.6555659884153581,0.3382147
0.5939034407534738,-1.6532643536803031,-0.419538465667415,1.6882556689226265,-0.0662964863553363,1.0131328484747182,1.3740587132965536,2,-1.374058713296598,1,800,1,2,1.2131305883513024,-0.2658357264164409,-1.035851563619105,1.0358515636190544,-1.8965930290637545,-0.0551822027319355,0.0551822027318841,-0.1043196225107073,1.01970568318211,0.5923167
-0.4783327969377306,1.080649732990809,-0.3425906000297058,-0.1115560075331778,-0.9175277453573364,1.495269011214528,1.091062445733047,2,-1.0910624457330216,1,800,2,2,0.557950458468665,-0.1502408702033952,0.2033068258181289,-0.203306825818079,-0.2098229945028228,-1.1580240352284412,1.158024035228406,0.2912026530856805,0.3706013726437463,-0.55803305
0.6549722448707976,0.4902819573352062,-0.7197121230516306,1.6517959642886082,0.5394484182737286,1.413322209805366,1.7575299373464042,0,-1.7575299373463928,0,801,2,2,0.768648264910579,0.1252447980833909,-0.4780303466021761,0.4780303466021663,-1.965493047732492,-0.9759524924518131,0.975952492451856,1.1221590018486705,2.68047784427862,0.67214084
-0.9496599141891876,-0.9250214571741544,0.7045110007368027,1.1594577516908178,-0.7216891808736726,1.727062706429333,1.2034516469891392,1,-1.203451646989152,0,802,2,2,1.3011639958201642,-0.66393549515047,0.3978358503533248,-0.3978358503533424,-1.3895373741292354,-2.3904842553137566,2.3904842553137438,2.322418227711092,0.9096935651428006,-0.9339183
0.2733116657761177,-1.5162397758517867,-0.6383502228999715,-0.3440441027008288,-0.4861982988147535,-0.2812667758297384,-0.154647194094123,2,0.1546471940941183,0,803,2,1,0.0986601225416347,-0.0978818949559465,0.9748026732622508,-0.9748026732622456,0.3452973865456492,-2.3526830645247654,2.3526830645247374,1.8745248890894732,-0.9177008145050128,0.29021028
-0.9601347771955888,1.213354768687174,-1.0698173701976013,0.4275273985007839,0.9806838744957967,1.221645734244448,0.6689991168067516,2,-0.6689991168067537,1,804,1,2,-0.3832054539116741,0.687343812100756,-0.5908221949087837,0.590822194908786,-0.59116303059232,-2.038751730002472,2.038751730002453,1.2887040684071922,-0.8589995663150821,-0.9675505
-0.6114754230300995,-0.9384135741473424,-1.4963657001076778,-0.2362400585635299,-0.5714677286815601,-0.0300246185990731,-0.3499613256269422,1,0.3499613256269109,1,807,0,1,0.2322151080324073,1.720082834477246,0.7314362515724164,-0.7314362515724377,0.2970395573589496,-1.3971286418641502,1.3971286418640838,1.2307673069223777,-1.4789657707766442,-0.6223973
0.3956223461278074,1.4120303934313132,-0.986700888770727,-1.537063342326629,-0.1158383838648871,1.0876536730101003,1.0014079821582642,1,-1.0014079821582806,0,807,2,2,-0.9825306775667104,0.5567237168202955,-0.969517317332432,0.9695173173324432,1.1726219320789342,-1.0604615350895985,1.0604615350895912,-0.2509954328126502,-0.1880921494301198,0.4303142
-0.1170807971643612,1.4972043267348571,-0.2877938458579037,-1.5149130594191609,0.624372944878121,1.4935148081480332,1.116509405334347,0,-1.1165094053343598,0,807,0,2,-1.4795633978122409,-0.161787522743078,-0.0823689067561571,0.0823689067561596,1.1189285090036694,-1.021750064336027,1.021750064336008,-1.4936915316706263,0.8925387210563434,-0.11885501
1.1049798525546397,-0.6701379435063378,0.600338278057941,-0.7403858229227263,-0.7859575694567749,0.1624751181970688,0.6051118668146797,0,-0.605111866814668,0,809,2,1,0.0321159372293034,-0.6284597424222987,0.3672080538811597,-0.3672080538811422,0.5130101477327967,-1.360036610741356,1.360036610741379,-1.6778590777298008,0.4147557864205092,1.0664816
-1.4562249743199458,-0.9485169827823668,-0.1324248628559477,0.9099644921666468,-1.4402648519707242,0.2281683415254724,-0.4092514542329208,1,0.4092514542328961,0,809,1,1,1.626038712301312,-0.3830565683913376,0.7281373476846116,-0.7281373476846381,-0.7398939587207282,-0.8799401162022953,0.8799401162022853,-1.4536857163722858,-0.1618005050927646,-1.4560759
-0.2494785322919663,0.7409944560732576,-1.1708728859481603,1.0990731511233556,-0.774944966516697,0.2101837267531409,0.1829483397707357,2,-0.1829483397707758,1,810,1,1,1.2962764109602585,0.851537629968213,-0.4247356920116489,0.4247356920116381,-1.0660677940763372,-1.1172208273237711,1.1172208273237565,-0.8332076175469798,-0.9854034869272574,-0.21125527
-1.55337990427324,-1.4050663258224114,-0.0295725759190799,1.0554353754944878,0.5289063056869726,0.1661022075801343,-0.4966115473805783,0,0.4966115473805541,1,810,1,1,0.3636275588876347,-0.4528652274909371,0.4878817057365591,-0.487881705736548,-0.8471994379899949,-0.450220090946514,0.4502200909464621,0.3714450916236955,-1.1364890016168685,-1.5405618
1.6280469664619206,-1.4726015742667482,0.3652702883150266,-0.7421868100430281,-1.1787349122110786,-1.149313129241128,-0.3122430460625182,2,0.3122430460625027,1,811,2,0,0.3027368583968956,-0.5957223730180409,-0.1320751063945492,0.1320751063945555,0.7660873158578174,0.1859391302059607,-0.1859391302059766,0.7305067040207894,-0.5995099808244775,1.6070229
0.7081006122918345,-0.3921458483542929,0.3073410602557629,-0.0562956116586099,0.5376566320596653,-0.7181716336722145,-0.3025458473694796,1,0.3025458473694787,0,812,2,1,-0.4110684543606851,-0.5313096840118138,-0.0067306155877883,0.0067306155877988,0.1159321156546025,0.5900782964861983,-0.5900782964862312,1.0483819340649023,-0.089295613382198,0.7809555
0.2224185032332776,-1.5038165622681288,0.9075142651051636,-0.4769958672183085,0.294374072095745,-0.4672564482046621,-0.3597612172334982,2,0.3597612172334927,1,813,0,1,-0.5335449928716748,-0.7288835839436082,0.0412859830652789,-0.0412859830652822,0.5266726251112896,0.5680425193342902,-0.5680425193343378,0.403905027303052,-0.2789042033454781,0.21353093
0.1725345096081843,-1.5581432677923106,0.035321796235321,0.2398644361842506,0.9105643408908176,0.9113483740709146,0.923884190772064,0,-0.9238841907720612,1,814,2,2,-0.4644195182517637,-0.4868818415993221,-0.9209185057030828,0.9209185057030892,-0.4883256779900228,0.2381371018940506,-0.2381371018940444,0.0046577300606619,0.8672661835077381,0.2048046
-0.8319031682536233,0.5961454120591106,-1.2375895660526743,-0.4716506226674716,0.4231936979411611,1.3100254145472907,0.7149595950152275,0,-0.7149595950152283,1,816,2,2,-0.6190135773883284,1.000762557882294,0.1501528397523521,-0.1501528397523547,0.2286473771011161,-0.3013210481610598,0.3013210481610873,-0.7049311589045448,1.018860804377255,-0.8370547
-1.6552016940496028,-0.4599611622803362,1.306314566407659,1.6103439879295476,-0.6916790882501915,-0.5368929501518347,-1.1154406704545408,0,1.1154406704545254,1,817,2,1,1.5921302089156424,-0.7671505259870519,1.313727159753996,-1.3137271597540072,-1.1763879020408123,0.0563067372996601,-0.0563067372996909,0.388215996657774,-0.1730582196630297,-1.6564953
1.2608466522062851,-0.2606793619502159,-1.19762981321062,1.1700549043032444,-0.6889289076265575,-1.404652237142338,-0.516254462816837,2,0.5162544628167951,1,817,1,0,1.2858152955632345,0.8006024799843846,-0.429749156996257,0.4297491569962382,-0.944342752498322,0.1514615741111129,-0.1514615741110907,0.9580625548415816,-0.7333371667012475,1.2534138
0.0981575691120822,0.4641355578610078,0.7798721447185449,1.5229430581453396,-0.4783359475495162,-0.6557573184517446,-0.3763244699139503,2,0.3763244699139474,0,817,1,1,1.384033790123425,-0.6309838510184175,-0.100185940138812,0.1001859401388401,-1.293483883248824,0.1588364457444485,-0.1588364457444849,1.8873713441011024,-1.1934816827530117,0.14667322
-1.201749953665543,0.2498477686036108,0.3036948529561756,1.5650808314210896,-0.2453554985428858,-1.4524737136141253,-1.7173230611592871,0,1.7173230611592925,1,819,2,0,1.251906870533115,-0.5022512996286644,0.9625314983388892,-0.962531498338884,-0.9786077638837088,1.3348472701865108,-1.334847270186531,2.503157770449342,-1.2848740900255071,-1.0865479
-0.2442919168681912,0.5117770746840482,1.435744982593157,-0.6533673081523774,-1.4185780942243746,0.3354099789152167,0.111225257334489,0,-0.111225257334485,1,820,2,1,0.5301564223097853,-0.7590243664610504,-1.3119419699345911,1.311941969934591,0.5654400491756145,1.6036630231649345,-1.603663023164916,2.418719735450084,0.387870691814609,-0.23085177
0.0179278069647343,-1.4601092268733316,1.5992545795598794,1.5366838519255248,-1.1893988991793094,-1.6760065099899046,-1.3255857439898098,0,1.325585743989799,0,820,1,0,1.8857057911233417,-0.8399118664035746,1.0312866834999823,-1.031286683499994,-1.0563394813470102,1.6972311750014912,-1.697231175001519,2.384492184329171,-0.353481698945816,0.0035948434
-0.2264652810431595,-0.5386661040184779,0.0655835537542973,-0.8056831853547421,1.1412035559480618,-0.4156679125153668,-0.5673699701475803,0,0.5673699701475403,1,821,2,1,-1.346940403914711,-0.4495522098106494,-0.5438691051477773,0.5438691051477568,0.896887176330494,1.719990611949786,-1.7199906119498485,1.466428763137379,0.001352994239635,-0.2632225
0.3776150983009434,-1.432719784037583,1.1189960138179007,-1.6297318282196134,-0.3455303771073187,-1.2172841315960186,-1.0767265956043717,0,1.0767265956043717,0,822,0,0,-0.8876163211439616,-0.7660009529012615,0.3657434904136604,-0.3657434904136318,1.842811901599141,2.031848184153584,-2.031848184153561,0.0014797867360161,0.1857913334996576,0.38061786
0.6414843054518645,0.3763463820491998,0.6330575716610003,0.5755227242193811,-1.1065414654199148,-0.2524088782213299,0.1482657314798532,1,-0.1482657314798583,0,825,2,1,1.1638180001544756,-0.5968850622793113,-0.8788289325915022,0.8788289325914989,-0.5863051340258562,1.2011853830813706,-1.2011853830814,-0.4583367780815057,0.0988034526633802,0.607744
0.7268283750785048,-0.0927205918885993,0.6891847960944838,0.2455184688277435,-1.5092765589715111,-0.1005280394669391,0.2905194868531204,2,-0.2905194868531143,0,825,2,1,1.214414951759217,-0.6291471387758143,-0.1018534769306711,0.1018534769306793,-0.3231775954405577,1.1213537248426506,-1.1213537248426448,-0.0406527965888642,1.2263354386676273,0.724506
1.4541166489071244,-1.2974821181902552,1.6895029066693663,1.5442148031842464,-0.4072402766152406,1.3427805570390443,2.0725845080007885,1,-2.0725845080007805,0,826,2,2,1.3495310335533868,-0.8470914690753123,-1.278585458880366,1.2785854588803682,-1.9550139846410608,-0.3916986858364395,0.3916986858364727,-0.0371534001285749,2.06595915338318,1.4613749
-0.3064937404178247,1.635550888723438,-0.226454421531421,-1.3427833594205376,-0.6293103527818658,0.7597423995034827,0.3868285086254424,1,-0.386828508625419,1,827,0,2,-0.4928009886131027,-0.1921441874660679,1.2099301329427845,-1.2099301329427743,1.1534604231451957,-0.8165603618304568,0.8165603618305305,-0.2867269776724023,1.5073961102284166,-0.3220887
-0.564595176603871,-1.4540158528972804,1.1254956959228355,-1.1353065352907064,-1.578581239192338,-0.1864416393864524,-0.5623720368907786,1,0.5623720368908105,1,827,0,1,0.3076969254945341,-0.767824967434574,0.6813764041536386,-0.6813764041536329,1.2140157907881222,-1.045579318296674,1.045579318296736,-0.0569830767342757,-0.4137801509998978,-0.57659185
-0.865159498801019,1.2492176520890936,-0.1791724030388408,1.1677066032024783,1.616953218131945,-0.0840910872226184,-0.3727928277780563,1,0.3727928277780454,0,829,1,1,-0.3118555319594099,-0.2409584847370045,-0.1358143211679874,0.1358143211679568,-0.9801714343937276,-0.8135753718410262,0.8135753718410413,0.2181861679948973,-1.233902744068005,-0.8880739
-1.480088636866176,0.634354447854708,-0.1812759342842678,1.4517818303606755,-0.4640604851672272,0.9629260731132252,0.2931915288697165,0,-0.2931915288697117,1,830,1,2,1.3249526972209136,-0.2731456851498873,-0.4776836479439204,0.477683647943932,-1.4069109499718004,-0.8147651119996073,0.814765111999668,0.7786988565663542,-1.3448939965094828,-1.511829
0.4765282576364285,1.0642819725314772,-0.7800883790307338,-1.175794073840551,-1.1603988803126124,1.083419262495141,1.075432826652026,2,-1.075432826652035,0,830,2,2,-0.009746269499271,0.236444848484397,-0.5611098712002175,0.5611098712002078,0.8008820228407962,-0.3707783063374779,0.3707783063375082,-0.4852038177732876,0.6928593390378607,0.47231928
-1.1991570620080858,-0.3232236967219766,-0.6865921909496341,1.100259563626282,-0.5416811479442215,0.3021755846744354,-0.1976132992425826,0,0.1976132992426055,1,831,1,1,1.1356400041449877,0.0315839016269806,0.9137686675793748,-0.9137686675793524,-0.9664042100736416,-0.1105526493745124,0.1105526493745078,0.650001478814889,0.6757424709596761,-1.242794
-0.7071466790924519,0.1601983731016302,1.1006624350036822,-0.5237141717840371,1.1941990673834544,0.6148803002711409,0.1491092121823173,1,-0.1491092121823547,0,832,0,2,-1.1886714851802311,-0.7108157388819273,-0.2485806824190928,0.2485806824190497,0.432104903780415,-0.4273432570353448,0.4273432570353326,0.9341892365722462,0.1703636672775512,-0.73498756
0.0977223384791717,1.1785549077072797,-1.4559627457283868,0.8818226536269009,0.8186262777867755,0.3623888954072775,0.4651006388565538,0,-0.4651006388565581,0,833,1,2,0.043059946632007,1.8703660756341545,-0.2265279919534346,0.2265279919534586,-0.946923179905954,-0.8004195409093293,0.8004195409093194,0.8013479464310972,-0.1828366047925359,0.0031699329
0.1173145957643184,1.0235044672037348,-1.0435813186226623,-1.3228121341582997,-1.330866539117501,-0.6376139596750756,-0.6530507191411129,0,0.653050719141146,0,834,2,1,0.0065984334728405,0.6191407741628941,0.802615859310966,-0.8026158593109397,1.4221367439262165,-0.3791004167128817,0.3791004167128387,-0.4879187032417503,-0.8708037679111194,0.12027583
-1.1963794130558876,-0.9184930287587612,-1.0361861582155658,-1.659755182878069,-1.284245361774904,-0.0819770592037852,-0.8326763697785687,0,0.8326763697785751,0,834,0,1,-0.2586299941647008,0.4165292446523786,0.1291278556709618,-0.1291278556709811,1.8046046682469092,0.4704948081900771,-0.4704948081900663,-0.7128002266645573,-0.6462349206614437,-1.2023025
-0.7290470705260262,-0.9578964333366096,0.8928286820103569,1.364076574336292,0.255647663612961,0.2414948462254514,0.005326765173153,0,-0.0053267651731747,1,834,0,1,0.7661585394616518,-0.706900562156281,-0.6011246817696202,0.6011246817696004,-1.2539741631243813,0.3801347229331003,-0.3801347229330851,-0.5902127497672773,-0.494770271181108,-0.7252955
1.3233171899187668,-0.9551223809806532,-1.4803668972171766,-1.2093627449154765,-0.1241399328739393,1.1641899155473696,1.5567724722005554,2,-1.5567724722005734,0,836,2,2,-0.7502158302339397,1.6399907918190275,-1.1130925584199816,1.113092558419985,0.7002195985387148,-0.2466344295975922,0.2466344295975669,-0.9088121016142034,0.8822737419028719,1.3005925
-1.1992569298269204,-0.6733762945884844,1.3427843788536462,-0.2483127781302724,-0.2765571364471541,0.2048924634159523,-0.4278315391028486,1,0.427831539102845,0,837,2,1,0.0197418327250352,-0.7795781671763812,1.4243840891496,-1.424384089149591,0.3295081043198941,0.1509481175520704,-0.1509481175520365,-1.4339505328263389,0.8817032895766608,-1.191061
1.3078040757080718,-1.445760342099324,0.3137561658529623,0.5878990920137422,-0.6059446601558315,1.026277861240552,1.6168881555560886,2,-1.6168881555560992,1,838,0,2,0.8258801014083214,-0.5789434873062183,-1.4670670000065726,1.4670670000065684,-0.9899443453617668,-0.8597535930062098,0.859753593006153,-0.5461030522360738,1.3874987983294709,1.3169168
0.3444510920459158,-1.4670363277600038,-1.0543119653574549,-1.0019425496256362,1.077581636833724,0.7680059484821968,0.7476943320420812,1,-0.7476943320420741,1,838,0,2,-1.4385953430584062,0.3921284581538144,0.6239634136980016,-0.6239634136979891,0.7238987215710048,-1.5634216033878054,1.5634216033878197,-0.2404381871671158,0.4788804521730679,0.3203083
-1.410316790263146,1.3278809598231802,1.279793157739208,0.5809559059308677,1.558517800778899,0.403408389677478,-0.2652414678845787,0,0.265241467884562,1,838,1,2,-0.6770820647665876,-0.7075022179726812,0.7271129555530504,-0.727112955553068,-0.4807345374673731,-1.442949735610978,1.4429497356109218,-0.6043297595398203,-0.7694784292385737,-1.3084587
-1.5881446404863089,-1.7181934938342966,0.9057312199126348,-0.3888112199176848,-0.0357387542977064,0.1538693260034029,-0.6778940110654328,1,0.6778940110654382,0,839,2,1,-0.2440830159688676,-0.7359722784816528,0.2963484394256001,-0.2963484394255843,0.529879164385237,-0.4479532348944303,0.4479532348944576,-0.2230452440228759,-0.7426510446403453,-1.2898653
1.3921953549475354,1.2702103713296904,-0.3692398493764211,-1.5392587155602984,1.343631816996636,-0.7345764388451217,-0.1412879131149818,1,0.1412879131150021,0,839,2,1,-1.9942404077322933,-0.1207810476291595,-0.3848415398576578,0.3848415398576687,1.4927395379949278,-0.5755382267917231,0.5755382267917033,-0.8229072652565789,-1.538844846099037,1.3760976
-0.2419815294586689,0.5194100682969234,0.4612129121502826,-1.2224736910524614,-1.4231630831395357,-0.2037762053703354,-0.4298740468151842,1,0.4298740468151733,1,839,1,1,0.1398556905800211,-0.5420184086935154,0.2073181254079278,-0.2073181254079503,1.2622776346069613,0.3357929469688231,-0.3357929469688417,-1.6641306235317497,-0.6956600902755902,-0.27955097
-1.0570824619005184,0.5216225678917509,1.2094469427354058,1.0847212231204606,-0.2675950610543313,-1.6659795919449687,-1.8886064178442945,2,1.8886064178442687,1,840,0,0,0.9351845948450788,-0.7197310548907919,1.0470175040878098,-1.047017504087821,-0.5048766784276775,1.509619126676615,-1.509619126676622,-0.6945235222099997,-0.934400329429641,-1.0582516
-1.6600991468829436,-1.5919672876938342,-1.024078953188689,-0.6197663456143323,0.3493135887228366,-0.0465196111974391,-0.9165495343084314,0,0.9165495343084388,0,842,2,1,-0.6702821547871979,0.3321911702249848,-0.6973219311430929,0.6973219311431168,0.8144651514823561,1.799617321858288,-1.7996173218583078,-1.2524614310476638,-0.693621567948543,-1.6447504
-0.2006806907387056,-1.4359990285915525,0.9126870805663896,-1.6061382346021944,-0.3861915520189949,-1.288199704725061,-1.419453337727344,1,1.4194533377273304,0,844,0,0,-0.843159775949097,-0.727563999110876,0.3611129318705177,-0.3611129318705329,1.9148613826265837,2.129800344974973,-2.1298003449749765,-1.818115051666939,-0.94817878551353,-0.2757131
-0.4196726697661423,1.494976684748704,-0.8966817681267595,-1.645722225103917,1.1016951580050118,-0.4970320482456415,-0.8234708815831896,2,0.8234708815831504,0,845,2,1,-1.9003884790150856,0.4240106624163233,-0.4274501382473528,0.4274501382473347,1.788094494942719,2.4335457457124243,-2.433545745712455,-1.867585299932799,-0.1005744657425983,-0.42980075
0.06272152820465,1.440657301693253,0.6660041186344416,-0.1968040849623256,-1.1143894871043971,-0.5744255237443956,-0.5035955374263912,2,0.5035955374263829,0,845,0,1,0.6352713100567411,-0.5654443997357884,-0.2293150992336304,0.2293150992336527,0.3017222570805583,2.4663706105121466,-2.466370610512211,-1.3909888560475934,0.888923790739743,0.041275177
-0.4314741944074498,1.0044357760639104,-0.7787047312166877,-0.7147556958675856,-1.0859027173830176,1.3574378974697945,0.9266749821635,2,-0.9266749821634782,0,845,1,2,0.2574473997172734,0.2301133470916014,-1.0261369913662572,1.0261369913662794,0.4005675855648522,1.2128523953708172,-1.212852395370804,-2.2271492485861644,1.4299063244683017,-0.44297898
0.0425439790485546,0.5185336899049591,-0.4977387777204108,0.6149482111657728,-0.3212028781802219,1.386556613823424,1.324975928746409,1,-1.324975928746447,0,846,1,2,0.6474937409596313,-0.0732189981393821,-0.2855934749862205,0.2855934749861774,-0.9363147802386164,0.2148018993760058,-0.214801899376073,-1.6534161833957914,2.250054705021149,0.1567572
-0.7588555781287144,0.2779890288941383,1.047358370324044,0.3951643587901348,-0.1014035057798215,0.9630054020110856,0.5325663469441081,1,-0.5325663469441044,0,846,0,2,0.3434003652254205,-0.6964417941419172,0.5688628818150095,-0.5688628818149796,-0.5251068917202573,-0.6543446914561907,0.6543446914561883,-0.7234737404438437,1.410726614138519,-0.7323942
1.2198849458785188,0.9519095249132384,-0.7837498168046887,1.4389511067748524,-0.3161316468846314,0.7700745147415046,1.4355102584697244,2,-1.4355102584697332,1,846,1,2,1.213690737832642,0.2319000061015182,-0.6477263183860414,0.6477263183860329,-1.6960857917206509,-1.6601674155040689,1.6601674155040884,0.7098770498999949,1.0820874804364962,1.1379261
0.160449970396078,-0.6981451954231626,-0.4601903325696079,-0.3230683304180567,0.7791620790018415,0.6115420950575426,0.5903157863581918,2,-0.5903157863581591,0,849,1,2,-0.7626735990714664,-0.1790137339705274,0.6067414291131009,-0.6067414291130715,0.1230628854849705,-2.147236939037138,2.1472369390371986,0.6512060217085247,-0.1765156265124464,0.11641124
-0.0196360952492252,1.542946770621946,1.402743503655168,1.3399755539078426,0.6844801281054066,0.904930828787844,0.941337171203518,1,-0.941337171203525,0,853,1,2,0.452673200949242,-0.722907212741654,-0.2516655629451184,0.2516655629450899,-1.479333900871467,-2.153765352514962,2.153765352514964,1.6059750827863828,-0.2223471833677358,0.02223163
-0.7307715565245667,0.5301324830746792,-0.798586653415245,1.2388708925766452,1.330407719558136,-0.8831840724202676,-1.0137392994800132,1,1.01373929947998,1,853,1,1,-0.0643169654846507,0.2159034163215798,1.4031950644606144,-1.403195064460634,-0.8742546916300225,-1.1124406243360043,1.1124406243359972,1.895892351909019,-1.1173216890661042,-0.7368905
1.0705693683348327,-1.031797566941096,1.4586791745565892,-0.4873681047880507,-0.7322830712207513,1.1917688534545317,1.5349126380534814,0,-1.5349126380535223,0,853,1,2,0.1698982585787155,-0.8080008277286722,-1.8286898277690649,1.82868982776906,0.0198647178910825,-1.558740356143126,1.5587403561431108,1.4858072414044865,-0.4387525403495748,1.0247966
1.4406959848155736,0.250493499907592,1.2100563323632842,1.686796615542567,0.8389643577839482,0.0196102727461521,0.8989053263676077,0,-0.8989053263676373,1,855,0,1,0.5855333806175997,-0.7283960076895573,0.4566282868119955,-0.4566282868119876,-1.7709278992268764,-1.319814308919972,1.31981430891996,1.6009732631041018,0.3749593507271454,1.4339733
-0.2590229256856426,-0.9119338540253402,-0.5000693761793471,0.5798387918464305,-0.3554218168072988,-0.9063809726536406,-0.8745325872367293,0,0.874532587236725,0,856,1,1,0.6469045472117702,-0.1644054097701223,1.2728508573367034,-1.272850857336686,-0.3168943816295638,-0.6675831967064031,0.6675831967063054,2.020525837417258,-0.5363743210100086,-0.26372746
-1.3867164820599147,0.6829744282164463,-0.5629220385524,1.0946177963506742,0.3543298596875533,-1.6307128688400885,-2.0167110835327557,1,2.016711083532739,1,858,2,0,0.5115533094748875,-0.0091525252895874,0.8198577838302473,-0.8198577838302563,-0.4798799738769757,0.649502679174102,-0.649502679174132,1.906515795550897,-1.3750602242291998,-1.1303291
-0.6189532490017661,-1.648298310558638,0.2448060913574874,1.7701058827208176,-0.718328771666267,-0.9188921409572632,-0.9347161209351932,1,0.9347161209351909,1,858,0,1,1.7210338737364177,-0.5659410068242369,-0.776213725806391,0.7762137258064014,-1.3637444310986035,0.6143172111338591,-0.6143172111338744,2.153364006384838,-2.4449167758811394,-0.6188991
0.763681201962279,0.4883834630747875,1.5904478066644794,1.631613024511119,-0.5329770841429586,-1.542017887066314,-0.8322915433458885,1,0.8322915433458483,1,860,2,0,1.4969876813977854,-0.7835934250904841,-0.0732719759425331,0.073271975942506,-1.2692963642640829,1.6683267891230096,-1.668326789123057,3.137987968026432,-1.0973499806885518,0.7723683
-1.5526821283664685,1.2724554660572422,1.098793466885042,-0.4257999087930351,0.543079581525407,1.319401593135365,0.3768915324879758,1,-0.3768915324879841,0,860,1,2,-0.6702934879701773,-0.6741524448320115,-0.8674841809451989,0.8674841809452223,0.2776007611799771,1.9007560586025865,-1.900756058602613,2.1563307317349687,1.1452821763055216,-1.5258207
1.0862777378846635,1.3071012788884837,1.0367226467100004,-0.766794964099628,-0.7002977305895557,-0.6241991679892692,-0.109720323314892,0,0.1097203233149163,1,860,2,1,-0.0454336772680484,-0.6600470746263076,0.3494217963062476,-0.3494217963062244,0.7341166731082527,1.5602195481184344,-1.560219548118472,1.5305923307052067,1.5926740116599616,1.0789363
-0.9984575396189836,-0.9361937825242446,0.0584456071542864,0.4177894666447404,0.6362041793616803,0.8379136720933363,0.3064124558103541,2,-0.3064124558103677,0,861,0,2,-0.1515019191058433,-0.4658470445775776,-0.2983896351829881,0.2983896351829611,-0.4851088681181406,0.5258370979014853,-0.525837097901489,1.2160914688845392,0.9952187397080372,-1.0038694
-1.0713232068743743,-1.2879701384309885,0.3396167030916239,0.2338503309074561,-1.5537583579283991,1.6208398028841666,0.9509212505673932,2,-0.9509212505673752,1,865,0,2,1.237136395013026,-0.5801338436509951,-0.4622727399725992,0.462272739972622,-0.490093204680297,-0.3137524338317513,0.3137524338317553,0.5022417764049029,1.0857714342733822,-1.0796342
-0.143192751077209,1.4709726525218778,1.5888670795618338,0.2647343651879919,-0.0155624968077533,-0.3880875865894854,-0.388438935895394,0,0.3884389358953904,1,865,2,1,0.193806405101438,-0.7555365706107717,0.9613557756522116,-0.9613557756522276,-0.158298543187094,-0.511380041599706,0.5113800415997258,-0.1329037952176328,-0.1478476709307555,-0.15210088
0.0277789804741196,1.0435164953128258,-0.3599267703104915,-0.1091372588836275,0.1846746047982994,1.0307076807410656,0.9229080658814072,0,-0.9229080658813932,0,867,1,2,-0.2032813813384082,-0.1407756264050214,-0.9407972271278864,0.9407972271278996,-0.1665407917980556,-0.7544966516746859,0.7544966516747026,0.0142393900361454,0.4246189626393213,0.097323954
-0.675050428789586,0.373122659311924,0.1262829153195097,-1.2011298027268758,-1.210263733184426,1.4405030667889662,0.8305111964237939,2,-0.8305111964238249,1,868,1,2,0.0072514950464378,-0.430771720730351,0.0665323004975076,-0.0665323004975398,0.8930539779579405,-1.173139468850714,1.1731394688507286,-0.1875823645679495,0.3156822139198758,-0.67936283
0.4086005245343608,0.9944013682196056,-0.1484896700659178,1.4142713747125386,-1.362807319046766,0.5196968491990371,0.8137410758957512,1,-0.8137410758957406,0,868,2,2,1.9210980281074768,-0.271597112454931,0.0122623878474219,-0.0122623878473921,-1.5109298706002032,-1.3990300907749889,1.399030090775003,0.2754514729964255,0.2921684371642662,0.4104124
-1.599310276658068,0.026708492930493,0.9864062085068924,-1.056947101088772,1.2036330806968842,-0.541065424412526,-1.3752454566818844,2,1.3752454566818888,0,869,0,1,-1.5638731208616563,-0.6924537598111979,1.5710494123819656,-1.571049412381971,1.3620204770950215,-0.3632926547288702,0.3632926547288566,-0.3243415424275807,-0.6494990810007342,-1.60469
-1.5199295539485536,1.1022257995217013,0.5223883616821072,0.4955790344795742,-0.4661542812483768,-1.3048305325954972,-1.8540870980318456,1,1.85408709803184,0,869,0,0,0.6652931787926534,-0.5371605663386217,0.3438458742204365,-0.3438458742204443,0.0223066486663879,0.289294567358952,-0.2892945673589531,-0.2170752767403095,-2.415327409028519,-1.5195415
-1.6169880385635875,-1.593406418018763,-0.2251406245244127,-1.59922436363221,-0.6838577918863177,0.0152604332708741,-0.9443724820887944,0,0.9443724820887502,1,870,1,1,-0.6323459169794156,-0.3722821788254824,-0.6525849899872465,0.6525849899872195,1.7756320069271347,1.1207106310083357,-1.1207106310083608,-0.9094719422801558,-1.9356390929316176,-1.6203017
0.8976911810717696,1.4616224279214434,-0.3938300005851772,-1.6623018850488036,-1.1058950537474492,-0.6148790884020937,-0.2884323541774629,2,0.2884323541774238,0,870,2,1,-0.3838383152870098,-0.0917803552941847,-0.4704758884688723,0.4704758884688763,1.655330325261286,1.6189258795407744,-1.618925879540815,-1.123764120920037,-0.5532889815726344,0.9110813
1.4291863574199672,1.6706075632944428,1.0011248532435295,-0.8090329670212824,-0.691302581266824,-0.6328704343143032,0.04518288919742,2,-0.0451828891974166,0,871,2,1,-0.0808627108145552,-0.6401361643600381,-0.2391748795486756,0.2391748795487062,0.7320434952670429,1.9611302809976592,-1.961130280997714,-2.1568638019997537,1.3690038984512023,1.4184847
0.4902348878495017,1.6462197715989118,0.2872660335795252,-0.2918505172095045,0.6891294504165112,-0.1353427094975458,0.087014195091495,1,-0.0870141950915094,0,871,1,1,-0.6787726331996692,-0.4355825706315642,-0.0297901178879143,0.0297901178879016,0.230569072399469,1.310051810206386,-1.3100518102064151,-1.801347455468244,1.5137194649234065,0.5181911
-0.9398758335974744,-1.37804506491292,-1.6028852501514612,-1.4537291681773934,-1.195325570534065,0.3716736263317396,-0.2804222804820028,1,0.2804222804820045,0,871,2,2,-0.1777327549257085,2.268286344164855,0.2639012950730118,-0.2639012950730004,1.447243234258781,0.6093696285529147,-0.6093696285529403,-2.70712973848242,0.5281808916945615,-0.9312619
0.3286854537054043,0.7889792339059911,1.647815876977045,-1.4777254557180797,1.6022016972742494,0.5687431242112218,0.5114266106290188,2,-0.5114266106290251,0,872,1,2,-2.130669555638172,-0.7835703859661208,-0.5680043001966644,0.5680043001966589,1.2507645295323684,-0.0388322457972005,0.0388322457971887,-2.650673012940411,0.3946670094894146,0.3216743
0.0812796112643041,0.2725316146954284,-0.3349169658641778,-0.6163854627210832,0.0207660699032757,1.6507079896031651,1.449089572291134,2,-1.4490895722911303,1,874,1,2,-0.4405360760366708,-0.2029990389298363,-0.6726407811240522,0.6726407811240598,0.1645898408931846,-0.8124726300337439,0.812472630033715,-2.164668509616245,1.0037407409721966,0.07301729
1.0587965170942968,0.8851262294300721,-1.112282464504308,-1.4208336850739078,1.6789720492773164,-1.6785434884662178,-1.1346674170961064,0,1.1346674170961293,0,875,2,0,-2.144472799870701,0.7386937681288707,1.8543375149535752,-1.8543375149535628,1.6520853614150064,-0.2871383419320042,0.2871383419319965,-2.4489530831855166,-0.2236919504753061,0.78580123
0.7396991137830147,-1.0449250860754702,0.1342444476565786,1.5289438396286237,1.738638080464886,-1.619478994931403,-0.9240994436029364,2,0.9240994436029026,1,877,1,0,-0.1463256355140038,-0.500122469114889,-0.1508759022313617,0.1508759022313212,-1.1549247483693614,0.1630650955210855,-0.1630650955211352,-1.602887146978922,-0.9141006252514547,0.74704754
-0.9764570214536356,1.4104366611364971,-1.3788719491984096,0.5985857894436447,0.4659196433590584,-0.3172139274810868,-0.6957929276756819,1,0.6957929276756741,1,879,1,1,0.0913635220865263,1.5667462781683903,-0.1636051172519722,0.1636051172519908,-0.3817456183777691,0.3480109671099665,-0.3480109671099969,-0.6492408609558511,-1.4908457669373996,-0.986932
1.57472322588809,-1.352871512103113,-1.2454969389125945,-1.258248055214519,-1.7090168355928343,-0.7783768868846854,-0.0616095276224323,0,0.0616095276224007,1,879,0,1,0.3129791717470474,0.7862806091039594,-0.4548632152134191,0.4548632152134023,1.1952650303637904,0.6031581922614077,-0.6031581922614494,-0.5472566079643724,-0.8049450352809708,1.5750391
-1.302109635230039,1.03579945540591,-0.2913471587161207,-0.1097781152215593,1.416833795127112,-0.0443874177346173,-0.6859853044858549,2,0.6859853044858465,0,881,1,1,-1.0565799702393652,-0.1860647049471803,0.4482814731814268,-0.4482814731814104,0.2696232088154341,1.5538110288565097,-1.5538110288565192,-0.3118520889742943,0.5457575299709723,-1.2897811
0.2189156275132319,-0.591620191955202,0.3412678731759255,1.4234161056000718,-0.2107361366582449,-0.9138185969451303,-0.5586209197488722,0,0.5586209197488677,0,881,0,1,1.1299990821704315,-0.5508929930360055,-0.0911688335302394,0.0911688335302424,-1.1578961476093343,1.297323426163862,-1.297323426163885,1.0097814348305747,0.2287683574948945,0.17926402
0.1124735419056142,-0.2446002951680849,1.0043923848586818,-0.309024146191382,0.2842609979688495,-0.6724433035262949,-0.5788469148655483,0,0.5788469148655306,1,881,0,1,-0.4104111746079149,-0.7052635506720707,0.0147423306547835,-0.014742330654793,0.4276343418915431,1.1435979997838803,-1.1435979997838612,0.1557354527566082,-0.0834911442974731,0.10663348
-1.218673053313013,-0.0029976409467588,-1.6709463033438077,1.2493071579801505,0.3532364148589859,-0.8515537021471316,-1.222177231948384,0,1.222177231948367,1,881,1,1,0.619260783837612,3.1509662611171523,0.4618832907471668,-0.4618832907471665,-0.8285402894593457,1.377973261016558,-1.3779732610165534,0.4581052298886797,-0.6903143042818516,-1.1991884
1.448618715408701,-1.600439868213221,0.5156752861432972,0.1581357569619555,-0.0582179394423819,0.9741685843965772,1.5933127307635964,1,-1.5933127307635735,0,882,0,2,0.1496297616231799,-0.642919531290419,-2.020173350770402,2.020173350770432,-0.5937285268571991,0.641110794790589,-0.6411107947905853,1.1162542908062127,1.209909934220194,1.4200332
-0.4928591375142303,-1.592453400472944,0.7794604148769863,-0.0827038674273615,0.6877027469927812,0.4803237649306478,0.1801701094622567,2,-0.1801701094622375,1,883,0,2,-0.5331832811255893,-0.7054215464473501,1.0143022046668109,-1.0143022046668142,0.0099339796614154,0.2554507366080341,-0.2554507366080191,1.1288348432014117,1.1336096392098474,-0.5104596
-1.5641705292737702,-1.2223121567301098,-1.267106212071293,0.0085370013908502,0.1544988910198358,1.3017780150830756,0.4016799960029981,2,-0.401679996003007,0,883,1,2,-0.101036084463259,0.8566516197951687,-0.1587278418389822,0.1587278418389621,-0.1346291414291663,-0.1721280801698376,0.1721280801698037,0.4713849728049019,1.0445430226345478,-1.2874272
0.5044703039541545,-1.1641521012413474,0.5313565020265427,-1.6587626514180192,0.390319914403913,-1.5101806239322246,-1.2796892070655763,1,1.279689207065564,1,884,1,0,-1.4170165807577697,-0.6297059054077685,1.2067821587702436,-1.206782158770247,1.9282945871706845,0.1399254783880974,-0.1399254783880591,-0.1557961076778684,-0.4080848533633731,0.4972924
0.9825306614284456,-0.0337022818301438,-0.79908778873365,-0.1243624750971547,-0.2584687001300221,-0.7221462740657559,-0.1795668853029572,1,0.1795668853029636,1,884,1,1,0.0929196422079033,0.1714839477555452,-0.7892219565235595,0.7892219565235735,0.1461338441567359,-0.3243020268308574,0.3243020268308937,-0.7940972314611998,-1.5586519962417706,1.0026623
-0.7174330944854819,1.2235869799715795,1.342024413581911,-0.9457825992636554,-1.5252006111844365,0.6685885116069066,0.1472530427436779,2,-0.1472530427436718,1,884,2,2,0.401783705882144,-0.7219034271418945,-0.2342985471066275,0.2342985471066274,0.8351883262094576,0.3195633285505141,-0.3195633285505078,-1.3070534112999628,-0.2029229397226416,-0.74280524
-0.6468641604907759,0.7759010974820301,-0.9535179888353904,1.1420893834570658,-1.337797476771065,0.2457454655454596,0.025602305619957,0,-0.0256023056199458,0,885,1,1,1.7156033041689338,0.4450838131822022,0.0875249369044998,-0.0875249369044961,-1.062708513886083,0.3883854212870389,-0.3883854212870223,-0.7379304652751608,0.2082458720594201,-0.670296
-1.6401275637982229,0.6249386895167609,-0.2008818832163111,0.0348682929104236,0.6905070134376199,-0.4559264162259271,-1.203094393233409,2,1.2030943932333895,1,885,2,1,-0.4538361106841875,-0.2628066330488029,0.8819434263032073,-0.8819434263032299,0.2742704257071311,1.1029192963357586,-1.102919296335782,-0.7256951413203313,0.1098204945188092,-1.5925287
1.534579865566302,-1.249018072157516,1.3635648118497907,-0.5133241352548968,-0.5200764000987516,-1.3624072414633557,-0.5238947392836314,1,0.5238947392836363,1,886,1,0,0.0050708331623874,-0.8002327814577183,-0.4871669728306344,0.4871669728306521,0.6058799535090716,0.7663980049774485,-0.7663980049774299,-0.1934458475409118,-0.6358822202787987,1.5509869
-1.14468466151894,1.0256813592546443,-0.7932293889168729,0.2841699105691183,-1.202986222109704,1.284154898682497,0.6196733138384639,0,-0.6196733138384732,0,886,2,2,1.0291351964438271,0.2490006939510424,-0.8203987038950236,0.8203987038950138,-0.4470927725510959,0.410532283030684,-0.410532283030685,-0.0036136822272653,0.12132462937315,-1.1657236
-1.3258365638007974,-1.164124838858401,-0.5569208534367323,-1.4776495549827435,-1.2935642639044802,-0.8803633784217729,-1.5898084694352532,1,1.589808469435221,0,886,1,1,-0.1262738350210389,-0.1387401661748402,1.5857568469968548,-1.5857568469968724,1.8346816016806768,1.183967665487074,-1.1839676654870666,-0.2507555476102692,-0.4396245779472205,-1.3796602
-1.0561154206237338,-1.2964598635597564,0.1724277851380321,0.2701356152879064,0.0361068315209365,-1.4959658279315131,-1.822748896771654,0,1.8227488967716408,1,887,0,0,0.161777155293179,-0.525553446134464,0.1673866505467128,-0.1673866505466993,0.2222583520180373,2.006955342729545,-2.006955342729557,-0.6559250706946915,-0.7186901886004782,-1.0854023
-0.2466290184018769,0.722856635126948,1.3116049354340027,-1.478485523226689,-0.0783343418819044,1.4851443935517452,1.0497562433870884,2,-1.0497562433870882,0,889,2,2,-0.96798950219712,-0.7318168349965792,-2.061087560935002,2.0610875609350128,1.1018899530479238,1.0038622561951622,-1.003862256195157,-1.359133046078208,0.2176063052791528,-0.26594248
-0.5227601114683047,-0.9821613766002008,0.086028972420011,0.1881601500005856,0.4869989203394744,-1.669040110668418,-1.7261384673570046,0,1.7261384673570046,0,891,2,0,-0.2069908432938408,-0.4788987290036812,1.992215944245101,-1.9922159442451024,0.272445025958066,1.539167328070136,-1.5391673280701443,-1.033175336296236,-0.6399432153576359,-0.49818447
-1.571373652656955,-1.5380387708722756,1.4204592143250765,-1.3890519722437549,0.4788491236346249,-0.1708560646791858,-1.0661143862594638,1,1.0661143862594624,0,891,0,1,-1.2918180736590466,-0.8173583925540253,-0.4734065417869149,0.4734065417869141,1.601738086560786,2.2897727875912066,-2.2897727875912564,-1.8106689799066944,0.3541948209046915,-1.5454096
1.527094426842122,-1.0494748337362363,0.0517698228543612,0.704387539065469,1.7568989124874508,-1.48662973734103,-0.5091939543085442,0,0.5091939543085491,0,891,2,0,-0.7290548513938298,-0.4686636714639348,-0.399419148274734,0.3994191482747388,-0.527697424515285,1.808623735047601,-1.8086237350475995,-0.7967448923895725,0.1573741632859875,1.5028765
1.229375362785803,-0.8004203775784644,-1.341778529734979,0.8452220296524672,-0.8434658162106204,-1.522249571360618,-0.6711734689014925,1,0.6711734689014907,0,892,1,0,1.1681939843836109,1.126249215585251,0.1164649516680567,-0.1164649516680615,-0.6119623895023238,1.2958789788962155,-1.2958789788962226,-0.529520302340877,-0.6937103296640114,1.2036645
0.6467514402264638,1.0924743709019604,-0.006899764296244,-0.2108980750574809,-0.8434560171394292,0.8191104902491206,1.0247266125987136,1,-1.024726612598717,1,892,1,2,0.4379966358415927,-0.3379891511897032,-1.21675331860778,1.21675331860778,-0.0996081472712799,1.3070235480009005,-1.3070235480008972,0.0594877627551595,1.8325200915146485,0.6704845
0.0080877102252105,0.299472344259803,0.0023344488559455,-0.4504034977324137,1.0039037974387188,1.1344944685828982,0.9697969881880204,2,-0.9697969881880228,0,893,0,2,-1.0062698169468849,-0.381633314996563,0.0396457273641158,-0.0396457273641154,0.1392162710916294,0.1066447154046674,-0.1066447154046687,-0.2372327034620729,1.7420266137139453,0.019300543
1.5706942360798266,-1.3232620237070405,1.6163615032047536,-1.3585035708298916,1.7388724131309343,0.3532905956724292,0.9369482573794272,1,-0.9369482573794128,1,893,1,2,-2.142839240802361,-0.8383195519958327,0.0238004320951327,-0.0238004320951204,1.0162545026552008,-0.7852290098519449,0.7852290098519614,-0.2230378210225664,1.4084276201864512,1.5641893
-1.2003242172988928,0.0082344610096177,-1.5031584958507371,-1.4966735750963394,1.4682434520563772,-1.0423156094080783,-1.6753610075801948,0,1.6753610075801546,0,894,2,0,-2.051049094404288,1.917138905572173,1.8748266874117905,-1.874826687411831,1.8773266494540457,-0.2659872590380975,0.2659872590380839,-1.2458017730347508,-0.6536588956641516,-1.217863
-0.8219891850275303,-1.5294461975855942,-0.3145459035500056,0.9863398214899068,0.0773650790877804,0.2814912235289079,-0.0443597047900953,2,0.0443597047901005,1,894,1,1,0.628395919669455,-0.3208521866303803,-1.1701818197458986,1.1701818197459315,-0.905244775051212,-0.5450792428137995,0.5450792428137768,-1.1802287684733308,-1.4895090355223517,-0.835319
-1.461338972307328,1.2741275483636951,1.4002551515951598,0.3394871995607713,0.8824642655539281,-0.8948084489869964,-1.4757453101818856,1,1.4757453101818618,1,894,2,1,-0.3760915214460236,-0.730496937280409,1.0273934080714082,-1.0273934080714295,0.064830147099417,0.5682684678791846,-0.5682684678791795,-0.9244820220626842,-1.828263236705968,-1.2497395
-1.485938522703154,1.013576152810197,-1.6987727328152649,1.6671659846211329,0.2721547180655897,-0.219511699957525,-0.7433168236196731,0,0.74331682361966,0,896,0,1,0.9642858578448767,3.710943207588629,-0.5253640940507613,0.5253640940507694,-1.3237781837033515,1.3310410161954032,-1.3310410161954234,0.0594859915910656,-0.9848542698303092,-1.4855158
-0.4572165212107794,-0.305606674927081,-0.1485768200294823,0.4654288894722582,-0.8409736734440505,-0.5901414740548596,-0.7007198612358244,2,0.7007198612358126,0,897,2,1,0.9038839477923858,-0.3409398854791154,-0.0303395545807133,0.0303395545807143,-0.2588090910157021,2.0602209898331822,-2.06022098983319,0.90701010589187,0.387267848331684,-0.46666166
-0.265894524643981,-1.4844369727581883,-1.1549474576767873,1.4232573470353087,0.1645284257923918,0.24473942778347,0.2402580289627605,2,-0.2402580289627676,0,898,0,1,0.8701449187567468,0.5714789161992091,-0.67501958075067,0.6750195807506738,-1.367930069159324,1.207281970816561,-1.2072819708166254,2.263810273914104,0.4164866894423682,-0.28060073
-1.0727926327324615,-0.959996204385109,0.8475562124535275,-1.0655103419308265,1.448189335998658,-1.2911711977828273,-1.7897607428989744,0,1.7897607428989737,1,898,1,0,-1.7390665491308108,-0.6974250378144157,1.4569738159779058,-1.4569738159779022,1.484649950189944,1.9844305691734567,-1.984430569173488,1.3103799631541098,0.1089449373528207,-1.1743472
0.0747847905571332,0.4273202790547018,-1.1273383708375029,-1.1555346031178182,-0.1744248638157805,-1.6518078063956598,-1.5622173844127896,2,1.562217384412814,0,898,1,0,-0.6781942179439238,0.7216187677827803,-0.1630574738817185,0.1630574738817367,1.5098482533618358,2.022932695514844,-2.0229326955148186,0.6156902985128708,-0.8498354375022354,-0.15455887
-0.4830520621971187,1.248167393077071,-0.1905152883187593,0.053289035753767,-1.0725542751151145,1.0362683506511725,0.6961444595648097,0,-0.6961444595648271,0,900,0,2,0.77922631561041,-0.2345793113176077,-1.620377051622213,1.6203770516221836,-0.2555035433610799,1.3820053131019585,-1.3820053131019712,-0.1342276186520612,0.3066831655818048,-0.4904712
-0.7201498497385415,-0.0683301236412395,-0.3055223593982771,-0.3598880614118416,-1.686245238594248,1.429926918578606,0.8884355804520969,2,-0.8884355804521094,0,900,0,2,0.9183343551964976,-0.2411335750179839,-0.1377603947094406,0.1377603947094441,0.0764806397531582,0.6744258530730884,-0.6744258530730802,-0.5177264778694763,1.174829731279041,-0.7107331
0.4749672815973469,1.5833072897189482,1.425777679540603,-1.6037446047571964,0.2782345562742052,-0.8220553572410056,-0.6733697327531863,0,0.6733697327532141,1,900,1,1,-1.3013962860460613,-0.7256721240754922,1.1209828622140328,-1.1209828622140046,1.7046128319083025,1.0812232130693884,-1.0812232130693635,-1.9242791896704208,1.4551413469941832,0.47083902
1.4878427176966864,0.4300882413353567,-1.6150424189772976,-0.6305942188858698,0.6561156084445093,-1.261956811866462,-0.4693766150852779,2,0.4693766150852748,0,903,2,0,-0.8901255671887268,2.7378534443092626,-0.1461577719880802,0.1461577719880582,0.7025421035305723,0.4933155335054351,-0.493315533505436,-1.7221873304588384,0.2522224627392613,1.5015024
-0.9132489711713498,1.2454850696814903,-0.0924510292215764,1.2117925677636092,1.587795503663229,1.1984064656531168,0.7543913639530988,0,-0.7543913639530889,0,904,1,2,-0.2611930469076404,-0.2879719141071168,-0.8779503378820507,0.8779503378820604,-1.3170994100227926,-0.5381661732343103,0.538166173234267,-0.6221647652432696,-0.3877612864030652,-0.93022555
-0.9033173837979775,-0.8464954789462891,1.2161668860008092,-1.1521458653198575,0.1317434845611979,-1.605372436896915,-1.9971048716208148,1,1.9971048716208053,1,904,2,0,-0.8877698077152464,-0.7640438075554004,1.974707547612627,-1.974707547612642,1.626639586267414,0.6610166489693574,-0.6610166489693126,-1.1822924942658986,-1.3526430676544805,-0.9126163
-0.7945860010283172,0.1358704163881128,0.500507037004031,0.0076621376816793,0.5284790974446987,-0.2052717276305745,-0.569891651471179,1,0.5698916514711753,0,905,2,1,-0.3604963713532964,-0.5692737584369522,-1.0239430669160448,1.0239430669160492,0.12862701980501,1.310344190027039,-1.310344190027024,-1.0115034635710791,-0.4124754706163455,-0.80164576
-0.1853823460017895,0.736374684443817,0.5529278113203165,-0.3325338195142681,1.4734328039866962,-1.4331473104179195,-1.40622891923469,1,1.4062289192346853,0,907,0,0,-1.249766733569802,-0.5606471755418454,0.600385480813094,-0.6003854808130951,0.6747377067481931,1.6366534319328618,-1.636653431932908,-0.4208117475663286,-0.9963859266416044,-0.32753652
0.3978629621997647,-0.0629156214605968,0.817469306453337,0.6515393740722877,-1.3467243638494,1.6542219752472946,1.7412143745897235,2,-1.7412143745897328,1,908,1,2,1.3826209432671357,-0.6588247219529996,-2.258383753020759,2.2583837530207576,-1.0803244351636965,0.6523766659309296,-0.6523766659309698,0.1749554540367171,0.7960505589561941,0.4859609
0.1020971250695152,-1.6525486470210935,0.7070877501202074,-0.5023672332012015,0.2446274451910665,0.1044528515146355,0.0897330700945588,0,-0.0897330700945693,1,908,0,1,-0.5166536991362125,-0.6915903225097437,1.1853345404627869,-1.1853345404627884,0.4281114154102683,0.9483191170813634,-0.9483191170813886,-0.6215607540481365,2.015452769618866,0.13158312
1.1176460891498874,-1.0696848695229286,0.1448276504900034,0.9107933444565394,-0.5067680173574876,-0.8038850772487814,-0.0767916333033875,0,0.0767916333033703,0,908,1,1,0.9804794195256136,-0.5051696730521795,0.1197265886274266,-0.1197265886274315,-0.8289377825145542,0.0932899810946871,-0.0932899810946943,0.3370222881838713,0.7704323845752926,1.1241398
1.3708312087865566,0.8500545044695442,-0.4899867049323507,-1.1729961965100666,0.8646716822874151,-0.7758224038982113,-0.14965098250902,1,0.1496509825090219,0,909,1,1,-1.4094915929856162,-0.057811321962509,0.0525121352454029,-0.0525121352453892,1.1366611235855122,-0.0938242922016681,0.0938242922016871,-0.2115925485804012,0.2145798099545125,1.398581
-0.2227568372391564,0.9833458664390567,-0.4525014661871537,1.7459896227761582,-1.550580240005026,-0.8753152576359889,-0.7052300153395534,1,0.7052300153395232,1,910,1,1,2.2804141546245478,-0.0781605445678976,0.3989127862799248,-0.3989127862799481,-1.4026857790824194,-0.4059475829051768,0.4059475829051602,0.754231996912271,-1.5980479843101691,-0.23533632
-0.9884858762679342,1.0510512613405496,-0.8804706167304751,-1.1440145332397478,0.8657687828214623,-1.1472607248100255,-1.6284200413333785,2,1.6284200413333456,1,912,2,0,-1.3902133422594796,0.3631214517060235,0.6627112011342602,-0.6627112011342624,1.5168592760006407,1.094399103118951,-1.0943991031189393,-0.0801054953443715,-1.2659918701873671,-1.0353054
0.7683085168079138,-1.1897964290975305,0.7284197033268621,-1.4804174931217815,1.541275042144968,-0.7592322002879833,-0.4611580825735588,1,0.4611580825735802,1,913,1,1,-2.0903596011771555,-0.6793208449015946,-0.8374014999625092,0.8374014999625486,1.5237245505507775,1.3396861619642328,-1.3396861619642193,-0.5345747250567187,-0.7007360611398782,0.5838603
0.8485769946681755,0.9540841108006808,1.0486573263770274,-1.5749586637577586,0.8904567219313926,1.0810258310535972,1.2122360471618976,2,-1.2122360471619422,1,913,2,2,-1.7052517649858407,-0.6742860048491387,-1.2006030007154251,1.2006030007153785,1.1510506253829291,0.7657400984266977,-0.7657400984267554,-1.689625591789072,0.921505046097232,0.8689315
0.3014596692431489,-0.6182497984261229,-1.2473173091647338,-0.0840426836104193,0.2032355184581812,-0.1318425644176507,0.0202036685690768,1,-0.0202036685691031,0,913,1,1,-0.198778435682902,0.8797926034518456,0.8556330336699446,-0.855633033669932,0.054465434166154,0.6901114600063264,-0.6901114600063505,-1.1836231045137842,1.3332367303415082,0.1538179
-1.3119726469521782,1.4386902550013618,0.7250238480530653,-1.385032209617476,-1.2446703286329657,-1.087063309300894,-1.7579043470973543,1,1.757904347097346,0,914,2,0,-0.0960817490654633,-0.5814476301833681,1.2762021323096997,-1.2762021323096877,1.7897019623206072,1.158820005257441,-1.1588200052574782,-2.6385105869791734,0.0675281842569379,-1.1767635
-0.3460887004539435,1.1544610354963334,-0.4743487993209442,1.283929725716115,1.586775366339584,1.6196417627009945,1.4148776615075187,1,-1.4148776615075036,1,916,0,2,-0.2106120569353762,-0.0504914768423108,-2.276566867557147,2.276566867557165,-1.5549560941307707,-0.1962236165270862,0.1962236165270096,-1.5103211652599011,0.2415732296306621,-0.3687762
-1.0459289131245668,-1.663270912361136,-1.4479815716492972,-0.7895997646633868,-1.0206178330125943,0.072126590471516,-0.5292223052315072,1,0.5292223052315015,1,918,2,1,0.1605131729705619,1.3832273804643254,1.3953183023532447,-1.3953183023532605,0.870986882126558,-0.1659176787614898,0.1659176787614485,-1.1893198693248517,-0.6511982551704246,-1.0386888
0.0385619127542454,-1.3768043670072372,0.3381603923239134,1.155990449674131,0.3056908432002319,-0.9374942857916316,-0.6960880665447033,0,0.6960880665447318,1,918,1,1,0.5876518775890684,-0.5834870112682161,0.1199713324982586,-0.1199713324982342,-0.8842619750828863,0.6837732391404806,-0.6837732391404636,0.0796663891786636,-0.0650713237074614,-0.022004046
0.5167657458460699,1.1431652299579813,-1.0092639299256223,1.424889217297764,-0.908853874595914,-0.9113753077609004,-0.4111056627576356,0,0.4111056627576307,0,919,1,1,1.614229130835058,0.5698059377882241,-0.2042758525018672,0.2042758525018434,-1.198004860973076,0.8758158900730039,-0.8758158900729778,0.780819639472584,0.1795808623167229,0.47012678
0.4542393631362199,0.4431286034534281,-1.3574555845936227,-0.4012840888249953,-0.2139553721482208,-0.2425623478855785,-0.0379576308546966,2,0.0379576308546939,0,919,0,1,-0.1293516070886951,1.3500830650942646,-0.2675436909891165,0.2675436909891183,0.3674661903894292,0.1100009566610493,-0.1100009566610448,1.2379364861301676,-0.8687199691005045,0.43657693
1.6630481733555509,1.2462235665677523,-0.3627546627694116,-0.4884108118008115,-1.4439028005470254,0.1282752524391668,0.8733272647216865,1,-0.8733272647216549,1,921,0,1,0.6617344804989911,-0.1267061738496849,-0.6537118259247883,0.6537118259248133,0.2012448231179604,0.3511289969294952,-0.3511289969294962,0.4143855175544956,1.0755947867571738,1.6567403
-1.3954455005147002,-1.3309002449080978,-1.0572621366205412,0.2918664819681605,0.1799674737212743,-0.3394146467041949,-0.9524293027367616,2,0.9524293027367684,1,921,0,1,0.0772265800238738,0.4104781550163744,1.310394832382853,-1.3103948323828718,-0.031740027948019,0.5395640429418129,-0.5395640429418312,0.916908907412244,0.2384065280161605,-1.3720213
0.8197150411197923,0.3643087026891323,-1.366239753255723,-0.2871468034693479,-1.2667387937892776,0.935071719100766,1.204545990699728,2,-1.2045459906997067,1,924,0,2,0.6782599003996579,1.370597348321062,-1.5476218516480214,1.5476218516480325,-0.0774083326806522,-0.3067028386094693,0.3067028386094821,0.2463283629537554,0.7190061406204292,0.87298596
0.189595526302998,0.4264529195792335,-0.0564667979941129,-0.7903480845880219,0.1021955760688656,0.6798323000227732,0.6159062354780241,0,-0.6159062354780395,0,924,1,2,-0.6171745662783882,-0.3479938275891207,0.4226372295716793,-0.4226372295717059,0.5576395625804432,-0.7639850561532188,0.7639850561532721,-0.7830228181397825,0.508149030073006,0.16114464
1.031957236593687,-0.6535363020640962,-1.178474435783134,0.956808467923552,-1.3802838142627225,-1.059354393536279,-0.3419373291565767,0,0.3419373291565988,0,925,1,0,1.6169094751835624,0.7127373550436112,0.6875786526864484,-0.6875786526864219,-0.7998392103692069,-0.6286365652871048,0.6286365652871215,-0.151959872362638,-0.2698340187603705,1.0860627
1.1080416242901354,-0.5676186214914288,1.5614334382121835,-1.607666738167711,-1.7010741072235325,-0.0223586088512141,0.3493287928269218,0,-0.3493287928269347,0,927,1,1,0.065897026210024,-0.8093934097248611,-0.4958258954401319,0.4958258954401071,1.4235426497013366,-0.3953236079307126,0.3953236079306989,-0.6720429392065088,0.3271440134487887,1.0810125
-0.2768743901237852,-0.4749554442220549,1.5986013725715886,1.7041608070567469,-1.0417935810873071,-0.2751801307364186,-0.1998161858833644,1,0.1998161858833418,1,927,2,1,1.8993306330881536,-0.812002984537491,0.3942956956336497,-0.3942956956336568,-1.4984141575140555,-0.7304283867736167,0.730428386773579,-0.0157941344648751,-0.9582243322029524,-0.37104425
-1.5511024872503427,-1.2816625449640555,-0.7631687246226602,1.3514256146614725,-1.4470649146171686,-1.0868808310242772,-1.5836304082948245,1,1.5836304082947923,0,928,2,0,1.935967141412372,0.0344919597697524,0.9932560844983368,-0.993256084498344,-0.8242253385258567,0.5110211902233314,-0.5110211902233674,0.7455989914428672,-1.3257782879920297,-1.526254
-0.3183974198425822,1.535103432396071,-0.147113995092841,0.8473141071763833,1.1328981417519144,0.7643090612710831,0.6177383125758341,0,-0.6177383125758501,1,930,0,2,-0.1983263922430789,-0.243499767154659,-1.5794786676978108,1.5794786676978232,-0.9565792589309372,0.5102054486730873,-0.5102054486731115,1.5065691637534806,-0.0058802671381689,-0.3011718
-1.2720882166487666,0.5200185207104134,-0.3463578062249534,0.5527015348248286,0.1900574082503152,1.5782791719336853,0.848905394197238,0,-0.8489053941972254,0,931,2,2,0.2505813663678898,-0.1809979552668758,-0.1656578651559701,0.1656578651559907,-0.7529137924264172,-0.0200232684592232,0.0200232684592041,1.3187933672195555,0.5634419075075066,-1.3603058
-1.4004110166039785,0.569829422326319,-1.198713024310364,1.5322874228741403,-0.8840754173043748,1.194769651527423,0.5477361304667033,1,-0.5477361304667181,0,931,0,2,1.6713324028323373,0.8984486624502703,0.2163478057429604,-0.2163478057429801,-1.5443153667104712,-0.1083651343020447,0.1083651343019903,2.7778314221929707,1.2200504193214077,-1.3753988
0.0701759000828729,-0.8466659921033118,-0.2578609504391783,1.2157205214352915,-1.71974480487141,1.223261425328828,1.2563499052270135,1,-1.256349905227014,0,931,2,2,2.030881080059216,-0.3131505905396146,-0.5082746072280305,0.5082746072280411,-1.4531341778038644,-0.7567304165338704,0.7567304165338357,2.550868566127799,1.7433377353911588,0.06796873
-0.8837383045718326,-0.3111290801207433,0.4130671601423975,-1.688506135079449,-0.911780662852684,-1.1584434687390393,-1.6451925859238576,0,1.6451925859238306,1,932,0,0,-0.536314542768566,-0.5614402093747342,2.082381053335136,-2.082381053335156,2.059946378660485,-0.729319547047979,0.729319547047912,1.1383077834180757,-1.282686830988296,-0.887155
-0.9723675910468712,-1.5045852673124875,-1.568015917892411,1.171086130061154,1.2279735683338655,1.2843147326621247,0.7980134231828585,2,-0.7980134231828698,1,932,0,2,-0.0402814808767913,2.013059315847834,-1.7530216097637457,1.753021609763758,-1.292639976192647,-0.8095879475289304,0.8095879475289117,1.288754470948019,-0.7154210142234079,-0.99388283
-1.1442258911939187,0.1205980229872634,-0.0897328967873881,-0.2486228409357705,0.5186854643280168,-0.8308732617869145,-1.3265219620444295,0,1.3265219620444293,1,933,1,1,-0.5309103722145752,-0.3476693451366186,1.5247991347168286,-1.5247991347168215,0.5737400133637579,0.1590320336772885,-0.1590320336773338,0.916404207648445,-1.3101947771386464,-1.159508
-0.3125225408172044,0.8978306570908514,-1.6876212345239312,1.1635472628603336,1.1355339538214946,0.2847398206736499,0.2256859341340177,0,-0.2256859341340577,1,934,1,1,0.018489542809008,3.5497672759122763,-1.1136395069433271,1.1136395069432994,-1.1346755621478704,0.3024265047563804,-0.3024265047564137,0.7450622394973488,-0.5437034462150735,-0.33662143
-0.7469792709959616,0.3533985578800794,0.1731372097975344,0.9153025757520136,-0.5318521995200134,-0.134583941878455,-0.3871171778324608,2,0.3871171778324441,1,935,1,1,1.000959408688315,-0.4501395559091846,0.439976904732088,-0.4399769047320715,-0.7505713320044454,1.0341884965042198,-1.0341884965042585,0.6054674579597101,0.602981396676847,-0.8773122
1.6999927694349335,-1.4145708392525411,0.1352674272712169,0.1302704075362233,1.1738987114374548,-0.9717224741341411,-0.02582242312807,1,0.0258224231280581,0,936,2,1,-0.7224621172297421,-0.5177388007464487,-0.2590377545673035,0.2590377545673072,-0.1318704058656546,0.313155779804761,-0.3131557798048193,1.4505957792880555,-0.2219548955673758,1.6729017
1.5652070935555784,0.0390034585615887,1.6948871523079452,1.7118907544291695,-0.5719167423799444,-0.9930221740057026,0.0574488428381237,0,-0.0574488428381388,0,939,2,1,1.579443483926071,-0.8109862494814631,-0.059527519603187,0.0595275196031848,-1.572480197607643,0.6428958871162965,-0.6428958871163324,1.7018906985096522,0.7810924965200736,1.5555148
-0.8488158983928882,-1.234894765951572,-0.1318649433132956,-0.8938465726889544,0.0922274298346229,0.3294242301664268,-0.2143188632922579,1,0.2143188632922538,0,939,0,1,-0.6818327691784848,-0.3984814946067044,0.1952491867315512,-0.1952491867315434,0.8846609757505964,0.1476818587002697,-0.1476818587003062,1.4020755004790235,-0.1370928246018546,-0.8441233
-1.641894717009923,1.0226304640547024,-0.9792941362723846,1.7714692592355985,-1.2263336123716493,-0.1903662114481424,-0.7822104912817408,1,0.7822104912817388,1,940,1,1,2.0735988613016727,0.5083441213946469,0.4077483302274368,-0.4077483302274354,-1.4048020154182526,0.5964528157460031,-0.5964528157460448,1.684557753937342,-0.3060682112805087,-1.6019003
0.0450723000478212,-0.935836538596694,0.7041324158851967,1.5252479052921426,1.6122796174578178,-0.1709970566892963,0.0311902994523675,0,-0.0311902994523721,1,940,0,1,-0.0614202617613079,-0.6642482506629185,-0.5834699882838068,0.5834699882838053,-1.4025200216113716,0.4101993057754365,-0.4101993057754506,1.9679801867530684,-0.2273569186017517,0.020259542
0.042400378434828,-0.9487026789131854,-1.5635725465199757,0.409915309223082,0.2175326180361695,-0.2737580398166912,-0.1804015404162945,2,0.1804015404162917,0,940,2,1,0.1328431052860665,2.0922145836015376,0.152066859685967,-0.1520668596859658,-0.3474163335117919,0.4790264358806706,-0.4790264358807155,2.0979223873439987,-0.07324891869587,0.04562345
0.3866401939912638,-0.3325269296844791,-0.5406133985335758,-0.3404270258979405,-1.011771279549338,1.5522856885369416,1.5392955504666863,2,-1.539295550466704,0,941,0,2,0.4649433189990426,-0.0956530036417356,-1.2338301021376576,1.233830102137648,-0.1187141429692186,-0.1807732701289988,0.1807732701289868,1.1442747896980954,1.2764743108276344,0.3850845
0.3423873531974657,-1.272628528221735,-0.3643426609720619,-1.5333935200699436,0.538462753773903,0.0017417565503958,0.0055634008129643,0,-0.0055634008130058,0,942,2,1,-1.4328767071515096,-0.2766604690278371,1.1008375015404055,-1.100837501540424,1.446101820212518,-0.2786769550827235,0.2786769550827055,0.8470974150254259,0.9575269851198724,0.31472012
0.5315766791263551,1.5791336192642995,-1.457468353499482,0.4397666112285023,0.7255892465801317,-1.591639289077545,-1.1163573749512443,1,1.1163573749512428,1,943,2,0,-0.1981762206013683,1.941890333825019,0.8053208013563102,-0.8053208013562821,-0.1239356734246026,-0.1298963730736329,0.1298963730736387,0.2282970307846165,-0.6576954014732795,0.52697575
0.3600397668644405,0.475249005718063,-0.4950533429537853,-1.473477894361379,-1.3444988509528033,0.0262245240837397,0.0424075217373142,0,-0.0424075217373307,1,944,1,1,-0.0881345343386548,-0.0781140450234342,-0.8313039905109803,0.8313039905109703,1.376946798947217,-0.1348908977621585,0.1348908977621598,-1.1651166414306935,-0.6890818509825982,0.3714968
1.4712737220357714,0.0797306126907656,1.1896801186980404,-1.4167706741156196,-1.1659037812485873,-0.4748256290181661,0.1423597131767604,1,-0.1423597131767537,0,944,0,1,-0.1725447186912101,-0.7300958713269295,-0.0714977864885011,0.0714977864885178,1.2935767736436308,-0.2786019706657666,0.2786019706657942,-2.0139202313829028,-0.8592246942091343,1.4889241
1.5294060205916522,1.111750295120795,-1.1681126395001078,0.1879670144315048,1.4087795055707797,-1.0294169569743024,-0.1543912309166376,2,0.1543912309166427,0,944,1,1,-0.8451471688220785,0.886324434402055,0.2131772103628821,-0.2131772103628833,-0.1505020585239682,0.4755205945606464,-0.4755205945606648,-1.768392120677613,0.2903699511309315,1.4343785
-1.3001239167738712,-0.1628883851563052,-1.4668648195644702,0.1966873004198945,-1.6992674640121268,0.4660581390033291,-0.1963700640365129,0,0.1963700640365054,1,945,1,2,1.312158337507864,1.7065145644028696,0.0303522125422869,-0.0303522125422959,-0.1472457247082053,0.5654324862936526,-0.565432486293668,-0.9644779149884632,0.5094645939991167,-1.3237001
1.0820348869689516,0.1738304966969075,1.1713336172962978,1.0670701571623933,-0.668508540217758,0.180266784869562,0.8018128173285147,1,-0.8018128173285239,0,945,1,1,1.2004784706307,-0.7237337076009019,-0.7160700016361008,0.7160700016360999,-1.2014592904828765,-0.2886424476568688,0.2886424476569198,-0.6729896643339938,0.3654182441884553,1.0751824
1.5044032340059696,1.670465442550633,-0.6973669500703956,-0.6233562620814881,-0.6043635315422257,-0.681119188656203,0.0584556324207798,2,-0.0584556324208127,1,947,0,1,-0.0126637780130223,0.1896722146921136,0.5336627795703507,-0.533662779570368,0.5513417070205537,-0.2957879497230302,0.2957879497229903,-0.2779648489268422,0.2435841122756311,1.4937371
-0.3601437450404927,-0.0872984017858334,1.4016547152328316,-1.3095357434492876,-1.5072167665196832,1.6199320898835794,1.1328094934967952,1,-1.1328094934967956,1,947,2,2,0.1378407681447257,-0.771340466687099,-0.7707304554292332,0.770730455429257,0.914406892189705,-0.7367907002155306,0.7367907002155458,-0.2281361454999422,0.8783874643493245,-0.35610265
0.2727243700468954,-0.624363201918215,1.5679284132426932,-0.6650448602279794,1.7373160540679629,0.8267317391923702,0.8009918697576686,1,-0.8009918697576699,0,947,0,2,-1.662311773740345,-0.8119302647464837,0.2383411327612483,-0.2383411327612491,0.3878251805764796,-1.16217983507444,1.162179835074393,-0.6245039657420834,0.7217710478270483,0.1789206
-1.3663761066019071,1.2369857618800522,-0.1666068948562704,-1.5716095932170853,0.2114878445746925,0.0955872946767601,-0.7475141692193559,0,0.7475141692193374,0,948,1,1,-1.2329788383395717,-0.2486600171059363,1.1114392753099702,-1.111439275309983,1.6934362971962622,-0.916780147848628,0.9167801478486004,-1.4461759800403975,-0.7345211474491008,-1.263497
-0.850725001839578,0.68878301713223,0.5595974135268076,1.0439039968366317,0.7203707864307436,-0.7711384863243953,-0.9928000509557112,2,0.9928000509556936,1,948,2,1,0.2231301744405677,-0.5644377330412439,0.1762457743540164,-0.1762457743540159,-0.7054214576466393,-0.1177197343798085,0.1177197343797321,-1.456940566964074,-1.240513784810375,-0.8295907
1.4120160924515754,-1.1621480516002691,-1.4824478832137744,-1.381046086849439,0.0853129538773805,1.6200292616526044,1.989072052666,0,-1.9890720526660253,0,948,2,2,-1.013891549525665,1.6153426771354056,-2.139569521854356,2.139569521854352,0.7463269750392599,-0.9773364139847828,0.977336413984755,-1.809015225224619,-0.0269256556957114,1.4305942
-1.435207031715583,-0.8895455567105447,0.5870704843987574,1.133470027100707,0.0614027952372637,-0.0494428246723276,-0.6233182819250156,2,0.6233182819250329,1,949,2,1,0.7411687377214876,-0.6335241600033442,1.8748848631483104,-1.8748848631482808,-0.8834043960526725,-0.1954116818422234,0.1954116818422041,-0.6738271922345452,-0.036495859909427,-1.4434576
0.042685650631741,-1.6983278036798406,-1.244636503405528,-1.5183359612501637,1.7449718603382047,1.706139279051135,1.3840026776257277,2,-1.3840026776257424,0,949,2,2,-2.2575675239947883,0.7424317373103713,-1.4402295897479818,1.4402295897479591,1.047872781243752,-0.4550001788517401,0.455000178851738,-1.0703247601953598,1.43930275995144,0.048906304
-0.3786556706891325,-1.226286267849387,-0.6831102416976768,-0.5767980508974315,0.1833906015573018,-1.1551573461908369,-1.2779879064753843,1,1.2779879064753852,1,949,0,0,-0.5257284975730332,-0.0379751846436373,1.91047810557162,-1.91047810557161,0.8721808446352002,-0.2188040769975099,0.2188040769975052,-0.6080670891185425,-0.3672713062004575,-0.24809484
-1.0400637768018173,-1.3376451006276606,0.8129717745892214,-1.625317908728162,0.617120090567131,-1.5300132123704255,-2.0466816554686784,2,2.0466816554686798,0,949,0,0,-1.550876013457812,-0.7034617873501741,0.5518443507636326,-0.551844350763633,2.1087783662440125,0.2504420125251657,-0.2504420125251258,-1.8483706533258208,-2.715936799927886,-1.2009683
1.407238907668051,-0.4812832480530181,1.647277707896142,0.3578367075932864,0.8656960877751967,1.6914156391901034,2.235232468195031,0,-2.2352324681950293,1,952,0,2,-0.3517985414105113,-0.8189017956810101,-3.072482384932802,3.072482384932804,-0.9479549826663274,0.1408378483688832,-0.1408378483689021,-1.04036644686039,0.7095456788182634,1.3897583
0.6601232593541279,-0.050470000230602,-0.249457689611792,0.5992535559903842,-0.3359718725432163,0.9801597203668704,1.261199369867564,1,-1.261199369867565,1,953,0,2,0.6468651754800527,-0.2729438607096169,0.699196295806008,-0.6991962958060103,-0.9051416593540674,-0.6982531225269439,0.698253122526927,-1.2886000582341772,1.0147482197144988,0.630279
1.1192647385676615,-0.5510050192017433,-0.8082263498722888,0.909370284060644,-0.7798123050377678,-0.910157653805584,-0.1711108088592179,0,0.1711108088592204,0,953,0,1,1.1684867955923464,0.1404334980132057,1.0280568838235808,-1.028056883823579,-0.802609541917932,-0.0058310144152409,0.0058310144152688,-0.16052123397841,1.7158646757452167,1.1236559
1.4625678416646373,1.5394861131667177,-1.187945882588625,-0.5447040783491379,-1.3071785785419665,0.0164536337089486,0.6697161804858011,1,-0.6697161804858058,1,957,0,1,0.5281783918372308,0.9824514957035247,-0.6031510855676013,0.6031510855675964,0.3098591046788099,-0.8730560636427869,0.8730560636428327,-0.1456081731878364,0.9397346477660732,1.4648712
-1.4262755441622694,1.0300806796557598,-1.2795748788744392,1.6432742005025154,-0.264124997267352,-0.5849684092256797,-1.043318055803374,0,1.043318055803342,0,957,2,1,1.318960521042688,1.1730582961888931,1.2295050526043432,-1.2295050526043636,-1.2242329600759398,-1.3198087572054988,1.3198087572054826,1.3732038950657357,-2.225224402400793,-1.4510087
1.4908390218943135,-1.1019640864851412,-1.1728071847263617,-0.4988937181555926,1.6093365108583235,1.6707094136625722,2.1664770587251363,0,-2.1664770587251323,0,958,2,2,-1.4588538277989436,0.6503548261911746,-2.303127549509196,2.3031275495092225,-0.1415771860346436,-1.289195065032578,1.2891950650325514,0.9751081809530042,0.2902269627157762,1.4866114
-1.0818478876786417,0.112887446458487,1.151814807156695,-1.064196024866858,1.7492925528302492,1.1008149578672437,0.3432593293059711,1,-0.3432593293059373,1,958,0,2,-1.9465704733132356,-0.7220576632534943,1.3085729569145568,-1.308572956914536,0.895269886448608,-0.8804776411727493,0.8804776411727511,0.2021554190582297,0.7839130798505642,-1.0957748
0.3189658570214164,0.4439484553208356,1.5771972163771204,0.3020203322589239,1.3318598411014664,-0.7916773688317782,-0.5198335566404994,0,0.5198335566404818,1,958,2,1,-0.7130509019422362,-0.7828888488295567,0.619585368184154,-0.6195853681841913,-0.15731773110545,-0.7252070822947521,0.7252070822947673,-0.0800610232579072,-0.3103728580117465,0.33300295
-1.3095088209404595,-0.5372210143575517,-0.3663500670648533,-0.1983343315117342,-1.6264651701954702,-1.5863749599764372,-2.076799149883388,0,2.076799149883348,1,959,2,0,0.9886533645789936,-0.2312965281299872,1.1175098690822198,-1.1175098690822365,0.72978053025487,0.4976926941799056,-0.4976926941799255,0.0808861166709103,-1.4801595073492049,-1.3324654
-0.0639757675593009,0.9373399352711766,-0.5311353684228274,0.7538819003299602,-0.8283427373752899,-0.1576927918773062,-0.0920075721838855,2,0.0920075721838966,0,959,2,1,1.0945747176363632,-0.0188752322365848,-1.4240624583766224,1.4240624583766597,-0.6836500632586,0.0741169125658577,-0.0741169125658004,-0.3323865443928808,-2.1594194650809198,-0.100111514
1.120537005392771,1.5444814571054442,1.62005419480498,0.0828382078831661,1.6455602349088778,-0.1784821418807836,0.3954840957573152,2,-0.3954840957572998,1,960,0,1,-1.0817231003573349,-0.7582828911606851,-0.3495969225206691,0.3495969225206724,-0.2016564201813323,0.862660444292818,-0.8626604442927773,-0.0620739938421731,0.1639175213550577,1.0553497
-1.1268668444040952,-0.9675835275171027,-1.033942366147285,-0.8673175543842976,0.0215344750527101,1.2683147924848452,0.4918938390806056,2,-0.4918938390805827,1,960,2,2,-0.6145598024020129,0.4081180914313171,-0.0689557183373284,0.0689557183373337,0.6651909525830692,0.7964801806074013,-0.7964801806073782,0.0294092463283468,1.3967579547799285,-1.1072866
-0.3457669945615649,-0.421801008310007,1.6388038161968614,0.3243534877905812,0.8878030178656885,0.9457581125235164,0.7109782269508331,0,-0.71097822695082,1,962,1,2,-0.3902501029464291,-0.8160825849614726,-0.1569872989378796,0.1569872989378727,-0.5083588614952882,0.2484550382049123,-0.248455038204865,0.0397867620935824,1.9142597521675484,-0.37785304
1.7021728032513408,-0.9023819131603574,0.6378586297268966,-1.4644523242409793,-1.0388762470582504,-1.3302140527301851,-0.5144711250197983,2,0.5144711250198019,1,964,2,0,-0.2934351319200686,-0.6468991230752865,0.8796131234121798,-0.8796131234121871,1.522817813517105,-0.4471793794369851,0.4471793794370021,-0.5485384932233849,-0.1663283560146163,1.682119
1.230827393192399,-1.115818922165468,0.8194381685530032,-0.8168856369984296,-0.2358335373533102,-1.2210648509130149,-0.577898816006971,1,0.5778988160069475,1,964,0,0,-0.4015509727826933,-0.6969164517100657,0.0457439576507128,-0.0457439576507323,0.9105348380531584,-0.2308338572066827,0.2308338572066986,-1.278424821155819,-0.9202228731410064,1.2395065
1.5038787144639991,-1.2823168349237486,-0.5681370205255645,0.6531190950782352,0.9816283790598233,-1.2254774470239795,-0.2926097627721645,1,0.2926097627721867,0,966,0,0,-0.2278874292186222,-0.1380992677114099,-0.2044959047846146,0.2044959047846475,-0.5389756636642833,0.0755433970853127,-0.0755433970852716,-1.0134332086140825,-0.8905963064049912,1.4923733
-1.085836223178868,1.2369899560977722,-1.453300602146814,0.4959602888585575,1.1385434262404042,-1.408540083642633,-1.7351312545917363,2,1.7351312545917652,0,967,2,0,-0.445156263854036,1.8667214680694348,1.0353845433809852,-1.035384543380981,-0.0098833895955553,1.0671375306193285,-1.0671375306193285,-0.3799608231021175,-1.4543686202370187,-1.0795909
-0.5457647268330907,-0.3062435876321718,-0.1324286830483666,-1.004876441403142,0.4577613577409403,1.1728345529467314,0.6752046174155999,2,-0.6752046174156435,0,967,0,2,-1.0116068873652109,-0.3490521600961779,-1.7294339308746505,1.7294339308745992,0.7466801378166873,1.0830659103449485,-1.083065910344938,-0.9976122125923886,0.3784942938021648,-0.5347024
1.192063609327808,-0.0724054020337978,1.0395921459634527,-1.1276004787747669,1.1025207503039312,0.1046283085788901,0.5547402675596242,1,-0.5547402675596186,1,969,1,1,-1.5427358832604336,-0.7065287479841638,0.086673582928576,-0.0866735829285407,0.8981462413905328,0.6069941555173716,-0.6069941555174089,-0.8410877424198195,1.0040103495954005,1.1516668
1.435193140541917,0.4070419805530036,-1.3342457781068888,-0.3030390718802,0.437039715914554,0.5819791109540525,1.187352893991276,0,-1.1873528939912712,1,970,1,2,-0.5120209943163648,1.265177872118459,-0.4537360247887996,0.4537360247887992,-0.0579175948046906,-0.1789930544240559,0.178993054424088,-0.6023193864269696,1.6313089746172325,1.482274
-1.5921908591011709,0.138934900401742,-0.0304931734519705,0.7626806686455089,-1.2898593938804404,1.4822446515421053,0.6293784818776437,2,-0.6293784818776392,1,972,1,2,1.4201030384107716,-0.3747393561085194,0.4006317154458543,-0.4006317154458548,-0.8837152736907816,-0.5895129615323624,0.5895129615323397,-0.5514095651369714,1.6286248855730427,-1.584897
-0.7247137857912573,1.2336401004385915,1.1215531871777171,-0.1258254583118435,0.9966827619534604,-1.2702864467171144,-1.5016290232365055,1,1.5016290232364975,1,977,0,0,-0.7768617659828647,-0.6800350526493377,1.5294435414365606,-1.5294435414365704,0.5055254208750036,-0.6934810054654065,0.6934810054654027,-0.8403338680512178,-1.332645344973548,-0.7212639
-1.08551960355859,0.7689676886230439,-0.3711495807756949,-1.693969756720565,-1.5830932455042686,1.5928286055759002,0.7142007470332677,1,-0.7142007470332521,0,979,0,2,-0.0754340278110007,-0.1496288045553785,-1.589855946885759,1.5898559468857767,1.406896559601188,-0.7108442284794961,0.7108442284794937,-1.160533883373196,-0.7388582058699582,-1.0668831
0.020924235710009,1.2522539187552837,0.6928539898633651,-1.5359105623763551,-1.720333220075484,0.1353282319705528,-0.0320263029626385,1,0.0320263029626339,0,979,0,1,0.1288389605441419,-0.5798140378643595,0.5357222007388844,-0.5357222007388994,1.4590389401742418,-0.4495834592421718,0.4495834592421185,-1.350262751901144,-0.7338425556081891,0.026372863
1.2870499630281689,-1.673669450423098,0.0276281122268415,1.1405739443117289,0.458988366491036,0.7235978943752741,1.3950258416358323,0,-1.3950258416358388,1,980,0,2,0.4708861279800956,-0.4895041629925058,-1.0238274787648267,1.023827478764826,-1.4235219168108737,-0.5420508845814842,0.5420508845814968,-0.6794611353004434,0.9317857440685972,1.2305236
0.620965998443101,0.1479546650604938,-0.3265173293404362,-0.0203846095488785,0.5416520463089048,-1.5539015161841798,-1.0879455108820142,0,1.0879455108819989,0,981,1,0,-0.3890054368151277,-0.2156193426184199,1.782013531882628,-1.7820135318826356,0.2947628605018857,0.2225962679971836,-0.2225962679971555,-1.043326969582195,0.4674777141284305,0.5230471
0.6872849106134793,0.9342027653097662,-0.7680120549733304,0.607112718309,0.3091017820962884,1.3380873829068467,1.5950895931346492,2,-1.5950895931346545,0,981,1,2,0.2058025385811419,0.2122126584152213,-1.9251234681134703,1.9251234681134783,-1.0014056148154675,-1.1562332844511058,1.1562332844511336,-0.7027536246267988,0.2179107404439026,0.7196197
0.1479651792998031,-0.0656177729228633,1.3345850114309978,-0.5177910425238483,0.9904923716862502,-0.2363664286464054,-0.1940784010824411,1,0.1940784010824699,0,984,1,1,-1.0435779733670367,-0.7597868710255067,1.2841387959684354,-1.2841387959684116,0.5201351087495705,-0.751817421584599,0.7518174215846332,-0.1562203265440955,-0.0402304556101839,0.15890028
-0.4378989139433847,-0.5778236729950799,-1.5746954945289569,-1.2981889013835397,-0.2811238549862265,-0.3027915047756081,-0.6218813510061472,0,0.6218813510061163,1,985,0,1,-0.7029707932921917,2.2354854937238304,0.3072204028800923,-0.3072204028801352,1.389385363363632,-0.4891814921839109,0.4891814921838971,-0.0457585388583432,-0.9783323970011288,-0.37670007
-0.5899254665249007,1.2159489720252257,1.5995689717856858,-1.494166695679281,0.7106776033581796,-1.5299772691603388,-1.813315999731211,1,1.8133159997311927,1,985,2,0,-1.52495650229238,-0.7643967956165305,0.8552041014710732,-0.8552041014710646,1.9131934120814915,0.939348863091682,-0.939348863091697,-1.2700397422044347,-1.1424943115191817,-0.7430836
0.484879788644026,0.0827006975375958,0.0104960044424382,1.0245058002288212,-0.2906391637745837,-1.5539516609229211,-1.0433324437386942,2,1.0433324437386853,1,985,0,0,0.9095025562002372,-0.3959881071576066,-0.5523136901447435,0.5523136901447506,-0.6746118104573435,0.919484670369308,-0.91948467036932,-0.7845119946794263,-2.146683134480241,0.49926516
0.1795928084463583,0.7894878318860764,0.977088852253943,-0.7786837260181639,-1.364870771518176,-1.597478876806403,-1.4225596212458915,0,1.4225596212458955,0,986,2,0,0.4063396976745921,-0.6646504202720313,0.2723623273543482,-0.2723623273543393,1.105470176812422,2.263108173555423,-2.263108173555428,-1.4284480666790538,-0.8969819689948413,0.18108046
1.6124241849575225,0.3626931683832808,1.54381539579793,-0.2885562374197867,-1.5732749020773065,-1.6668142197864606,-0.7340723035283632,1,0.734072303528375,1,987,0,0,0.8894585104253888,-0.7802115028269933,-0.4938318197073666,0.4938318197073727,0.4505238593605941,2.50354317688378,-2.5035431768838268,-1.321929854304813,0.0501035015856858,1.5995818
-0.8632921927027786,-0.8914364030615668,-0.3200840922818209,0.5065175582439609,0.6619706198931103,1.4471242469364305,0.9260618238413896,2,-0.9260618238413888,0,987,1,2,-0.1079908175230787,-0.2804146366731471,-1.1910875953817828,1.1910875953817752,-0.7317329332528045,1.814313686123188,-1.81431368612321,-0.4833394585204449,1.7987227150932197,-0.9167928
0.0239457600564099,0.5855247386860987,0.7153750566138627,0.3285320590926582,-1.3942557691520403,0.2880366319128995,0.303935294638179,0,-0.3039352946382156,0,987,0,1,1.1921965111561563,-0.6105113633194581,0.446667408372622,-0.446667408372649,-0.4028853748126972,0.8715968893168966,-0.871596889316894,0.3636113915781201,1.5670333470137912,0.015696278
0.4159857191412026,0.9679412431555,-1.7238930629449178,0.0965021772800156,1.7037775445474288,-1.1899098887495958,-0.8502048269430256,2,0.8502048269430318,1,988,2,0,-1.1125718641965157,4.025195271437541,0.8284414710648786,-0.8284414710648483,0.1216585407219321,0.7856058457573918,-0.7856058457574304,-0.0676027381804657,0.6772896582015658,0.42196953
1.2952833821531755,0.6457965069387607,-0.6096145326744915,1.5938099192544697,1.5975257664225098,-1.34572527351136,-0.4018059035249838,0,0.4018059035249749,0,988,2,0,-0.0038051154109707,0.0293473652759005,-0.3215438875753075,0.3215438875752969,-1.349000448561364,0.3311101145907744,-0.3311101145907608,1.0348205253766078,-0.3474538393888426,1.1604258
1.7216551222359648,0.5498356798712317,1.2651530782884848,1.0911129101460233,-0.0359399602396839,-0.3088802916230678,0.6790609994470461,2,-0.6790609994470422,1,989,0,1,0.7792605568080452,-0.7289415676288125,-0.7754042278680526,0.7754042278680622,-1.19030593053092,-0.2980946021021491,0.2980946021021121,1.6759094350641746,-0.3748291579262945,1.4322505
-1.2080348333820647,0.1172744566512594,0.0352771438277831,0.6801534460363361,-0.657074905811576,1.4349245765370966,0.765573067615753,2,-0.7655730676157952,0,989,2,2,0.9250542970878334,-0.4050944041884457,-0.0618531260180934,0.0618531260180604,-0.8457432323851691,-0.2266361755116087,0.2266361755115512,1.756592577239124,0.7612188398791712,-1.2474731
0.9769849500583354,0.9225676986021416,1.254142793253257,1.1325315688347333,0.4581216377570808,-0.1490038338104141,0.4633527348494214,2,-0.4633527348494066,1,990,1,1,0.4659256303006228,-0.7153678319399224,0.2171020550737054,-0.2171020550736646,-1.1699930312042903,-0.2976175932538135,0.2976175932538263,2.1301858912588494,1.1786350681548772,0.96175057
-1.5241479768821646,-1.0657283602134815,0.4274508260994352,1.2648065371951338,0.196836245417357,-1.3570331320973237,-1.8210803442372128,2,1.8210803442372447,1,990,1,0,0.7382313697161987,-0.596940868635313,1.6395420530827682,-1.6395420530827574,-0.6843355521039025,0.1346696180920213,-0.1346696180919845,2.673060224284757,-0.9516783651234884,-1.2862848
0.2757676796567231,-0.204814389056839,0.5333300667895665,1.46756223492568,0.789344670791643,0.4493428494182238,0.6917944211709564,2,-0.6917944211709987,0,991,2,2,0.4683019189962494,-0.5922243748993083,-1.803016054486608,1.803016054486556,-1.52554205008834,-0.3522614315313779,0.352261431531376,2.614396891528697,-0.7983080881009854,0.26896548
0.8835988445405717,0.7657523776370095,-0.650736843203674,-1.10094723642315,1.2718360726923923,-1.0585405826836742,-0.6320958805523207,2,0.6320958805522932,0,992,0,0,-1.6415019769257282,0.076244387257243,0.9502545541214414,-0.9502545541214312,1.19986401378797,0.2315377694943274,-0.2315377694943653,1.5958154063856735,-0.8000840799266925,0.8951888
-0.8279953866164527,-1.4002515298195568,0.4423522018233733,0.1434623051890561,0.9085960040443996,1.5301370189636396,0.978876103333861,2,-0.9788761033338694,0,992,0,2,-0.5297085482661158,-0.6149488784707144,-1.1558087387561495,1.1558087387561635,-0.4147540413578578,0.1365635190990179,-0.1365635190990544,1.3464318937284536,0.6888962332145923,-0.83471745
1.713231396997875,-0.9278295829928412,-0.4400693816975338,-0.5844246635798235,-1.0773092410855514,-1.24204822040641,-0.3368266294871688,1,0.3368266294871956,0,995,2,0,0.3416088436167335,-0.2072788372555937,0.9443791376129952,-0.9443791376129704,0.6223603244404756,0.4928474090765626,-0.4928474090765928,0.5486162718005766,1.0110079366789126,1.6860971
-0.5531156817526687,-0.0350990079460651,-0.1826186596226682,1.29011595988534,0.9479772452478774,0.7024199645652858,0.4950688118755049,0,-0.4950688118754999,1,996,2,2,0.2358177277728394,-0.3087728926227991,-0.5967417881207007,0.5967417881206853,-1.3178026533542793,-0.5384296618989084,0.5384296618988534,0.5603767654130594,-0.0321871409329665,-0.5295749
0.8808975573214542,0.0986508977456539,0.6354396754821277,1.3280922434341178,0.0225837159667055,-0.539938669721728,0.0879818172141765,1,-0.0879818172141732,0,997,0,1,0.9025976804528846,-0.6081139590290946,0.2923545902084746,-0.2923545902084759,-1.2439935393815449,-0.2695790604670647,0.2695790604670761,0.4955694419056726,0.2958258790115352,1.035968
-1.210440087686233,-1.4999782428193584,-0.6629905616160584,-0.3345697551424418,-0.579985743849593,0.9226230792542758,0.1988641229824424,0,-0.1988641229824364,1,997,2,2,0.1701268267053948,-0.0757302626344109,-0.0793412593109901,0.0793412593109921,0.2402673182241494,-0.6395681849936227,0.639568184993638,0.8516809812194236,-0.3547578428258243,-1.207513
-0.7927517224712991,1.2976152634549418,1.231320062242094,0.8643734567839593,-0.2892380029608555,0.4321570731982282,0.0915591217385018,2,-0.091559121738501,0,998,2,2,0.7978188705086432,-0.6994083587653016,0.077230406938345,-0.0772304069383489,-0.8319926727146596,-0.2444858322913165,0.2444858322913484,1.186665745481927,0.1727175677020404,-0.76862097
1.3898866395754417,1.536188241479988,0.0096412034211074,-0.8479784015266005,0.109412800320767,1.474405974285117,1.904790435239748,0,-1.904790435239752,1,998,0,2,-0.6620150725675842,-0.3238155961637075,-1.300950455228856,1.3009504552288536,0.2587602696563523,-1.2425771143917137,1.2425771143916826,1.0642006031668387,0.8764568947936333,1.2545348
1.3138527794882346,-0.6123210795451921,-0.458216004010036,-1.1432178587348163,1.084856398610195,0.6289088058822693,1.0808994321616807,2,-1.0808994321616865,1,999,0,2,-1.541306961047203,-0.174950566998726,0.591454015334805,-0.5914540153348068,0.7679503840408589,-1.50342114707498,1.5034211470749783,-0.0664931776119769,1.1466799672775336,1.3277762
